expiry,T_years,strike,moneyness,market_call,bs_call,pinn_call,iv,bs_err,pinn_err
Wed May 13 2026,0.0055,660.0,0.8922,64.22,79.9071,67.9197,0.4466,15.6871,3.6997
Wed May 13 2026,0.0055,670.0,0.9057,65.61,69.9083,60.7859,0.3603,4.2983,-4.8241
Wed May 13 2026,0.0055,673.0,0.9098,62.83,66.9087,59.7604,0.3204,4.0787,-3.0696
Wed May 13 2026,0.0055,674.0,0.9111,63.56,65.9088,60.5014,0.2898,2.3488,-3.0586
Wed May 13 2026,0.0055,676.0,0.9138,61.02,63.9117,54.2833,0.3697,2.8917,-6.7367
Wed May 13 2026,0.0055,679.0,0.9179,57.99,60.915,51.1037,0.3729,2.925,-6.8863
Wed May 13 2026,0.0055,680.0,0.9192,56.92,59.9151,50.3816,0.3663,2.9951,-6.5384
Wed May 13 2026,0.0055,682.0,0.9219,54.85,57.9124,50.2858,0.3274,3.0624,-4.5642
Wed May 13 2026,0.0055,685.0,0.926,52.71,54.9218,45.6233,0.3597,2.2118,-7.0867
Wed May 13 2026,0.0055,686.0,0.9273,52.52,53.9219,44.9257,0.3531,1.4019,-7.5943
Wed May 13 2026,0.0055,688.0,0.93,49.4,52.0352,39.4366,0.4509,2.6352,-9.9634
Wed May 13 2026,0.0055,690.0,0.9327,47.65,49.9255,41.7685,0.3356,2.2755,-5.8815
Wed May 13 2026,0.0055,691.0,0.9341,47.07,48.9702,38.3993,0.3867,1.9002,-8.6707
Wed May 13 2026,0.0055,692.0,0.9355,45.53,47.9257,40.4693,0.3223,2.3957,-5.0607
Wed May 13 2026,0.0055,694.0,0.9382,43.77,45.926,39.203,0.3091,2.156,-4.567
Wed May 13 2026,0.0055,695.0,0.9395,44.03,44.9293,38.1732,0.3095,0.8993,-5.8568
Wed May 13 2026,0.0055,697.0,0.9422,42.07,42.9363,36.2781,0.3075,0.8663,-5.7919
Wed May 13 2026,0.0055,698.0,0.9436,40.36,41.9432,35.1463,0.3097,1.5832,-5.2137
Wed May 13 2026,0.0055,700.0,0.9463,38.87,39.9299,35.157,0.2763,1.0599,-3.713
Wed May 13 2026,0.0055,701.0,0.9476,34.49,38.9436,33.3691,0.289,4.4536,-1.1209
Wed May 13 2026,0.0055,702.0,0.949,29.39,37.9403,33.0462,0.278,8.5503,3.6562
Wed May 13 2026,0.0055,704.0,0.9517,35.05,35.987,29.6582,0.3009,0.937,-5.3918
Wed May 13 2026,0.0055,705.0,0.953,32.94,34.9582,30.2848,0.2742,2.0182,-2.6552
Wed May 13 2026,0.0055,706.0,0.9544,27.01,33.9584,29.7336,0.2671,6.9484,2.7236
Wed May 13 2026,0.0055,707.0,0.9557,29.19,32.9621,29.0219,0.2626,3.7721,-0.1681
Wed May 13 2026,0.0055,708.0,0.9571,29.59,31.9659,28.3251,0.2579,2.3759,-1.2649
Wed May 13 2026,0.0055,710.0,0.9598,29.02,29.9809,26.7149,0.252,0.9609,-2.3051
Wed May 13 2026,0.0055,711.0,0.9611,26.59,28.9887,25.9537,0.2484,2.3987,-0.6363
Wed May 13 2026,0.0055,712.0,0.9625,26.18,27.9814,25.6829,0.2371,1.8014,-0.4971
Wed May 13 2026,0.0055,713.0,0.9638,26.14,26.9966,24.7277,0.2366,0.8566,-1.4123
Wed May 13 2026,0.0055,714.0,0.9652,25.0,26.0122,23.8386,0.2351,1.0122,-1.1614
Wed May 13 2026,0.0055,715.0,0.9665,24.71,25.0201,23.1781,0.23,0.3101,-1.5319
Wed May 13 2026,0.0055,716.0,0.9679,23.31,24.0282,22.5306,0.2247,0.7182,-0.7794
Wed May 13 2026,0.0055,717.0,0.9692,21.43,23.0444,21.7539,0.2215,1.6144,0.3239
Wed May 13 2026,0.0055,718.0,0.9706,19.56,22.0526,21.151,0.2155,2.4926,1.591
Wed May 13 2026,0.0055,719.0,0.9719,18.75,21.0688,20.4381,0.2113,2.3188,1.6881
Wed May 13 2026,0.0055,720.0,0.9733,19.62,20.0855,19.7506,0.2067,0.4655,0.1306
Wed May 13 2026,0.0055,721.0,0.9747,18.38,19.1105,18.9932,0.2033,0.7305,0.6132
Wed May 13 2026,0.0055,722.0,0.976,18.24,18.1318,18.3205,0.1985,-0.1082,0.0805
Wed May 13 2026,0.0055,723.0,0.9774,16.03,17.1615,17.5974,0.1946,1.1315,1.5674
Wed May 13 2026,0.0055,724.0,0.9787,15.33,16.1874,16.9504,0.1894,0.8574,1.6204
Wed May 13 2026,0.0055,725.0,0.9801,14.0,15.2221,16.2658,0.1849,1.2221,2.2658
Wed May 13 2026,0.0055,726.0,0.9814,13.61,14.2576,15.6163,0.1798,0.6476,2.0063
Wed May 13 2026,0.0055,727.0,0.9828,13.42,13.3107,14.8964,0.1761,-0.1093,1.4764
Wed May 13 2026,0.0055,728.0,0.9841,11.62,12.3594,14.2539,0.171,0.7394,2.6339
Wed May 13 2026,0.0055,729.0,0.9855,11.27,11.4234,13.5816,0.1666,0.1534,2.3116
Wed May 13 2026,0.0055,730.0,0.9868,10.69,10.4961,12.9265,0.162,-0.1939,2.2365
Wed May 13 2026,0.0055,731.0,0.9882,9.56,9.5801,12.2847,0.1573,0.0201,2.7247
Wed May 13 2026,0.0055,732.0,0.9895,8.08,8.6871,11.6284,0.1532,0.6071,3.5484
Wed May 13 2026,0.0055,733.0,0.9909,7.4,7.8103,10.9961,0.1489,0.4103,3.5961
Wed May 13 2026,0.0055,734.0,0.9922,7.2,6.9719,10.3442,0.1456,-0.2281,3.1442
Wed May 13 2026,0.0055,735.0,0.9936,6.42,6.1552,9.7333,0.1419,-0.2648,3.3133
Wed May 13 2026,0.0055,736.0,0.9949,5.61,5.384,9.1281,0.1389,-0.226,3.5181
Wed May 13 2026,0.0055,737.0,0.9963,4.9,4.6433,8.5727,0.1355,-0.2567,3.6727
Wed May 13 2026,0.0055,738.0,0.9976,4.17,3.9414,8.064,0.1319,-0.2286,3.894
Wed May 13 2026,0.0055,739.0,0.999,3.54,3.3003,7.5828,0.1289,-0.2397,4.0428
Wed May 13 2026,0.0055,740.0,1.0003,2.9,2.7194,7.1447,0.1262,-0.1806,4.2447
Wed May 13 2026,0.0055,741.0,1.0017,2.39,2.1983,6.76,0.1236,-0.1917,4.37
Wed May 13 2026,0.0055,742.0,1.003,1.95,1.742,6.4288,0.1212,-0.208,4.4788
Wed May 13 2026,0.0055,743.0,1.0044,1.5,1.3512,6.1521,0.119,-0.1488,4.6521
Wed May 13 2026,0.0055,744.0,1.0057,1.15,1.0245,5.9289,0.117,-0.1255,4.7789
Wed May 13 2026,0.0055,745.0,1.0071,0.86,0.765,5.7433,0.1156,-0.095,4.8833
Wed May 13 2026,0.0055,746.0,1.0084,0.65,0.5551,5.6118,0.1141,-0.0949,4.9618
Wed May 13 2026,0.0055,747.0,1.0098,0.47,0.3991,5.5007,0.1133,-0.0709,5.0307
Wed May 13 2026,0.0055,748.0,1.0112,0.36,0.2827,5.4147,0.1128,-0.0773,5.0547
Wed May 13 2026,0.0055,749.0,1.0125,0.26,0.1956,5.3582,0.1123,-0.0644,5.0982
Wed May 13 2026,0.0055,750.0,1.0139,0.15,0.1361,5.2961,0.1125,-0.0139,5.1461
Wed May 13 2026,0.0055,751.0,1.0152,0.13,0.0945,5.2376,0.113,-0.0355,5.1076
Wed May 13 2026,0.0055,752.0,1.0166,0.09,0.0699,5.124,0.115,-0.0201,5.034
Wed May 13 2026,0.0055,753.0,1.0179,0.06,0.0537,4.9831,0.1177,-0.0063,4.9231
Wed May 13 2026,0.0055,754.0,1.0193,0.06,0.0381,4.9102,0.119,-0.0219,4.8502
Wed May 13 2026,0.0055,755.0,1.0206,0.04,0.0307,4.7393,0.1224,-0.0093,4.6993
Wed May 13 2026,0.0055,756.0,1.022,0.03,0.0234,4.6163,0.1248,-0.0066,4.5863
Wed May 13 2026,0.0055,757.0,1.0233,0.03,0.0233,4.2786,0.1314,-0.0067,4.2486
Wed May 13 2026,0.0055,758.0,1.0247,0.03,0.0162,4.2399,0.1321,-0.0138,4.2099
Wed May 13 2026,0.0055,760.0,1.0274,0.03,0.016,3.5643,0.1446,-0.014,3.5343
Wed May 13 2026,0.0055,762.0,1.0301,0.02,0.0159,2.8531,0.157,-0.0041,2.8331
Wed May 13 2026,0.0055,765.0,1.0341,0.02,0.0091,2.3417,0.1655,-0.0109,2.3217
Wed May 13 2026,0.0055,780.0,1.0544,0.02,0.0089,0.0,0.2496,-0.0111,-0.02
Thu May 14 2026,0.0082,660.0,0.8922,79.02,79.9908,69.0354,0.4105,0.9708,-9.9846
Thu May 14 2026,0.0082,676.0,0.9138,61.14,64.0074,54.8822,0.3586,2.8674,-6.2578
Thu May 14 2026,0.0082,680.0,0.9192,57.93,60.0193,51.1066,0.353,2.0893,-6.8234
Thu May 14 2026,0.0082,682.0,0.9219,55.23,58.0081,50.5553,0.3242,2.7781,-4.6747
Thu May 14 2026,0.0082,684.0,0.9246,38.58,56.0274,47.7901,0.3385,17.4474,9.2101
Thu May 14 2026,0.0082,691.0,0.9341,46.64,49.1664,39.4421,0.3671,2.5264,-7.1979
Thu May 14 2026,0.0082,694.0,0.9382,31.14,46.0524,39.9631,0.2984,14.9124,8.8231
Thu May 14 2026,0.0082,695.0,0.9395,44.11,45.0525,39.3237,0.2923,0.9425,-4.7863
Thu May 14 2026,0.0082,696.0,0.9409,35.01,44.0727,38.014,0.2976,9.0627,3.004
Thu May 14 2026,0.0082,697.0,0.9422,40.08,43.0689,37.5014,0.2894,2.9889,-2.5786
Thu May 14 2026,0.0082,699.0,0.9449,33.43,41.0101,39.3245,0.2282,7.5801,5.8945
Thu May 14 2026,0.0082,700.0,0.9463,38.0,40.0652,35.7679,0.2688,2.0652,-2.2321
Thu May 14 2026,0.0082,701.0,0.9476,36.23,39.0736,34.9043,0.2667,2.8436,-1.3257
Thu May 14 2026,0.0082,702.0,0.949,22.73,38.0779,34.1784,0.2624,15.3479,11.4484
Thu May 14 2026,0.0082,703.0,0.9503,34.52,37.0862,33.3614,0.2596,2.5662,-1.1586
Thu May 14 2026,0.0082,704.0,0.9517,33.78,36.0538,33.7228,0.238,2.2738,-0.0572
Thu May 14 2026,0.0082,705.0,0.953,33.44,35.0825,32.2679,0.2454,1.6425,-1.1721
Thu May 14 2026,0.0082,706.0,0.9544,31.86,34.1073,31.1066,0.2482,2.2473,-0.7534
Thu May 14 2026,0.0082,707.0,0.9557,30.92,33.1159,30.3519,0.2445,2.1959,-0.5681
Thu May 14 2026,0.0082,708.0,0.9571,31.29,32.083,30.4858,0.2265,0.793,-0.8042
Thu May 14 2026,0.0082,709.0,0.9584,28.89,31.1332,28.89,0.2364,2.2432,0.0
Thu May 14 2026,0.0082,710.0,0.9598,27.47,30.1501,28.0474,0.2342,2.6801,0.5774
Thu May 14 2026,0.0082,711.0,0.9611,26.15,29.1591,27.3534,0.2296,3.0091,1.2034
Thu May 14 2026,0.0082,712.0,0.9625,26.0,28.1763,26.557,0.2267,2.1763,0.557
Thu May 14 2026,0.0082,713.0,0.9638,26.96,27.185,25.8952,0.2216,0.225,-1.0648
Thu May 14 2026,0.0082,714.0,0.9652,20.38,26.2025,25.1378,0.2181,5.8225,4.7578
Thu May 14 2026,0.0082,715.0,0.9665,24.21,25.2202,24.3999,0.2143,1.0102,0.1899
Thu May 14 2026,0.0082,716.0,0.9679,21.8,24.2381,23.6807,0.2102,2.4381,1.8807
Thu May 14 2026,0.0082,717.0,0.9692,21.65,23.256,22.98,0.2058,1.606,1.33
Thu May 14 2026,0.0082,718.0,0.9706,21.58,22.2915,22.1492,0.2037,0.7115,0.5692
Thu May 14 2026,0.0082,719.0,0.9719,19.22,21.2617,21.8701,0.1918,2.0417,2.6501
Thu May 14 2026,0.0082,720.0,0.9733,20.0,20.3456,20.7168,0.1956,0.3456,0.7168
Thu May 14 2026,0.0082,721.0,0.9747,19.37,19.3822,19.9736,0.1921,0.0122,0.6036
Thu May 14 2026,0.0082,722.0,0.976,17.97,18.4094,19.313,0.1871,0.4394,1.343
Thu May 14 2026,0.0082,723.0,0.9774,16.56,17.4595,18.5495,0.1841,0.8995,1.9895
Thu May 14 2026,0.0082,724.0,0.9787,15.55,16.5152,17.7969,0.181,0.9652,2.2469
Thu May 14 2026,0.0082,725.0,0.9801,15.66,15.5712,17.0798,0.1773,-0.0888,1.4198
Thu May 14 2026,0.0082,726.0,0.9814,13.61,14.6356,16.3636,0.1737,1.0256,2.7536
Thu May 14 2026,0.0082,727.0,0.9828,12.82,13.7018,15.6769,0.1696,0.8818,2.8569
Thu May 14 2026,0.0082,728.0,0.9841,12.02,12.7914,14.9524,0.1665,0.7714,2.9324
Thu May 14 2026,0.0082,729.0,0.9855,11.08,11.8821,14.2685,0.1627,0.8021,3.1885
Thu May 14 2026,0.0082,730.0,0.9868,11.09,10.9919,13.5783,0.1593,-0.0981,2.4883
Thu May 14 2026,0.0082,731.0,0.9882,10.11,10.1205,12.8935,0.1561,0.0105,2.7835
Thu May 14 2026,0.0082,732.0,0.9895,8.7,9.2707,12.2175,0.1531,0.5707,3.5175
Thu May 14 2026,0.0082,733.0,0.9909,8.12,8.4352,11.5709,0.1498,0.3152,3.4509
Thu May 14 2026,0.0082,734.0,0.9922,6.41,7.6311,10.9318,0.1469,1.2211,4.5218
Thu May 14 2026,0.0082,735.0,0.9936,7.0,6.8579,10.3113,0.1442,-0.1421,3.3113
Thu May 14 2026,0.0082,736.0,0.9949,6.32,6.1316,9.6984,0.1422,-0.1884,3.3784
Thu May 14 2026,0.0082,737.0,0.9963,5.34,5.4067,9.1559,0.1389,0.0667,3.8159
Thu May 14 2026,0.0082,738.0,0.9976,4.9,4.743,8.6196,0.1366,-0.157,3.7196
Thu May 14 2026,0.0082,739.0,0.999,4.29,4.1083,8.1324,0.1339,-0.1817,3.8424
Thu May 14 2026,0.0082,740.0,1.0003,3.74,3.5347,7.6685,0.1319,-0.2053,3.9285
Thu May 14 2026,0.0082,741.0,1.0017,3.11,3.0087,7.2463,0.13,-0.1013,4.1363
Thu May 14 2026,0.0082,742.0,1.003,2.7,2.5214,6.8775,0.1278,-0.1786,4.1775
Thu May 14 2026,0.0082,743.0,1.0044,2.26,2.0898,6.5483,0.1259,-0.1702,4.2883
Thu May 14 2026,0.0082,744.0,1.0057,1.88,1.7158,6.2559,0.1244,-0.1642,4.3759
Thu May 14 2026,0.0082,745.0,1.0071,1.46,1.3859,6.0122,0.1228,-0.0741,4.5522
Thu May 14 2026,0.0082,746.0,1.0084,1.15,1.0992,5.8162,0.1211,-0.0508,4.6662
Thu May 14 2026,0.0082,747.0,1.0098,0.99,0.8652,5.6478,0.1199,-0.1248,4.6578
Thu May 14 2026,0.0082,748.0,1.0112,0.74,0.6713,5.5143,0.1188,-0.0687,4.7743
Thu May 14 2026,0.0082,749.0,1.0125,0.54,0.5162,5.4048,0.118,-0.0238,4.8648
Thu May 14 2026,0.0082,750.0,1.0139,0.39,0.3954,5.3101,0.1176,0.0054,4.9201
Thu May 14 2026,0.0082,751.0,1.0152,0.29,0.2986,5.2394,0.1172,0.0086,4.9494
Thu May 14 2026,0.0082,752.0,1.0166,0.25,0.2265,5.169,0.1173,-0.0235,4.919
Thu May 14 2026,0.0082,753.0,1.0179,0.17,0.1728,5.0974,0.1178,0.0028,4.9274
Thu May 14 2026,0.0082,754.0,1.0193,0.15,0.1285,5.0547,0.1179,-0.0215,4.9047
Thu May 14 2026,0.0082,755.0,1.0206,0.11,0.1025,4.9463,0.1197,-0.0075,4.8363
Thu May 14 2026,0.0082,756.0,1.022,0.09,0.0766,4.9019,0.1202,-0.0134,4.8119
Thu May 14 2026,0.0082,757.0,1.0233,0.07,0.0597,4.8212,0.1216,-0.0103,4.7512
Thu May 14 2026,0.0082,758.0,1.0247,0.05,0.0514,4.6565,0.1248,0.0014,4.6065
Thu May 14 2026,0.0082,760.0,1.0274,0.04,0.0426,4.2348,0.1329,0.0026,4.1948
Thu May 14 2026,0.0082,764.0,1.0328,0.04,0.0264,3.5079,0.1461,-0.0136,3.4679
Thu May 14 2026,0.0082,765.0,1.0341,0.04,0.0266,3.2002,0.1515,-0.0134,3.1602
Thu May 14 2026,0.0082,767.0,1.0368,0.03,0.0265,2.5922,0.1618,-0.0035,2.5622
Thu May 14 2026,0.0082,768.0,1.0382,0.03,0.0262,2.2874,0.1668,-0.0038,2.2574
Thu May 14 2026,0.0082,770.0,1.0409,0.02,0.0186,2.0665,0.1703,-0.0014,2.0465
Thu May 14 2026,0.0082,772.0,1.0436,0.03,0.0185,1.4438,0.1801,-0.0115,1.4138
Thu May 14 2026,0.0082,775.0,1.0477,0.02,0.0184,0.4856,0.1946,-0.0016,0.4656
Thu May 14 2026,0.0082,785.0,1.0612,0.02,0.0107,0.0,0.2296,-0.0093,-0.02
Fri May 15 2026,0.011,360.0,0.4867,351.98,379.9228,367.6909,1.8864,27.9428,15.7109
Fri May 15 2026,0.011,390.0,0.5272,246.5,349.9371,337.6439,1.6892,103.4371,91.1439
Fri May 15 2026,0.011,395.0,0.534,261.41,345.0563,331.0381,2.1997,83.6463,69.6281
Fri May 15 2026,0.011,410.0,0.5542,307.26,329.9479,317.6154,1.5971,22.6879,10.3554
Fri May 15 2026,0.011,420.0,0.5678,291.28,319.9514,307.8124,1.5055,28.6714,16.5324
Fri May 15 2026,0.011,440.0,0.5948,279.06,299.9621,287.5492,1.4174,20.9021,8.4892
Fri May 15 2026,0.011,455.0,0.6151,256.77,284.9693,272.2711,1.3317,28.1993,15.5011
Fri May 15 2026,0.011,465.0,0.6286,246.69,275.0685,260.8299,1.6326,28.3785,14.1399
Fri May 15 2026,0.011,480.0,0.6489,257.02,260.0352,246.3851,1.4537,3.0152,-10.6349
Fri May 15 2026,0.011,495.0,0.6691,216.85,244.9833,234.2238,0.8998,28.1333,17.3738
Fri May 15 2026,0.011,530.0,0.7165,209.03,210.0012,199.0336,0.863,0.9712,-9.9964
Fri May 15 2026,0.011,540.0,0.73,192.23,200.028,186.949,0.9975,7.798,-5.281
Fri May 15 2026,0.011,570.0,0.7705,167.55,170.0227,160.0764,0.7322,2.4727,-7.4736
Fri May 15 2026,0.011,575.0,0.7773,164.31,165.0226,155.2832,0.6673,0.7126,-9.0268
Fri May 15 2026,0.011,580.0,0.784,159.01,160.0301,150.0782,0.711,1.0201,-8.9318
Fri May 15 2026,0.011,585.0,0.7908,154.13,155.0299,145.1179,0.6645,0.8999,-9.0121
Fri May 15 2026,0.011,590.0,0.7976,148.22,150.0297,139.6202,0.6044,1.8097,-8.5998
Fri May 15 2026,0.011,595.0,0.8043,142.33,145.0372,134.8747,0.6418,2.7072,-7.4553
Fri May 15 2026,0.011,600.0,0.8111,139.2,140.037,129.3737,0.5981,0.837,-9.8263
Fri May 15 2026,0.011,605.0,0.8178,133.74,135.0446,124.4524,0.6115,1.3046,-9.2876
Fri May 15 2026,0.011,606.0,0.8192,118.1,134.0525,123.6679,0.6364,15.9525,5.5679
Fri May 15 2026,0.011,607.0,0.8205,116.93,133.0406,121.8648,0.5698,16.1106,4.9348
Fri May 15 2026,0.011,608.0,0.8219,106.35,132.0445,121.1226,0.5893,25.6945,14.7726
Fri May 15 2026,0.011,610.0,0.8246,127.65,130.0444,118.8711,0.5739,2.3944,-8.7789
Fri May 15 2026,0.011,612.0,0.8273,104.11,128.0443,116.6154,0.5581,23.9343,12.5054
Fri May 15 2026,0.011,615.0,0.8314,119.48,125.052,113.8286,0.5768,5.572,-5.6514
Fri May 15 2026,0.011,620.0,0.8381,118.71,120.0518,108.2834,0.5427,1.3418,-10.4266
Fri May 15 2026,0.011,625.0,0.8449,108.04,115.0555,103.0398,0.5255,7.0155,-5.0002
Fri May 15 2026,0.011,626.0,0.8462,84.23,114.0674,102.3276,0.5544,29.8374,18.0976
Fri May 15 2026,0.011,630.0,0.8516,109.45,110.0632,97.9211,0.52,0.6132,-11.5289
Fri May 15 2026,0.011,632.0,0.8543,101.18,108.0591,95.8847,0.4947,6.8791,-5.2953
Fri May 15 2026,0.011,633.0,0.8557,79.61,107.063,94.8429,0.5014,27.453,15.2329
Fri May 15 2026,0.011,634.0,0.857,77.24,106.067,93.8199,0.5062,28.827,16.5799
Fri May 15 2026,0.011,635.0,0.8584,101.54,105.0669,92.812,0.5001,3.5269,-8.728
Fri May 15 2026,0.011,636.0,0.8597,80.09,104.0629,91.9048,0.4827,23.9729,11.8148
Fri May 15 2026,0.011,638.0,0.8625,82.43,102.154,90.6021,0.583,19.724,8.1721
Fri May 15 2026,0.011,639.0,0.8638,95.41,101.0789,88.7419,0.5018,5.6689,-6.6681
Fri May 15 2026,0.011,640.0,0.8652,97.59,100.0707,87.8664,0.4799,2.4807,-9.7236
Fri May 15 2026,0.011,644.0,0.8706,93.83,96.0786,83.8865,0.473,2.2486,-9.9435
Fri May 15 2026,0.011,645.0,0.8719,91.73,95.0827,82.8548,0.4742,3.3527,-8.8752
Fri May 15 2026,0.011,649.0,0.8773,87.03,91.0906,78.9541,0.4636,4.0606,-8.0759
Fri May 15 2026,0.011,650.0,0.8787,90.03,90.0824,78.2977,0.4457,0.0524,-11.7323
Fri May 15 2026,0.011,651.0,0.88,86.04,89.0905,77.1389,0.4523,3.0505,-8.9011
Fri May 15 2026,0.011,652.0,0.8814,85.28,88.0904,76.2461,0.4467,2.8104,-9.0339
Fri May 15 2026,0.011,653.0,0.8827,85.93,87.0904,75.3631,0.4411,1.1604,-10.5669
Fri May 15 2026,0.011,654.0,0.8841,82.07,86.0903,74.4895,0.4355,4.0203,-7.5805
Fri May 15 2026,0.011,655.0,0.8854,83.61,85.0944,73.4811,0.4353,1.4844,-10.1289
Fri May 15 2026,0.011,656.0,0.8868,81.91,84.0902,72.769,0.4243,2.1802,-9.141
Fri May 15 2026,0.011,657.0,0.8881,80.23,83.0901,71.9216,0.4187,2.8601,-8.3084
Fri May 15 2026,0.011,658.0,0.8895,79.71,82.0984,70.7636,0.4236,2.3884,-8.9464
Fri May 15 2026,0.011,659.0,0.8908,78.3,81.0983,69.9176,0.418,2.7983,-8.3824
Fri May 15 2026,0.011,660.0,0.8922,79.99,80.0982,69.0769,0.4125,0.1082,-10.9131
Fri May 15 2026,0.011,661.0,0.8935,74.41,79.1023,68.0939,0.4116,4.6923,-6.3161
Fri May 15 2026,0.011,662.0,0.8949,76.42,78.1065,67.1211,0.4104,1.6865,-9.2989
Fri May 15 2026,0.011,663.0,0.8962,74.05,77.1064,66.2919,0.4049,3.0564,-7.7581
Fri May 15 2026,0.011,664.0,0.8976,75.13,76.1064,65.4705,0.3994,0.9764,-9.6595
Fri May 15 2026,0.011,665.0,0.899,74.31,75.1063,64.6569,0.3939,0.7963,-9.6531
Fri May 15 2026,0.011,666.0,0.9003,73.0,74.1063,63.8513,0.3884,1.1063,-9.1487
Fri May 15 2026,0.011,667.0,0.9017,70.97,73.1145,62.7591,0.3906,2.1445,-8.2109
Fri May 15 2026,0.011,668.0,0.903,69.95,72.1145,61.9588,0.3851,2.1645,-7.9912
Fri May 15 2026,0.011,669.0,0.9044,70.28,71.1229,60.8964,0.3865,0.8429,-9.3836
Fri May 15 2026,0.011,670.0,0.9057,70.17,70.1186,60.2343,0.3777,-0.0514,-9.9357
Fri May 15 2026,0.011,671.0,0.9071,68.16,69.1227,59.3162,0.3755,0.9627,-8.8438
Fri May 15 2026,0.011,672.0,0.9084,66.99,68.1143,58.8278,0.3633,1.1243,-8.1622
Fri May 15 2026,0.011,673.0,0.9098,64.77,67.1311,57.506,0.3706,2.3611,-7.264
Fri May 15 2026,0.011,674.0,0.9111,65.42,66.131,56.7355,0.3651,0.711,-8.6845
Fri May 15 2026,0.011,675.0,0.9125,64.44,65.131,55.9728,0.3596,0.691,-8.4672
Fri May 15 2026,0.011,676.0,0.9138,62.46,64.1225,55.4951,0.3482,1.6625,-6.9649
Fri May 15 2026,0.011,677.0,0.9152,62.29,63.1394,54.2134,0.3541,0.8494,-8.0766
Fri May 15 2026,0.011,678.0,0.9165,60.01,62.1394,53.4669,0.3486,2.1294,-6.5431
Fri May 15 2026,0.011,679.0,0.9179,60.61,61.1393,52.728,0.3431,0.5293,-7.882
Fri May 15 2026,0.011,680.0,0.9192,60.36,60.1393,51.9966,0.3376,-0.2207,-8.3634
Fri May 15 2026,0.011,681.0,0.9206,57.06,59.1478,51.0243,0.337,2.0878,-6.0357
Fri May 15 2026,0.011,682.0,0.9219,56.13,58.1478,50.3016,0.3315,2.0178,-5.8284
Fri May 15 2026,0.011,683.0,0.9233,56.4,57.1478,49.5859,0.326,0.7478,-6.8141
Fri May 15 2026,0.011,684.0,0.9246,53.93,56.1435,49.001,0.3182,2.2135,-4.929
Fri May 15 2026,0.011,685.0,0.926,53.63,55.1562,47.9417,0.3193,1.5262,-5.6883
Fri May 15 2026,0.011,686.0,0.9273,51.96,54.165,47.0184,0.3179,2.205,-4.9416
Fri May 15 2026,0.011,687.0,0.9287,53.07,53.1648,46.3256,0.3123,0.0948,-6.7444
Fri May 15 2026,0.011,688.0,0.93,51.6,52.1649,45.6335,0.3068,0.5649,-5.9665
Fri May 15 2026,0.011,689.0,0.9314,50.36,51.1648,44.953,0.3012,0.8048,-5.407
Fri May 15 2026,0.011,690.0,0.9327,50.31,50.1734,44.0656,0.2993,-0.1366,-6.2444
Fri May 15 2026,0.011,691.0,0.9341,48.78,49.1823,43.1911,0.2972,0.4023,-5.5889
Fri May 15 2026,0.011,692.0,0.9355,47.79,48.1821,42.5266,0.2915,0.3921,-5.2634
Fri May 15 2026,0.011,693.0,0.9368,46.78,47.1909,41.6738,0.2891,0.4109,-5.1062
Fri May 15 2026,0.011,694.0,0.9382,45.36,46.1907,41.0168,0.2834,0.8307,-4.3432
Fri May 15 2026,0.011,695.0,0.9395,44.99,45.1998,40.1798,0.2808,0.2098,-4.8102
Fri May 15 2026,0.011,696.0,0.9409,43.22,44.2083,39.3686,0.2778,0.9883,-3.8514
Fri May 15 2026,0.011,697.0,0.9422,42.28,43.2083,38.7206,0.2721,0.9283,-3.5594
Fri May 15 2026,0.011,698.0,0.9436,42.1,42.2172,37.9194,0.269,0.1172,-4.1806
Fri May 15 2026,0.011,699.0,0.9449,41.15,41.2264,37.1264,0.2658,0.0764,-4.0236
Fri May 15 2026,0.011,700.0,0.9463,40.43,40.2264,36.4919,0.26,-0.2036,-3.9381
Fri May 15 2026,0.011,701.0,0.9476,39.43,39.244,35.5878,0.2587,-0.186,-3.8422
Fri May 15 2026,0.011,702.0,0.949,37.56,38.2531,34.8301,0.255,0.6931,-2.7299
Fri May 15 2026,0.011,703.0,0.9503,36.82,37.2575,34.1466,0.2501,0.4375,-2.6734
Fri May 15 2026,0.011,704.0,0.9517,35.58,36.2709,33.3501,0.2471,0.6909,-2.2299
Fri May 15 2026,0.011,705.0,0.953,33.57,35.28,32.6212,0.243,1.71,-0.9488
Fri May 15 2026,0.011,706.0,0.9544,33.61,34.2938,31.8458,0.2397,0.6838,-1.7642
Fri May 15 2026,0.011,707.0,0.9557,33.21,33.3077,31.0838,0.2362,0.0977,-2.1262
Fri May 15 2026,0.011,708.0,0.9571,31.69,32.3256,30.2938,0.2332,0.6356,-1.3962
Fri May 15 2026,0.011,709.0,0.9584,30.55,31.3352,29.5995,0.2286,0.7852,-0.9505
Fri May 15 2026,0.011,710.0,0.9598,29.75,30.3532,28.8359,0.2252,0.6032,-0.9141
Fri May 15 2026,0.011,711.0,0.9611,29.05,29.3721,28.0795,0.2217,0.3221,-0.9705
Fri May 15 2026,0.011,712.0,0.9625,27.14,28.3905,27.3417,0.2179,1.2505,0.2017
Fri May 15 2026,0.011,713.0,0.9638,26.84,27.418,26.5486,0.2151,0.578,-0.2914
Fri May 15 2026,0.011,714.0,0.9652,26.1,26.4467,25.769,0.2121,0.3467,-0.331
Fri May 15 2026,0.011,715.0,0.9665,25.79,25.465,25.075,0.2076,-0.325,-0.715
Fri May 15 2026,0.011,716.0,0.9679,24.44,24.5023,24.2777,0.205,0.0623,-0.1623
Fri May 15 2026,0.011,717.0,0.9692,23.52,23.5356,23.527,0.2016,0.0156,0.007
Fri May 15 2026,0.011,718.0,0.9706,22.6,22.5691,22.7944,0.1979,-0.0309,0.1944
Fri May 15 2026,0.011,719.0,0.9719,21.55,21.6168,22.0126,0.1952,0.0668,0.4626
Fri May 15 2026,0.011,720.0,0.9733,20.69,20.6542,21.3009,0.1912,-0.0358,0.6109
Fri May 15 2026,0.011,721.0,0.9747,19.1,19.7079,20.542,0.1882,0.6079,1.442
Fri May 15 2026,0.011,722.0,0.976,19.02,18.7645,19.7977,0.185,-0.2555,0.7777
Fri May 15 2026,0.011,723.0,0.9774,18.04,17.8286,19.0537,0.1819,-0.2114,1.0137
Fri May 15 2026,0.011,724.0,0.9787,17.13,16.8951,18.3291,0.1785,-0.2349,1.1991
Fri May 15 2026,0.011,725.0,0.9801,16.28,15.9835,17.5708,0.176,-0.2965,1.2908
Fri May 15 2026,0.011,726.0,0.9814,14.26,15.0661,16.8598,0.1726,0.8061,2.5998
Fri May 15 2026,0.011,727.0,0.9828,13.37,14.1651,16.1403,0.1696,0.7951,2.7703
Fri May 15 2026,0.011,728.0,0.9841,13.56,13.2812,15.4187,0.1669,-0.2788,1.8587
Fri May 15 2026,0.011,729.0,0.9855,12.59,12.4145,14.7017,0.1644,-0.1755,2.1117
Fri May 15 2026,0.011,730.0,0.9868,11.32,11.5628,13.999,0.1619,0.2428,2.679
Fri May 15 2026,0.011,731.0,0.9882,11.05,10.7278,13.312,0.1594,-0.3222,2.262
Fri May 15 2026,0.011,732.0,0.9895,10.2,9.9505,12.59,0.1585,-0.2495,2.39
Fri May 15 2026,0.011,733.0,0.9909,9.33,9.1171,11.9888,0.1545,-0.2129,2.6588
Fri May 15 2026,0.011,734.0,0.9922,8.32,8.3375,11.3656,0.1518,0.0175,3.0456
Fri May 15 2026,0.011,735.0,0.9936,7.85,7.5983,10.7482,0.1497,-0.2517,2.8982
Fri May 15 2026,0.011,736.0,0.9949,7.11,6.8805,10.1627,0.1474,-0.2295,3.0527
Fri May 15 2026,0.011,737.0,0.9963,6.53,6.1974,9.5999,0.1453,-0.3326,3.0699
Fri May 15 2026,0.011,738.0,0.9976,5.7,5.5426,9.0701,0.1431,-0.1574,3.3701
Fri May 15 2026,0.011,739.0,0.999,5.24,4.927,8.568,0.1411,-0.313,3.328
Fri May 15 2026,0.011,740.0,1.0003,4.57,4.3527,8.0957,0.1393,-0.2173,3.5257
Fri May 15 2026,0.011,741.0,1.0017,4.1,3.8122,7.662,0.1374,-0.2878,3.562
Fri May 15 2026,0.011,742.0,1.003,3.58,3.3188,7.259,0.1358,-0.2612,3.679
Fri May 15 2026,0.011,743.0,1.0044,3.06,2.8582,6.8988,0.134,-0.2018,3.8388
Fri May 15 2026,0.011,744.0,1.0057,2.6,2.4459,6.5706,0.1325,-0.1541,3.9706
Fri May 15 2026,0.011,745.0,1.0071,2.24,2.067,6.286,0.1308,-0.173,4.046
Fri May 15 2026,0.011,746.0,1.0084,1.91,1.7377,6.0298,0.1295,-0.1723,4.1198
Fri May 15 2026,0.011,747.0,1.0098,1.61,1.4406,5.8157,0.128,-0.1694,4.2057
Fri May 15 2026,0.011,748.0,1.0112,1.3,1.1843,5.632,0.1267,-0.1157,4.332
Fri May 15 2026,0.011,749.0,1.0125,1.1,0.9661,5.4759,0.1256,-0.1339,4.3759
Fri May 15 2026,0.011,750.0,1.0139,0.88,0.7732,5.3601,0.1242,-0.1068,4.4801
Fri May 15 2026,0.011,751.0,1.0152,0.71,0.6216,5.2499,0.1235,-0.0884,4.5399
Fri May 15 2026,0.011,752.0,1.0166,0.57,0.497,5.1568,0.123,-0.073,4.5868
Fri May 15 2026,0.011,753.0,1.0179,0.41,0.3921,5.0882,0.1224,-0.0179,4.6782
Fri May 15 2026,0.011,754.0,1.0193,0.35,0.3102,5.0226,0.1222,-0.0398,4.6726
Fri May 15 2026,0.011,755.0,1.0206,0.3,0.2431,4.9718,0.122,-0.0569,4.6718
Fri May 15 2026,0.011,756.0,1.022,0.24,0.1974,4.887,0.1229,-0.0426,4.647
Fri May 15 2026,0.011,757.0,1.0233,0.18,0.1538,4.8495,0.1229,-0.0262,4.6695
Fri May 15 2026,0.011,758.0,1.0247,0.15,0.1279,4.7483,0.1245,-0.0221,4.5983
Fri May 15 2026,0.011,759.0,1.026,0.11,0.1019,4.6925,0.1252,-0.0081,4.5825
Fri May 15 2026,0.011,760.0,1.0274,0.1,0.0856,4.589,0.127,-0.0144,4.489
Fri May 15 2026,0.011,761.0,1.0287,0.09,0.0772,4.4187,0.1302,-0.0128,4.3287
Fri May 15 2026,0.011,762.0,1.0301,0.07,0.0599,4.3965,0.1304,-0.0101,4.3265
Fri May 15 2026,0.011,763.0,1.0314,0.08,0.059,4.1487,0.1351,-0.021,4.0687
Fri May 15 2026,0.011,764.0,1.0328,0.06,0.0508,4.0312,0.1372,-0.0092,3.9712
Fri May 15 2026,0.011,765.0,1.0341,0.05,0.0427,3.9399,0.1388,-0.0073,3.8899
Fri May 15 2026,0.011,766.0,1.0355,0.05,0.0426,3.6814,0.1435,-0.0074,3.6314
Fri May 15 2026,0.011,767.0,1.0368,0.04,0.0426,3.4168,0.1482,0.0026,3.3768
Fri May 15 2026,0.011,768.0,1.0382,0.04,0.0347,3.3669,0.149,-0.0053,3.3269
Fri May 15 2026,0.011,769.0,1.0395,0.04,0.0348,3.101,0.1536,-0.0052,3.061
Fri May 15 2026,0.011,770.0,1.0409,0.04,0.0347,2.8354,0.1581,-0.0053,2.7954
Fri May 15 2026,0.011,771.0,1.0422,0.04,0.0355,2.5348,0.1631,-0.0045,2.4948
Fri May 15 2026,0.011,772.0,1.0436,0.04,0.0273,2.5668,0.1625,-0.0127,2.5268
Fri May 15 2026,0.011,773.0,1.0449,0.03,0.0273,2.297,0.1669,-0.0027,2.267
Fri May 15 2026,0.011,775.0,1.0477,0.03,0.027,1.7625,0.1754,-0.003,1.7325
Fri May 15 2026,0.011,780.0,1.0544,0.02,0.0192,0.8209,0.1897,-0.0008,0.8009
Fri May 15 2026,0.011,785.0,1.0612,0.03,0.0191,0.0,0.2101,-0.0109,-0.03
Fri May 15 2026,0.011,955.0,1.291,0.02,0.0036,0.0,0.6967,-0.0164,-0.02
Mon May 18 2026,0.0192,675.0,0.9125,62.82,65.31,64.9357,0.2077,2.49,2.1157
Mon May 18 2026,0.0192,680.0,0.9192,60.08,60.3825,56.9106,0.2575,0.3025,-3.1694
Mon May 18 2026,0.0192,685.0,0.926,53.4,55.5809,50.2972,0.2863,2.1809,-3.1028
Mon May 18 2026,0.0192,687.0,0.9287,50.73,53.4016,51.3164,0.235,2.6716,0.5864
Mon May 18 2026,0.0192,690.0,0.9327,51.07,50.61,46.4557,0.2675,-0.46,-4.6143
Mon May 18 2026,0.0192,691.0,0.9341,48.4,49.6289,45.5884,0.2656,1.2289,-2.8116
Mon May 18 2026,0.0192,692.0,0.9355,43.48,48.5218,45.8993,0.2432,5.0418,2.4193
Mon May 18 2026,0.0192,693.0,0.9368,45.99,47.5127,45.2882,0.2369,1.5227,-0.7018
Mon May 18 2026,0.0192,695.0,0.9395,44.74,45.5038,43.9613,0.2261,0.7638,-0.7787
Mon May 18 2026,0.0192,696.0,0.9409,36.2,44.5223,43.0475,0.225,8.3223,6.8475
Mon May 18 2026,0.0192,698.0,0.9436,41.71,42.435,42.6725,0.1976,0.725,0.9625
Mon May 18 2026,0.0192,699.0,0.9449,41.14,41.4446,41.8049,0.1956,0.3046,0.6649
Mon May 18 2026,0.0192,700.0,0.9463,40.22,40.56,39.8515,0.2128,0.34,-0.3685
Mon May 18 2026,0.0192,701.0,0.9476,36.3,39.5746,39.0226,0.2103,3.2746,2.7226
Mon May 18 2026,0.0192,703.0,0.9503,34.94,37.5282,37.9948,0.1939,2.5882,3.0548
Mon May 18 2026,0.0192,704.0,0.9517,34.4,36.5982,36.7263,0.1994,2.1982,2.3263
Mon May 18 2026,0.0192,706.0,0.9544,30.24,34.6831,34.7806,0.1999,4.4431,4.5406
Mon May 18 2026,0.0192,709.0,0.9584,29.88,31.702,32.5953,0.187,1.822,2.7153
Mon May 18 2026,0.0192,710.0,0.9598,29.97,30.7266,31.7789,0.1844,0.7566,1.8089
Mon May 18 2026,0.0192,712.0,0.9625,26.43,28.8307,29.9525,0.1833,2.4007,3.5225
Mon May 18 2026,0.0192,713.0,0.9638,24.75,27.8644,29.1447,0.1807,3.1144,4.3947
Mon May 18 2026,0.0192,714.0,0.9652,26.17,26.8541,28.5002,0.1746,0.6841,2.3302
Mon May 18 2026,0.0192,715.0,0.9665,25.81,25.9401,27.5352,0.1755,0.1301,1.7252
Mon May 18 2026,0.0192,716.0,0.9679,23.09,24.9454,26.8438,0.1704,1.8554,3.7538
Mon May 18 2026,0.0192,717.0,0.9692,17.31,24.0792,25.8035,0.1734,6.7692,8.4935
Mon May 18 2026,0.0192,718.0,0.9706,20.08,23.0508,25.2111,0.166,2.9708,5.1311
Mon May 18 2026,0.0192,719.0,0.9719,22.2,22.1622,24.285,0.1667,-0.0378,2.085
Mon May 18 2026,0.0192,720.0,0.9733,21.36,21.2098,23.5265,0.1634,-0.1502,2.1665
Mon May 18 2026,0.0192,721.0,0.9747,19.45,20.2733,22.7481,0.1607,0.8233,3.2981
Mon May 18 2026,0.0192,722.0,0.976,17.7,19.3931,21.8884,0.1604,1.6931,4.1884
Mon May 18 2026,0.0192,723.0,0.9774,16.98,18.4576,21.144,0.1571,1.4776,4.164
Mon May 18 2026,0.0192,724.0,0.9787,16.68,17.5583,20.3612,0.1551,0.8783,3.6812
Mon May 18 2026,0.0192,725.0,0.9801,15.95,16.661,19.5964,0.1528,0.711,3.6464
Mon May 18 2026,0.0192,726.0,0.9814,15.4,15.7888,18.8227,0.1511,0.3888,3.4227
Mon May 18 2026,0.0192,727.0,0.9828,13.96,14.9203,18.0691,0.1491,0.9603,4.1091
Mon May 18 2026,0.0192,728.0,0.9841,12.57,14.0727,17.3191,0.1474,1.5027,4.7491
Mon May 18 2026,0.0192,729.0,0.9855,13.38,13.2393,16.583,0.1457,-0.1407,3.203
Mon May 18 2026,0.0192,730.0,0.9868,12.55,12.4242,15.8596,0.1441,-0.1258,3.3096
Mon May 18 2026,0.0192,731.0,0.9882,10.88,11.603,15.167,0.1418,0.723,4.287
Mon May 18 2026,0.0192,732.0,0.9895,10.26,10.8287,14.4726,0.1404,0.5687,4.2126
Mon May 18 2026,0.0192,733.0,0.9909,9.34,10.0672,13.8014,0.1388,0.7272,4.4614
Mon May 18 2026,0.0192,734.0,0.9922,8.83,9.3192,13.1538,0.137,0.4892,4.3238
Mon May 18 2026,0.0192,735.0,0.9936,8.64,8.6193,12.517,0.1359,-0.0207,3.877
Mon May 18 2026,0.0192,736.0,0.9949,7.33,7.9129,11.9154,0.134,0.5829,4.5854
Mon May 18 2026,0.0192,737.0,0.9963,7.21,7.2705,11.3254,0.1331,0.0605,4.1154
Mon May 18 2026,0.0192,738.0,0.9976,6.75,6.6191,10.7727,0.1313,-0.1309,4.0227
Mon May 18 2026,0.0192,739.0,0.999,6.03,6.0113,10.2426,0.1299,-0.0187,4.2126
Mon May 18 2026,0.0192,740.0,1.0003,5.47,5.4282,9.7421,0.1284,-0.0418,4.2721
Mon May 18 2026,0.0192,741.0,1.0017,4.95,4.8833,9.2691,0.1271,-0.0667,4.3191
Mon May 18 2026,0.0192,742.0,1.003,4.45,4.3693,8.8268,0.1258,-0.0807,4.3768
Mon May 18 2026,0.0192,743.0,1.0044,3.89,3.8827,8.4167,0.1244,-0.0073,4.5267
Mon May 18 2026,0.0192,744.0,1.0057,3.5,3.4322,8.0373,0.1231,-0.0678,4.5373
Mon May 18 2026,0.0192,745.0,1.0071,3.09,3.0179,7.689,0.1219,-0.0721,4.599
Mon May 18 2026,0.0192,746.0,1.0084,2.68,2.6395,7.3714,0.1208,-0.0405,4.6914
Mon May 18 2026,0.0192,747.0,1.0098,2.35,2.2893,7.0866,0.1196,-0.0607,4.7366
Mon May 18 2026,0.0192,748.0,1.0112,1.91,1.9739,6.8315,0.1185,0.0639,4.9215
Mon May 18 2026,0.0192,749.0,1.0125,1.57,1.6857,6.6085,0.1173,0.1157,5.0385
Mon May 18 2026,0.0192,750.0,1.0139,1.51,1.4303,6.4131,0.1162,-0.0797,4.9031
Mon May 18 2026,0.0192,755.0,1.0206,0.61,0.5804,5.7748,0.1125,-0.0296,5.1648
Mon May 18 2026,0.0192,760.0,1.0274,0.24,0.2199,5.4678,0.1121,-0.0201,5.2278
Mon May 18 2026,0.0192,765.0,1.0341,0.1,0.0968,5.1496,0.1168,-0.0032,5.0496
Mon May 18 2026,0.0192,770.0,1.0409,0.06,0.0588,4.6268,0.1269,-0.0012,4.5668
Mon May 18 2026,0.0192,775.0,1.0477,0.05,0.04,4.0386,0.1379,-0.01,3.9886
Mon May 18 2026,0.0192,780.0,1.0544,0.04,0.0309,3.3441,0.1502,-0.0091,3.3041
Mon May 18 2026,0.0192,785.0,1.0612,0.03,0.022,2.7413,0.1603,-0.008,2.7113
Mon May 18 2026,0.0192,790.0,1.0679,0.02,0.0219,1.7713,0.1757,0.0019,1.7513
Mon May 18 2026,0.0192,795.0,1.0747,0.02,0.0221,0.7499,0.191,0.0021,0.7299
Mon May 18 2026,0.0192,805.0,1.0882,0.02,0.0132,0.0,0.2101,-0.0068,-0.02
Tue May 19 2026,0.0219,645.0,0.8719,90.21,95.4057,86.8879,0.3544,5.1957,-3.3221
Tue May 19 2026,0.0219,650.0,0.8787,87.21,90.4202,82.3584,0.3433,3.2102,-4.8516
Tue May 19 2026,0.0219,670.0,0.9057,65.73,70.4735,65.2936,0.2865,4.7435,-0.4364
Tue May 19 2026,0.0219,675.0,0.9125,58.24,65.4879,61.203,0.2711,7.2479,2.963
Tue May 19 2026,0.0219,680.0,0.9192,58.19,60.5164,56.9385,0.2592,2.3264,-1.2515
Tue May 19 2026,0.0219,685.0,0.926,53.63,55.5451,52.7914,0.2457,1.9151,-0.8386
Tue May 19 2026,0.0219,686.0,0.9273,50.42,54.5543,51.9293,0.2436,4.1343,1.5093
Tue May 19 2026,0.0219,690.0,0.9327,48.42,50.5828,48.6406,0.2326,2.1628,0.2206
Tue May 19 2026,0.0219,691.0,0.9341,49.0,49.602,47.7014,0.2319,0.602,-1.2986
Tue May 19 2026,0.0219,693.0,0.9368,46.0,47.5185,47.2393,0.206,1.5185,1.2393
Tue May 19 2026,0.0219,695.0,0.9395,29.8,45.6304,44.5121,0.2194,15.8304,14.7121
Tue May 19 2026,0.0219,697.0,0.9422,41.59,43.617,43.1744,0.2086,2.027,1.5844
Tue May 19 2026,0.0219,698.0,0.9436,38.0,42.4406,44.9301,0.159,4.4406,6.9301
Tue May 19 2026,0.0219,700.0,0.9463,38.69,40.7068,40.2998,0.208,2.0168,1.6098
Tue May 19 2026,0.0219,702.0,0.949,38.0,38.6407,39.3198,0.1904,0.6407,1.3198
Tue May 19 2026,0.0219,704.0,0.9517,34.56,36.7587,37.1092,0.1958,2.1987,2.5492
Tue May 19 2026,0.0219,708.0,0.9571,30.93,32.8976,33.607,0.19,1.9676,2.677
Tue May 19 2026,0.0219,709.0,0.9584,26.64,31.8884,32.9392,0.1844,5.2484,6.2992
Tue May 19 2026,0.0219,710.0,0.9598,28.64,30.9472,32.0116,0.1842,2.3072,3.3716
Tue May 19 2026,0.0219,712.0,0.9625,28.7,28.9883,30.4699,0.1773,0.2883,1.7699
Tue May 19 2026,0.0219,715.0,0.9665,22.42,25.5865,29.8527,0.1264,3.1665,7.4327
Tue May 19 2026,0.0219,717.0,0.9692,22.38,24.2681,26.2861,0.1684,1.8881,3.9061
Tue May 19 2026,0.0219,718.0,0.9706,21.58,23.3368,25.4681,0.1665,1.7568,3.8881
Tue May 19 2026,0.0219,719.0,0.9719,20.73,22.4133,24.6519,0.1647,1.6833,3.9219
Tue May 19 2026,0.0219,720.0,0.9733,19.7,21.5052,23.8276,0.1633,1.8052,4.1276
Tue May 19 2026,0.0219,721.0,0.9747,18.65,20.6075,23.0079,0.162,1.9575,4.3579
Tue May 19 2026,0.0219,722.0,0.976,18.86,19.6968,22.2263,0.1598,0.8368,3.3663
Tue May 19 2026,0.0219,723.0,0.9774,17.9,18.8037,21.4391,0.158,0.9037,3.5391
Tue May 19 2026,0.0219,724.0,0.9787,14.74,17.9144,20.6665,0.156,3.1744,5.9265
Tue May 19 2026,0.0219,725.0,0.9801,16.18,17.0428,19.8944,0.1543,0.8628,3.7144
Tue May 19 2026,0.0219,726.0,0.9814,14.13,16.1793,19.1354,0.1525,2.0493,5.0054
Tue May 19 2026,0.0219,727.0,0.9828,13.52,15.3334,18.3827,0.1509,1.8134,4.8627
Tue May 19 2026,0.0219,728.0,0.9841,13.69,14.5005,17.6425,0.1493,0.8105,3.9525
Tue May 19 2026,0.0219,729.0,0.9855,13.12,13.6715,16.9224,0.1474,0.5515,3.8024
Tue May 19 2026,0.0219,730.0,0.9868,11.4,12.8741,16.2061,0.146,1.4741,4.8061
Tue May 19 2026,0.0219,731.0,0.9882,10.62,12.0824,15.5115,0.1443,1.4624,4.8915
Tue May 19 2026,0.0219,732.0,0.9895,10.95,11.315,14.8301,0.1428,0.365,3.8801
Tue May 19 2026,0.0219,733.0,0.9909,9.97,10.5546,14.1713,0.141,0.5846,4.2013
Tue May 19 2026,0.0219,734.0,0.9922,9.27,9.833,13.5243,0.1397,0.563,4.2543
Tue May 19 2026,0.0219,735.0,0.9936,9.12,9.1287,12.8996,0.1383,0.0087,3.7796
Tue May 19 2026,0.0219,736.0,0.9949,7.87,8.4506,12.2956,0.137,0.5806,4.4256
Tue May 19 2026,0.0219,737.0,0.9963,7.54,7.7918,11.7159,0.1356,0.2518,4.1759
Tue May 19 2026,0.0219,738.0,0.9976,7.28,7.1745,11.1565,0.1346,-0.1055,3.8765
Tue May 19 2026,0.0219,739.0,0.999,6.56,6.5482,10.6297,0.1328,-0.0118,4.0697
Tue May 19 2026,0.0219,740.0,1.0003,5.96,5.9655,10.1252,0.1314,0.0055,4.1652
Tue May 19 2026,0.0219,741.0,1.0017,5.04,5.4145,9.647,0.1301,0.3745,4.607
Tue May 19 2026,0.0219,742.0,1.003,4.6,4.896,9.1959,0.1289,0.296,4.5959
Tue May 19 2026,0.0219,743.0,1.0044,4.3,4.4019,8.774,0.1276,0.1019,4.474
Tue May 19 2026,0.0219,744.0,1.0057,3.96,3.937,8.3812,0.1263,-0.023,4.4212
Tue May 19 2026,0.0219,745.0,1.0071,3.28,3.5059,8.0169,0.1251,0.2259,4.7369
Tue May 19 2026,0.0219,746.0,1.0084,2.89,3.1125,7.6799,0.1241,0.2225,4.7899
Tue May 19 2026,0.0219,747.0,1.0098,2.82,2.7443,7.373,0.123,-0.0757,4.553
Tue May 19 2026,0.0219,748.0,1.0112,2.22,2.3976,7.0974,0.1217,0.1776,4.8774
Tue May 19 2026,0.0219,749.0,1.0125,1.95,2.0908,6.8466,0.1207,0.1408,4.8966
Tue May 19 2026,0.0219,750.0,1.0139,1.45,1.8083,6.6249,0.1196,0.3583,5.1749
Tue May 19 2026,0.0219,755.0,1.0206,0.73,0.8076,5.8673,0.1153,0.0776,5.1373
Tue May 19 2026,0.0219,760.0,1.0274,0.3,0.3321,5.4983,0.1138,0.0321,5.1983
Tue May 19 2026,0.0219,765.0,1.0341,0.13,0.1451,5.2226,0.1163,0.0151,5.0926
Tue May 19 2026,0.0219,770.0,1.0409,0.08,0.0788,4.8346,0.1233,-0.0012,4.7546
Tue May 19 2026,0.0219,775.0,1.0477,0.07,0.0499,4.3575,0.1323,-0.0201,4.2875
Tue May 19 2026,0.0219,780.0,1.0544,0.05,0.041,3.6652,0.1449,-0.009,3.6152
Tue May 19 2026,0.0219,785.0,1.0612,0.02,0.0318,3.028,0.1558,0.0118,3.008
Tue May 19 2026,0.0219,790.0,1.0679,0.03,0.0226,2.4886,0.1646,-0.0074,2.4586
Tue May 19 2026,0.0219,795.0,1.0747,0.04,0.0228,1.564,0.179,-0.0172,1.524
Tue May 19 2026,0.0219,800.0,1.0814,0.02,0.0225,0.6301,0.1928,0.0025,0.6101
Tue May 19 2026,0.0219,810.0,1.095,0.02,0.0136,0.0,0.21,-0.0064,-0.02
Wed May 20 2026,0.0247,660.0,0.8922,76.11,80.4573,78.2052,0.2391,4.3473,2.0952
Wed May 20 2026,0.0247,675.0,0.9125,61.68,65.6223,61.3374,0.2711,3.9423,-0.3426
Wed May 20 2026,0.0247,690.0,0.9327,48.15,50.5542,51.0482,0.1933,2.4042,2.8982
Wed May 20 2026,0.0247,691.0,0.9341,47.44,49.766,47.8908,0.2315,2.326,0.4508
Wed May 20 2026,0.0247,693.0,0.9368,46.5,47.7141,46.8314,0.2157,1.2141,0.3314
Wed May 20 2026,0.0247,694.0,0.9382,44.7,46.8086,45.3824,0.2243,2.1086,0.6824
Wed May 20 2026,0.0247,695.0,0.9395,43.54,45.743,45.1147,0.2116,2.203,1.5747
Wed May 20 2026,0.0247,699.0,0.9449,38.42,41.8142,41.682,0.2036,3.3942,3.262
Wed May 20 2026,0.0247,700.0,0.9463,38.33,40.8763,40.6005,0.2059,2.5463,2.2705
Wed May 20 2026,0.0247,701.0,0.9476,35.13,39.8343,40.0974,0.1972,4.7043,4.9674
Wed May 20 2026,0.0247,702.0,0.949,32.38,39.0771,38.2526,0.2146,6.6971,5.8726
Wed May 20 2026,0.0247,704.0,0.9517,36.7,37.0065,37.1098,0.1998,0.3065,0.4098
Wed May 20 2026,0.0247,705.0,0.953,33.64,36.0199,36.3401,0.1963,2.3799,2.7001
Wed May 20 2026,0.0247,714.0,0.9652,25.96,27.5033,28.6948,0.1822,1.5433,2.7348
Wed May 20 2026,0.0247,715.0,0.9665,26.47,26.553,27.9152,0.1794,0.083,1.4452
Wed May 20 2026,0.0247,716.0,0.9679,23.27,25.6588,27.0469,0.179,2.3888,3.7769
Wed May 20 2026,0.0247,717.0,0.9692,22.39,24.7083,26.2901,0.1758,2.3183,3.9001
Wed May 20 2026,0.0247,718.0,0.9706,16.8,23.7375,25.5706,0.1716,6.9375,8.7706
Wed May 20 2026,0.0247,719.0,0.9719,19.49,22.855,24.7319,0.1709,3.365,5.2419
Wed May 20 2026,0.0247,720.0,0.9733,21.3,21.9479,23.9451,0.1689,0.6479,2.6451
Wed May 20 2026,0.0247,721.0,0.9747,14.91,21.0642,23.1461,0.1675,6.1542,8.2361
Wed May 20 2026,0.0247,723.0,0.9774,14.42,19.3001,21.5975,0.1639,4.8801,7.1775
Wed May 20 2026,0.0247,724.0,0.9787,17.15,18.4439,20.8254,0.1625,1.2939,3.6754
Wed May 20 2026,0.0247,725.0,0.9801,17.51,17.5856,20.074,0.1607,0.0756,2.564
Wed May 20 2026,0.0247,726.0,0.9814,15.88,16.7579,19.3186,0.1595,0.8779,3.4386
Wed May 20 2026,0.0247,727.0,0.9828,14.96,15.9256,18.587,0.1578,0.9656,3.627
Wed May 20 2026,0.0247,728.0,0.9841,14.28,15.1128,17.8631,0.1563,0.8328,3.5831
Wed May 20 2026,0.0247,729.0,0.9855,12.88,14.3099,17.1547,0.1547,1.4299,4.2747
Wed May 20 2026,0.0247,730.0,0.9868,13.48,13.529,16.4565,0.1533,0.049,2.9765
Wed May 20 2026,0.0247,731.0,0.9882,11.64,12.7676,15.7721,0.152,1.1276,4.1321
Wed May 20 2026,0.0247,732.0,0.9895,11.48,12.0188,15.1058,0.1506,0.5388,3.6258
Wed May 20 2026,0.0247,733.0,0.9909,10.56,11.2706,14.4619,0.1488,0.7106,3.9019
Wed May 20 2026,0.0247,734.0,0.9922,9.8,10.5612,13.829,0.1475,0.7612,4.029
Wed May 20 2026,0.0247,735.0,0.9936,9.71,9.8801,13.2129,0.1464,0.1701,3.5029
Wed May 20 2026,0.0247,736.0,0.9949,8.35,9.2061,12.6203,0.145,0.8561,4.2703
Wed May 20 2026,0.0247,737.0,0.9963,8.08,8.562,12.0467,0.1438,0.482,3.9667
Wed May 20 2026,0.0247,738.0,0.9976,7.38,7.9492,11.4931,0.1428,0.5692,4.1131
Wed May 20 2026,0.0247,739.0,0.999,7.49,7.3455,10.9648,0.1415,-0.1445,3.4748
Wed May 20 2026,0.0247,740.0,1.0003,6.87,6.7652,10.4597,0.1402,-0.1048,3.5897
Wed May 20 2026,0.0247,741.0,1.0017,6.22,6.2137,9.9778,0.139,-0.0063,3.7578
Wed May 20 2026,0.0247,742.0,1.003,5.76,5.6869,9.5205,0.1378,-0.0731,3.7605
Wed May 20 2026,0.0247,743.0,1.0044,4.61,5.1853,9.0882,0.1366,0.5753,4.4782
Wed May 20 2026,0.0247,744.0,1.0057,4.7,4.7094,8.6814,0.1354,0.0094,3.9814
Wed May 20 2026,0.0247,745.0,1.0071,4.38,4.264,8.2996,0.1343,-0.116,3.9196
Wed May 20 2026,0.0247,746.0,1.0084,3.63,3.8445,7.9437,0.1332,0.2145,4.3137
Wed May 20 2026,0.0247,747.0,1.0098,3.15,3.4554,7.6126,0.1322,0.3054,4.4626
Wed May 20 2026,0.0247,748.0,1.0112,2.9,3.0879,7.3083,0.1311,0.1879,4.4083
Wed May 20 2026,0.0247,749.0,1.0125,2.56,2.7502,7.0284,0.1301,0.1902,4.4684
Wed May 20 2026,0.0247,750.0,1.0139,2.38,2.4414,6.7721,0.1292,0.0614,4.3921
Wed May 20 2026,0.0247,755.0,1.0206,1.22,1.2439,5.8409,0.1246,0.0239,4.6209
Wed May 20 2026,0.0247,760.0,1.0274,0.61,0.5797,5.3449,0.1219,-0.0303,4.7349
Wed May 20 2026,0.0247,765.0,1.0341,0.22,0.2689,5.045,0.1223,0.0489,4.825
Wed May 20 2026,0.0247,770.0,1.0409,0.14,0.1352,4.7609,0.1258,-0.0048,4.6209
Wed May 20 2026,0.0247,775.0,1.0477,0.08,0.0795,4.3816,0.1324,-0.0005,4.3016
Wed May 20 2026,0.0247,780.0,1.0544,0.07,0.0605,3.7889,0.1431,-0.0095,3.7189
Wed May 20 2026,0.0247,785.0,1.0612,0.05,0.0513,3.0903,0.1551,0.0013,3.0403
Wed May 20 2026,0.0247,790.0,1.0679,0.02,0.0419,2.4317,0.1658,0.0219,2.4117
Wed May 20 2026,0.0247,795.0,1.0747,0.03,0.0317,1.8713,0.1745,0.0017,1.8413
Wed May 20 2026,0.0247,800.0,1.0814,0.04,0.023,1.3784,0.1819,-0.017,1.3384
Wed May 20 2026,0.0247,810.0,1.095,0.02,0.0228,0.0,0.2077,0.0028,-0.02
Wed May 20 2026,0.0247,815.0,1.1017,0.03,0.0137,0.0,0.2101,-0.0163,-0.03
Wed May 20 2026,0.0247,825.0,1.1152,0.02,0.0137,0.0,0.2342,-0.0063,-0.02
Wed May 20 2026,0.0247,830.0,1.122,0.02,0.0138,0.0,0.2463,-0.0062,-0.02
Wed May 20 2026,0.0247,835.0,1.1288,0.02,0.0138,0.0,0.258,-0.0062,-0.02
Wed May 20 2026,0.0247,840.0,1.1355,0.02,0.0138,0.0,0.2696,-0.0062,-0.02
Thu May 21 2026,0.0274,660.0,0.8922,79.85,80.546,77.9172,0.2453,0.696,-1.9328
Thu May 21 2026,0.0274,670.0,0.9057,64.93,70.6881,66.2954,0.2734,5.7581,1.3654
Thu May 21 2026,0.0274,685.0,0.926,53.5,55.842,53.246,0.2432,2.342,-0.254
Thu May 21 2026,0.0274,690.0,0.9327,46.38,50.8908,49.1511,0.2294,4.5108,2.7711
Thu May 21 2026,0.0274,695.0,0.9395,44.45,46.0007,44.8068,0.2206,1.5507,0.3568
Thu May 21 2026,0.0274,700.0,0.9463,39.01,41.2175,40.2436,0.217,2.2075,1.2336
Thu May 21 2026,0.0274,710.0,0.9598,30.52,30.7939,34.4571,0.1379,0.2739,3.9371
Thu May 21 2026,0.0274,715.0,0.9665,20.05,26.3562,29.0185,0.157,6.3062,8.9685
Thu May 21 2026,0.0274,717.0,0.9692,23.92,25.0703,26.5084,0.1782,1.1503,2.5884
Thu May 21 2026,0.0274,720.0,0.9733,21.8,22.3929,24.1304,0.1733,0.5929,2.3304
Thu May 21 2026,0.0274,725.0,0.9801,17.37,18.1003,20.3226,0.1653,0.7303,2.9526
Thu May 21 2026,0.0274,726.0,0.9814,16.79,17.2753,19.588,0.1638,0.4853,2.798
Thu May 21 2026,0.0274,727.0,0.9828,16.25,16.4772,18.8571,0.1627,0.2272,2.6071
Thu May 21 2026,0.0274,728.0,0.9841,14.52,15.6728,18.1485,0.1611,1.1528,3.6285
Thu May 21 2026,0.0274,729.0,0.9855,14.8,14.8933,17.4474,0.1598,0.0933,2.6474
Thu May 21 2026,0.0274,730.0,0.9868,12.84,14.1197,16.7635,0.1583,1.2797,3.9235
Thu May 21 2026,0.0274,732.0,0.9895,12.03,12.6388,15.4328,0.1558,0.6088,3.4028
Thu May 21 2026,0.0274,733.0,0.9909,11.78,11.9116,14.7946,0.1543,0.1316,3.0146
Thu May 21 2026,0.0274,734.0,0.9922,10.68,11.2103,14.1708,0.153,0.5303,3.4908
Thu May 21 2026,0.0274,735.0,0.9936,10.62,10.5502,13.5599,0.1522,-0.0698,2.9399
Thu May 21 2026,0.0274,736.0,0.9949,8.92,9.8717,12.9756,0.1506,0.9517,4.0556
Thu May 21 2026,0.0274,737.0,0.9963,8.99,9.2266,12.4075,0.1493,0.2366,3.4175
Thu May 21 2026,0.0274,738.0,0.9976,8.16,8.6063,11.8585,0.1481,0.4463,3.6985
Thu May 21 2026,0.0274,739.0,0.999,7.96,8.0069,11.3302,0.1469,0.0469,3.3702
Thu May 21 2026,0.0274,740.0,1.0003,6.7,7.4339,10.8226,0.1458,0.7339,4.1226
Thu May 21 2026,0.0274,741.0,1.0017,6.94,6.873,10.3381,0.1445,-0.067,3.3981
Thu May 21 2026,0.0274,742.0,1.003,5.66,6.3445,9.8747,0.1434,0.6845,4.2147
Thu May 21 2026,0.0274,743.0,1.0044,5.89,5.834,9.4347,0.1422,-0.056,3.5447
Thu May 21 2026,0.0274,744.0,1.0057,5.33,5.3565,9.0168,0.1412,0.0265,3.6868
Thu May 21 2026,0.0274,745.0,1.0071,4.83,4.893,8.6234,0.14,0.063,3.7934
Thu May 21 2026,0.0274,746.0,1.0084,4.17,4.4581,8.2531,0.1389,0.2881,4.0831
Thu May 21 2026,0.0274,747.0,1.0098,3.82,4.047,7.9065,0.1378,0.227,4.0865
Thu May 21 2026,0.0274,748.0,1.0112,3.29,3.6643,7.5828,0.1368,0.3743,4.2928
Thu May 21 2026,0.0274,749.0,1.0125,3.2,3.3052,7.2825,0.1358,0.1052,4.0825
Thu May 21 2026,0.0274,750.0,1.0139,2.65,2.9652,7.0066,0.1347,0.3152,4.3566
Thu May 21 2026,0.0274,755.0,1.0206,1.71,1.6365,5.9489,0.1301,-0.0735,4.2389
Thu May 21 2026,0.0274,760.0,1.0274,0.85,0.8214,5.3508,0.1265,-0.0286,4.5008
Thu May 21 2026,0.0274,765.0,1.0341,0.36,0.3951,5.022,0.1252,0.0351,4.662
Thu May 21 2026,0.0274,770.0,1.0409,0.18,0.2045,4.7356,0.1276,0.0245,4.5556
Thu May 21 2026,0.0274,775.0,1.0477,0.12,0.1175,4.4087,0.1326,-0.0025,4.2887
Thu May 21 2026,0.0274,780.0,1.0544,0.08,0.0789,3.9675,0.1403,-0.0011,3.8875
Thu May 21 2026,0.0274,785.0,1.0612,0.06,0.0599,3.4241,0.1497,-0.0001,3.3641
Thu May 21 2026,0.0274,790.0,1.0679,0.05,0.0414,2.9952,0.1568,-0.0086,2.9452
Thu May 21 2026,0.0274,795.0,1.0747,0.03,0.0323,2.4499,0.1656,0.0023,2.4199
Thu May 21 2026,0.0274,810.0,1.095,0.02,0.0231,0.3343,0.1971,0.0031,0.3143
Fri May 22 2026,0.0301,550.0,0.7435,181.7,190.47,179.8779,0.5219,8.77,-1.8221
Fri May 22 2026,0.0301,555.0,0.7503,177.35,185.4787,174.7706,0.5167,8.1287,-2.5794
Fri May 22 2026,0.0301,560.0,0.757,172.38,180.4873,169.6697,0.5095,8.1073,-2.7103
Fri May 22 2026,0.0301,575.0,0.7773,162.93,165.5133,154.5345,0.4813,2.5833,-8.3955
Fri May 22 2026,0.0301,580.0,0.784,157.72,160.522,149.5742,0.4705,2.802,-8.1458
Fri May 22 2026,0.0301,595.0,0.8043,137.97,145.5575,134.7254,0.4478,7.5875,-3.2446
Fri May 22 2026,0.0301,603.0,0.8151,123.08,137.5513,127.863,0.4003,14.4713,4.783
Fri May 22 2026,0.0301,605.0,0.8178,133.08,135.5748,125.2223,0.4211,2.4948,-7.8577
Fri May 22 2026,0.0301,606.0,0.8192,118.4,134.5841,124.0959,0.4254,16.1841,5.6959
Fri May 22 2026,0.0301,610.0,0.8246,125.13,130.5644,121.2651,0.3858,5.4344,-3.8649
Fri May 22 2026,0.0301,615.0,0.8314,120.14,125.6016,115.6809,0.4015,5.4616,-4.4591
Fri May 22 2026,0.0301,618.0,0.8354,99.85,122.5773,113.9542,0.3653,22.7273,14.1042
Fri May 22 2026,0.0301,628.0,0.8489,111.97,112.6712,103.0014,0.3884,0.7012,-8.9686
Fri May 22 2026,0.0301,629.0,0.8503,55.11,111.628,102.9653,0.3626,56.518,47.8553
Fri May 22 2026,0.0301,630.0,0.8516,92.04,110.6421,101.7888,0.3668,18.6021,9.7488
Fri May 22 2026,0.0301,631.0,0.853,83.05,109.6995,100.0056,0.3878,26.6495,16.9556
Fri May 22 2026,0.0301,633.0,0.8557,50.92,107.632,99.5075,0.3492,56.712,48.5875
Fri May 22 2026,0.0301,634.0,0.857,49.34,106.6175,99.1274,0.3355,57.2775,49.7874
Fri May 22 2026,0.0301,635.0,0.8584,104.81,105.6556,97.2788,0.3542,0.8456,-7.5312
Fri May 22 2026,0.0301,636.0,0.8597,103.97,104.6029,98.1604,0.3144,0.6329,-5.8096
Fri May 22 2026,0.0301,637.0,0.8611,101.46,103.6745,95.2355,0.355,2.2145,-6.2245
Fri May 22 2026,0.0301,638.0,0.8625,51.2,102.6216,95.7419,0.3224,51.4216,44.5419
Fri May 22 2026,0.0301,639.0,0.8638,72.46,101.5782,99.9846,0.2291,29.1182,27.5246
Fri May 22 2026,0.0301,640.0,0.8652,98.2,100.674,92.7361,0.3433,2.474,-5.4639
Fri May 22 2026,0.0301,641.0,0.8665,94.21,99.6594,92.215,0.3329,5.4494,-1.995
Fri May 22 2026,0.0301,642.0,0.8679,95.63,98.6928,90.7349,0.3432,3.0628,-4.8951
Fri May 22 2026,0.0301,643.0,0.8692,94.61,97.6639,90.4734,0.3274,3.0539,-4.1366
Fri May 22 2026,0.0301,644.0,0.8706,77.5,96.726,88.5679,0.3469,19.226,11.0679
Fri May 22 2026,0.0301,646.0,0.8733,92.52,94.6872,87.5401,0.3259,2.1672,-4.9799
Fri May 22 2026,0.0301,647.0,0.8746,64.85,93.7113,86.303,0.3308,28.8613,21.453
Fri May 22 2026,0.0301,648.0,0.876,87.38,92.6582,86.5725,0.3056,5.2782,-0.8075
Fri May 22 2026,0.0301,649.0,0.8773,89.74,91.6965,84.9248,0.3181,1.9565,-4.8152
Fri May 22 2026,0.0301,650.0,0.8787,83.49,90.7107,83.8649,0.3193,7.2207,0.3749
Fri May 22 2026,0.0301,651.0,0.88,82.93,89.7298,82.7519,0.3216,6.7998,-0.1781
Fri May 22 2026,0.0301,652.0,0.8814,84.85,88.7296,81.9427,0.3178,3.8796,-2.9073
Fri May 22 2026,0.0301,653.0,0.8827,62.08,87.6813,82.0196,0.2972,25.6013,19.9396
Fri May 22 2026,0.0301,654.0,0.8841,83.01,86.6379,82.5041,0.2708,3.6279,-0.5059
Fri May 22 2026,0.0301,655.0,0.8854,83.34,85.7291,79.5332,0.3064,2.3891,-3.8068
Fri May 22 2026,0.0301,656.0,0.8868,67.5,84.7288,78.7359,0.3026,17.2288,11.2359
Fri May 22 2026,0.0301,657.0,0.8881,82.02,83.7286,77.9412,0.2988,1.7086,-4.0788
Fri May 22 2026,0.0301,658.0,0.8895,80.18,82.7382,76.9933,0.2979,2.5582,-3.1867
Fri May 22 2026,0.0301,659.0,0.8908,78.95,81.743,76.1266,0.2955,2.793,-2.8234
Fri May 22 2026,0.0301,660.0,0.8922,78.07,80.7572,75.1266,0.2956,2.6872,-2.9434
Fri May 22 2026,0.0301,661.0,0.8935,75.27,79.7616,74.2725,0.293,4.4916,-0.9975
Fri May 22 2026,0.0301,662.0,0.8949,76.7,78.7566,73.5506,0.288,2.0566,-3.1494
Fri May 22 2026,0.0301,663.0,0.8962,73.33,77.7662,72.6287,0.2867,4.4362,-0.7013
Fri May 22 2026,0.0301,664.0,0.8976,74.76,76.7663,71.8396,0.283,2.0063,-2.9204
Fri May 22 2026,0.0301,665.0,0.899,75.55,75.79,70.7492,0.2848,0.24,-4.8008
Fri May 22 2026,0.0301,667.0,0.9017,71.82,73.7607,69.563,0.2705,1.9407,-2.257
Fri May 22 2026,0.0301,668.0,0.903,70.65,72.7076,69.6594,0.2516,2.0576,-0.9906
Fri May 22 2026,0.0301,669.0,0.9044,71.8,71.7123,68.7888,0.2495,-0.0877,-3.0112
Fri May 22 2026,0.0301,670.0,0.9057,69.99,70.8234,66.4548,0.273,0.8334,-3.5352
Fri May 22 2026,0.0301,671.0,0.9071,67.64,69.8326,65.5792,0.271,2.1926,-2.0608
Fri May 22 2026,0.0301,672.0,0.9084,68.06,68.8131,65.0126,0.2635,0.7531,-3.0474
Fri May 22 2026,0.0301,673.0,0.9098,65.44,67.8471,63.8812,0.2661,2.4071,-1.5588
Fri May 22 2026,0.0301,674.0,0.9111,60.48,66.8662,62.9252,0.2656,6.3862,2.4452
Fri May 22 2026,0.0301,675.0,0.9125,63.94,65.8566,62.2431,0.2602,1.9166,-1.6969
Fri May 22 2026,0.0301,676.0,0.9138,62.45,64.8612,61.4282,0.2572,2.4112,-1.0218
Fri May 22 2026,0.0301,677.0,0.9152,58.8,63.8854,60.4413,0.2573,5.0854,1.6413
Fri May 22 2026,0.0301,678.0,0.9165,61.21,62.8999,59.5504,0.2557,1.6899,-1.6596
Fri May 22 2026,0.0301,679.0,0.9179,59.9,61.9089,58.7105,0.2532,2.0089,-1.1895
Fri May 22 2026,0.0301,680.0,0.9192,58.99,60.9189,57.8659,0.2508,1.9289,-1.1241
Fri May 22 2026,0.0301,681.0,0.9206,57.92,59.933,56.9946,0.2489,2.013,-0.9254
Fri May 22 2026,0.0301,682.0,0.9219,57.19,58.9431,56.1575,0.2464,1.7531,-1.0325
Fri May 22 2026,0.0301,683.0,0.9233,55.89,57.9528,55.3267,0.2438,2.0628,-0.5633
Fri May 22 2026,0.0301,684.0,0.9246,54.49,56.9719,54.4364,0.2423,2.4819,-0.0536
Fri May 22 2026,0.0301,685.0,0.926,55.77,55.9868,53.58,0.2402,0.2168,-2.19
Fri May 22 2026,0.0301,686.0,0.9273,53.06,54.9616,52.9866,0.2333,1.9016,-0.0734
Fri May 22 2026,0.0301,687.0,0.9287,52.16,54.0206,51.8596,0.2362,1.8606,-0.3004
Fri May 22 2026,0.0301,688.0,0.93,52.35,53.0349,51.0225,0.2338,0.6849,-1.3275
Fri May 22 2026,0.0301,689.0,0.9314,50.16,52.0538,50.165,0.2318,1.8938,0.005
Fri May 22 2026,0.0301,690.0,0.9327,51.03,51.0736,49.3086,0.2298,0.0436,-1.7214
Fri May 22 2026,0.0301,691.0,0.9341,48.11,50.0838,48.5061,0.2268,1.9738,0.3961
Fri May 22 2026,0.0301,692.0,0.9355,46.69,49.1129,47.6149,0.2255,2.4229,0.9249
Fri May 22 2026,0.0301,693.0,0.9368,46.37,48.1414,46.7362,0.224,1.7714,0.3662
Fri May 22 2026,0.0301,694.0,0.9382,45.0,47.1609,45.9055,0.2216,2.1609,0.9055
Fri May 22 2026,0.0301,695.0,0.9395,45.51,46.1911,45.035,0.22,0.6811,-0.475
Fri May 22 2026,0.0301,696.0,0.9409,43.81,45.2218,44.1714,0.2183,1.4118,0.3614
Fri May 22 2026,0.0301,697.0,0.9422,41.92,44.2448,43.3445,0.2159,2.3248,1.4245
Fri May 22 2026,0.0301,698.0,0.9436,41.15,43.2746,42.4989,0.2139,2.1246,1.3489
Fri May 22 2026,0.0301,699.0,0.9449,40.03,42.3088,41.6453,0.2121,2.2788,1.6153
Fri May 22 2026,0.0301,700.0,0.9463,41.31,41.3434,40.7986,0.2102,0.0334,-0.5114
Fri May 22 2026,0.0301,701.0,0.9476,38.59,40.3832,39.9443,0.2085,1.7932,1.3543
Fri May 22 2026,0.0301,702.0,0.949,37.97,39.4236,39.097,0.2067,1.4536,1.127
Fri May 22 2026,0.0301,703.0,0.9503,36.63,38.4613,38.2659,0.2046,1.8313,1.6359
Fri May 22 2026,0.0301,704.0,0.9517,35.11,37.5064,37.4231,0.2028,2.3964,2.3131
Fri May 22 2026,0.0301,705.0,0.953,35.9,36.5396,36.6183,0.2002,0.6396,0.7183
Fri May 22 2026,0.0301,706.0,0.9544,35.37,35.6048,35.7458,0.1992,0.2348,0.3758
Fri May 22 2026,0.0301,707.0,0.9557,33.36,34.6604,34.9072,0.1975,1.3004,1.5472
Fri May 22 2026,0.0301,708.0,0.9571,32.18,33.7132,34.0843,0.1955,1.5332,1.9043
Fri May 22 2026,0.0301,709.0,0.9584,32.7,32.7799,33.2444,0.194,0.0799,0.5444
Fri May 22 2026,0.0301,710.0,0.9598,31.35,31.8417,32.4242,0.1921,0.4917,1.0742
Fri May 22 2026,0.0301,711.0,0.9611,30.75,30.912,31.5998,0.1904,0.162,0.8498
Fri May 22 2026,0.0301,712.0,0.9625,29.11,29.9915,30.7723,0.1889,0.8815,1.6623
Fri May 22 2026,0.0301,713.0,0.9638,28.75,29.0835,29.9392,0.1877,0.3335,1.1892
Fri May 22 2026,0.0301,714.0,0.9652,28.1,28.171,29.1256,0.1861,0.071,1.0256
Fri May 22 2026,0.0301,715.0,0.9665,27.61,27.2449,28.341,0.1838,-0.3651,0.731
Fri May 22 2026,0.0301,716.0,0.9679,25.89,26.3401,27.5411,0.1821,0.4501,1.6511
Fri May 22 2026,0.0301,717.0,0.9692,24.89,25.4413,26.7468,0.1804,0.5513,1.8568
Fri May 22 2026,0.0301,718.0,0.9706,24.27,24.5518,25.9559,0.1788,0.2818,1.6859
Fri May 22 2026,0.0301,719.0,0.9719,23.06,23.6693,25.1716,0.1772,0.6093,2.1116
Fri May 22 2026,0.0301,720.0,0.9733,21.3,22.8008,24.3891,0.1758,1.5008,3.0891
Fri May 22 2026,0.0301,721.0,0.9747,21.28,21.9269,23.625,0.174,0.6469,2.345
Fri May 22 2026,0.0301,722.0,0.976,20.5,21.082,22.8541,0.1728,0.582,2.3541
Fri May 22 2026,0.0301,723.0,0.9774,20.16,20.2324,22.102,0.1712,0.0724,1.942
Fri May 22 2026,0.0301,724.0,0.9787,19.04,19.4033,21.3525,0.1699,0.3633,2.3125
Fri May 22 2026,0.0301,725.0,0.9801,18.88,18.5617,20.6257,0.168,-0.3183,1.7457
Fri May 22 2026,0.0301,726.0,0.9814,16.82,17.7457,19.9008,0.1665,0.9257,3.0808
Fri May 22 2026,0.0301,727.0,0.9828,16.32,16.9452,19.1853,0.1651,0.6252,2.8653
Fri May 22 2026,0.0301,728.0,0.9841,16.52,16.1567,18.4816,0.1637,-0.3633,1.9616
Fri May 22 2026,0.0301,729.0,0.9855,15.42,15.3724,17.7937,0.1621,-0.0476,2.3737
Fri May 22 2026,0.0301,730.0,0.9868,14.79,14.6277,17.1102,0.1611,-0.1623,2.3202
Fri May 22 2026,0.0301,731.0,0.9882,13.23,13.8707,16.449,0.1595,0.6407,3.219
Fri May 22 2026,0.0301,732.0,0.9895,13.43,13.1465,15.7974,0.1583,-0.2835,2.3674
Fri May 22 2026,0.0301,733.0,0.9909,11.85,12.4381,15.1616,0.1571,0.5881,3.3116
Fri May 22 2026,0.0301,734.0,0.9922,11.53,11.7413,14.5429,0.1558,0.2113,3.0129
Fri May 22 2026,0.0301,735.0,0.9936,11.32,11.0516,13.9425,0.1543,-0.2684,2.6225
Fri May 22 2026,0.0301,736.0,0.9949,10.71,10.4041,13.3557,0.1533,-0.3059,2.6457
Fri May 22 2026,0.0301,737.0,0.9963,10.0,9.77,12.7879,0.1522,-0.23,2.7879
Fri May 22 2026,0.0301,738.0,0.9976,9.39,9.1449,12.2402,0.1509,-0.2451,2.8502
Fri May 22 2026,0.0301,739.0,0.999,8.83,8.5493,11.7108,0.1498,-0.2807,2.8808
Fri May 22 2026,0.0301,740.0,1.0003,8.25,7.9585,11.2027,0.1484,-0.2915,2.9527
Fri May 22 2026,0.0301,741.0,1.0017,7.69,7.3984,10.714,0.1472,-0.2916,3.024
Fri May 22 2026,0.0301,742.0,1.003,7.13,6.8645,10.2457,0.1461,-0.2655,3.1157
Fri May 22 2026,0.0301,743.0,1.0044,6.16,6.3469,9.7992,0.1449,0.1869,3.6392
Fri May 22 2026,0.0301,744.0,1.0057,5.92,5.8613,9.3735,0.1439,-0.0587,3.4535
Fri May 22 2026,0.0301,745.0,1.0071,5.6,5.3876,8.9706,0.1427,-0.2124,3.3706
Fri May 22 2026,0.0301,746.0,1.0084,4.87,4.9413,8.5895,0.1416,0.0713,3.7195
Fri May 22 2026,0.0301,747.0,1.0098,4.54,4.5174,8.2306,0.1405,-0.0226,3.6906
Fri May 22 2026,0.0301,748.0,1.0112,4.16,4.1255,7.8927,0.1396,-0.0345,3.7327
Fri May 22 2026,0.0301,749.0,1.0125,3.82,3.751,7.5776,0.1386,-0.069,3.7576
Fri May 22 2026,0.0301,750.0,1.0139,3.53,3.3987,7.2845,0.1376,-0.1313,3.7545
Fri May 22 2026,0.0301,755.0,1.0206,2.08,1.9663,6.1361,0.1328,-0.1137,4.0561
Fri May 22 2026,0.0301,760.0,1.0274,1.02,1.0435,5.4477,0.1289,0.0235,4.4277
Fri May 22 2026,0.0301,765.0,1.0341,0.55,0.5311,5.0537,0.1272,-0.0189,4.5037
Fri May 22 2026,0.0301,770.0,1.0409,0.29,0.2719,4.7924,0.1278,-0.0181,4.5024
Fri May 22 2026,0.0301,775.0,1.0477,0.16,0.1486,4.5375,0.1308,-0.0114,4.3775
Fri May 22 2026,0.0301,780.0,1.0544,0.1,0.0942,4.1803,0.1368,-0.0058,4.0803
Fri May 22 2026,0.0301,785.0,1.0612,0.08,0.0673,3.7322,0.1446,-0.0127,3.6522
Fri May 22 2026,0.0301,790.0,1.0679,0.06,0.0494,3.2723,0.1524,-0.0106,3.2123
Fri May 22 2026,0.0301,795.0,1.0747,0.04,0.0403,2.7123,0.1616,0.0003,2.6723
Fri May 22 2026,0.0301,800.0,1.0814,0.03,0.0315,2.205,0.1696,0.0015,2.175
Fri May 22 2026,0.0301,805.0,1.0882,0.03,0.0321,1.3824,0.1821,0.0021,1.3524
Fri May 22 2026,0.0301,810.0,1.095,0.02,0.0226,1.0224,0.1873,0.0026,1.0024
Fri May 22 2026,0.0301,815.0,1.1017,0.02,0.0228,0.1999,0.199,0.0028,0.1799
Fri May 22 2026,0.0301,820.0,1.1085,0.02,0.0137,0.0762,0.2006,-0.0063,0.0562
Fri May 22 2026,0.0301,825.0,1.1152,0.02,0.0137,0.0,0.2115,-0.0063,-0.02
Fri May 22 2026,0.0301,830.0,1.122,0.02,0.0138,0.0,0.2223,-0.0062,-0.02
Fri May 22 2026,0.0301,835.0,1.1288,0.02,0.0139,0.0,0.233,-0.0061,-0.02
Fri May 22 2026,0.0301,845.0,1.1423,0.02,0.0139,0.0,0.254,-0.0061,-0.02
Fri May 22 2026,0.0301,895.0,1.2099,0.02,0.0047,0.0,0.3245,-0.0153,-0.02
Fri May 29 2026,0.0493,435.0,0.588,300.34,305.6837,298.107,0.7302,5.3437,-2.233
Fri May 29 2026,0.0493,450.0,0.6083,274.0,290.7371,282.7891,0.7444,16.7371,8.7891
Fri May 29 2026,0.0493,455.0,0.6151,199.0,285.7516,277.7841,0.7359,86.7516,78.7841
Fri May 29 2026,0.0493,460.0,0.6218,248.2,280.7612,272.8248,0.7188,32.5612,24.6248
Fri May 29 2026,0.0493,480.0,0.6489,164.61,260.9169,252.3343,0.7555,96.3069,87.7243
Fri May 29 2026,0.0493,490.0,0.6624,205.75,250.8285,242.4244,0.6351,45.0785,36.6744
Fri May 29 2026,0.0493,505.0,0.6827,233.59,235.867,226.9164,0.6004,2.277,-6.6736
Fri May 29 2026,0.0493,510.0,0.6894,214.64,230.8668,221.5088,0.5725,16.2268,6.8688
Fri May 29 2026,0.0493,515.0,0.6962,223.5,225.896,216.5381,0.5802,2.396,-6.9619
Fri May 29 2026,0.0493,520.0,0.7029,218.5,220.9105,211.3353,0.5697,2.4105,-7.1647
Fri May 29 2026,0.0493,525.0,0.7097,213.24,215.9201,206.0766,0.5546,2.6801,-7.1634
Fri May 29 2026,0.0493,530.0,0.7165,171.0,210.9346,200.8869,0.544,39.9346,29.8869
Fri May 29 2026,0.0493,545.0,0.7367,174.21,195.9289,185.7738,0.4612,21.7189,11.5638
Fri May 29 2026,0.0493,560.0,0.757,173.93,181.0068,170.4747,0.4677,7.0768,-3.4553
Fri May 29 2026,0.0493,565.0,0.7638,147.61,176.031,165.4824,0.4625,28.421,17.8724
Fri May 29 2026,0.0493,570.0,0.7705,141.68,171.0602,160.4825,0.4586,29.3802,18.8025
Fri May 29 2026,0.0493,575.0,0.7773,161.44,165.9765,158.3912,0.3542,4.5365,-3.0488
Fri May 29 2026,0.0493,580.0,0.784,131.87,161.0009,152.6835,0.3712,29.1309,20.8135
Fri May 29 2026,0.0493,585.0,0.7908,128.02,156.1134,145.9626,0.4264,28.0934,17.9426
Fri May 29 2026,0.0493,588.0,0.7949,124.85,153.1231,143.1083,0.4194,28.2731,18.2583
Fri May 29 2026,0.0493,589.0,0.7962,108.2,152.1278,142.1461,0.4176,43.9278,33.9461
Fri May 29 2026,0.0493,590.0,0.7976,146.14,151.0888,141.6995,0.3975,4.9488,-4.4405
Fri May 29 2026,0.0493,591.0,0.7989,121.89,150.1374,140.2246,0.414,28.2474,18.3346
Fri May 29 2026,0.0493,592.0,0.8003,120.59,149.0396,141.0975,0.3574,28.4496,20.5075
Fri May 29 2026,0.0493,593.0,0.8016,72.74,148.2548,137.6233,0.4403,75.5148,64.8833
Fri May 29 2026,0.0493,594.0,0.803,80.56,147.1472,137.3964,0.4069,66.5872,56.8364
Fri May 29 2026,0.0493,595.0,0.8043,144.01,146.2936,135.5876,0.442,2.2836,-8.4224
Fri May 29 2026,0.0493,596.0,0.8057,142.73,145.1569,135.4887,0.4032,2.4269,-7.2413
Fri May 29 2026,0.0493,597.0,0.807,98.94,144.1617,134.5377,0.4013,45.2217,35.5977
Fri May 29 2026,0.0493,598.0,0.8084,81.29,143.2986,132.7576,0.4328,62.0086,51.4676
Fri May 29 2026,0.0493,599.0,0.8097,84.04,142.1471,132.889,0.3894,58.1071,48.849
Fri May 29 2026,0.0493,600.0,0.8111,133.26,141.1519,131.9413,0.3876,7.8919,-1.3187
Fri May 29 2026,0.0493,601.0,0.8124,99.68,140.181,130.7475,0.3936,40.501,31.0675
Fri May 29 2026,0.0493,603.0,0.8151,62.53,138.3131,128.0597,0.4188,75.7831,65.5297
Fri May 29 2026,0.0493,605.0,0.8178,133.13,136.1614,127.3923,0.3736,3.0314,-5.7377
Fri May 29 2026,0.0493,606.0,0.8192,130.51,135.1809,126.2862,0.3765,4.6709,-4.2238
Fri May 29 2026,0.0493,607.0,0.8205,110.53,134.0979,126.7557,0.3392,23.5679,16.2257
Fri May 29 2026,0.0493,608.0,0.8219,107.09,133.2104,124.2183,0.3783,26.1204,17.1283
Fri May 29 2026,0.0493,609.0,0.8233,94.96,132.2151,123.2879,0.3762,37.2551,28.3279
Fri May 29 2026,0.0493,610.0,0.8246,128.86,131.1026,124.1228,0.3307,2.2426,-4.7372
Fri May 29 2026,0.0493,611.0,0.826,96.08,130.2249,121.4275,0.3721,34.1449,25.3475
Fri May 29 2026,0.0493,612.0,0.8273,85.2,129.2051,120.7437,0.3634,44.0051,35.5437
Fri May 29 2026,0.0493,613.0,0.8287,103.25,128.2346,119.5757,0.3679,24.9846,16.3257
Fri May 29 2026,0.0493,614.0,0.83,94.34,127.2246,118.7935,0.362,32.8846,24.4535
Fri May 29 2026,0.0493,615.0,0.8314,118.12,126.1659,118.6438,0.341,8.0459,0.5238
Fri May 29 2026,0.0493,616.0,0.8327,77.19,125.2247,117.0466,0.3554,48.0347,39.8566
Fri May 29 2026,0.0493,617.0,0.8341,81.36,124.2051,116.3982,0.3467,42.8451,35.0382
Fri May 29 2026,0.0493,618.0,0.8354,99.37,123.161,116.172,0.329,23.791,16.802
Fri May 29 2026,0.0493,619.0,0.8368,45.68,122.2441,114.2458,0.3504,76.5641,68.5658
Fri May 29 2026,0.0493,620.0,0.8381,120.24,121.3808,112.3588,0.3745,1.1408,-7.8812
Fri May 29 2026,0.0493,621.0,0.8395,77.49,120.2634,112.329,0.3484,42.7734,34.839
Fri May 29 2026,0.0493,622.0,0.8408,89.32,119.1608,112.8139,0.3153,29.8408,23.4939
Fri May 29 2026,0.0493,623.0,0.8422,64.28,118.2733,110.5095,0.3441,53.9933,46.2295
Fri May 29 2026,0.0493,624.0,0.8435,99.0,117.2389,110.0017,0.3327,18.2389,11.0017
Fri May 29 2026,0.0493,625.0,0.8449,101.91,116.2978,108.5694,0.3428,14.3878,6.6594
Fri May 29 2026,0.0493,626.0,0.8462,75.93,115.1166,110.6961,0.279,39.1866,34.7661
Fri May 29 2026,0.0493,627.0,0.8476,107.7,114.3122,106.7282,0.3392,6.6122,-0.9718
Fri May 29 2026,0.0493,628.0,0.8489,93.95,113.2975,105.9992,0.333,19.3475,12.0492
Fri May 29 2026,0.0493,629.0,0.8503,55.66,112.3026,105.1005,0.3308,56.6426,49.4405
Fri May 29 2026,0.0493,630.0,0.8516,109.32,111.2487,104.8045,0.3156,1.9287,-4.5155
Fri May 29 2026,0.0493,631.0,0.853,54.27,110.3218,103.2305,0.3281,56.0518,48.9605
Fri May 29 2026,0.0493,632.0,0.8543,102.1,109.3121,102.4666,0.323,7.2121,0.3666
Fri May 29 2026,0.0493,633.0,0.8557,80.48,108.3267,101.4907,0.3226,27.8467,21.0107
Fri May 29 2026,0.0493,634.0,0.857,105.34,107.3904,100.1509,0.3304,2.0504,-5.1891
Fri May 29 2026,0.0493,635.0,0.8584,105.81,106.3511,99.5961,0.3206,0.5411,-6.2139
Fri May 29 2026,0.0493,636.0,0.8597,103.21,105.3461,98.7934,0.3165,2.1361,-4.4166
Fri May 29 2026,0.0493,637.0,0.8611,99.07,104.3754,97.7185,0.3183,5.3054,-1.3515
Fri May 29 2026,0.0493,638.0,0.8625,87.72,103.376,96.8712,0.3152,15.656,9.1512
Fri May 29 2026,0.0493,639.0,0.8638,61.94,102.3021,96.6843,0.2986,40.3621,34.7443
Fri May 29 2026,0.0493,640.0,0.8652,100.18,101.5077,94.3407,0.3276,1.3277,-5.8393
Fri May 29 2026,0.0493,641.0,0.8665,98.06,100.3948,94.2122,0.3086,2.3348,-3.8478
Fri May 29 2026,0.0493,642.0,0.8679,83.9,99.3802,93.4877,0.3031,15.4802,9.5877
Fri May 29 2026,0.0493,643.0,0.8692,72.07,98.3999,92.5037,0.303,26.3299,20.4337
Fri May 29 2026,0.0493,644.0,0.8706,90.52,97.4097,91.5982,0.3013,6.8897,1.0782
Fri May 29 2026,0.0493,645.0,0.8719,93.74,96.3264,91.4659,0.2843,2.5864,-2.2741
Fri May 29 2026,0.0493,646.0,0.8733,76.0,95.4336,89.7655,0.2984,19.4336,13.7655
Fri May 29 2026,0.0493,647.0,0.8746,80.29,94.2675,90.4724,0.2658,13.9775,10.1824
Fri May 29 2026,0.0493,648.0,0.876,91.16,93.3507,88.7633,0.2792,2.1907,-2.3967
Fri May 29 2026,0.0493,649.0,0.8773,87.73,92.4634,87.0797,0.2929,4.7334,-0.6503
Fri May 29 2026,0.0493,650.0,0.8787,91.25,91.5268,85.8687,0.2976,0.2768,-5.3813
Fri May 29 2026,0.0493,651.0,0.88,63.74,90.4732,85.3652,0.2878,26.7332,21.6252
Fri May 29 2026,0.0493,652.0,0.8814,85.82,89.4978,84.3878,0.2877,3.6778,-1.4322
Fri May 29 2026,0.0493,653.0,0.8827,85.69,88.4824,83.6608,0.2826,2.7924,-2.0292
Fri May 29 2026,0.0493,654.0,0.8841,84.86,87.4727,82.9016,0.2782,2.6127,-1.9584
Fri May 29 2026,0.0493,655.0,0.8854,84.24,86.5412,81.6696,0.2832,2.3012,-2.5704
Fri May 29 2026,0.0493,656.0,0.8868,83.74,85.5511,80.7952,0.2811,1.8111,-2.9448
Fri May 29 2026,0.0493,657.0,0.8881,82.46,84.5412,80.0319,0.2768,2.0812,-2.4281
Fri May 29 2026,0.0493,658.0,0.8895,77.42,83.5122,79.383,0.2703,6.0922,1.963
Fri May 29 2026,0.0493,659.0,0.8908,63.88,82.4486,78.9752,0.2593,18.5686,15.0952
Fri May 29 2026,0.0493,660.0,0.8922,81.68,81.5999,77.2727,0.2734,-0.0801,-4.4073
Fri May 29 2026,0.0493,661.0,0.8935,76.41,80.5853,76.5335,0.2687,4.1753,0.1235
Fri May 29 2026,0.0493,662.0,0.8949,72.1,79.483,76.3038,0.2542,7.383,4.2038
Fri May 29 2026,0.0493,663.0,0.8962,78.75,78.6145,74.7621,0.2652,-0.1355,-3.9879
Fri May 29 2026,0.0493,664.0,0.8976,74.38,77.6055,73.9962,0.2611,3.2255,-0.3838
Fri May 29 2026,0.0493,665.0,0.899,74.6,76.5954,73.2368,0.2569,1.9954,-1.3632
Fri May 29 2026,0.0493,666.0,0.9003,69.85,75.7871,71.5956,0.2705,5.9371,1.7456
Fri May 29 2026,0.0493,667.0,0.9017,72.01,74.6888,71.1855,0.2591,2.6788,-0.8245
Fri May 29 2026,0.0493,668.0,0.903,71.58,73.6398,70.5978,0.2515,2.0598,-0.9822
Fri May 29 2026,0.0493,669.0,0.9044,63.93,72.59,70.03,0.2436,8.66,6.1
Fri May 29 2026,0.0493,670.0,0.9057,71.73,71.7424,68.5495,0.2538,0.0124,-3.1805
Fri May 29 2026,0.0493,671.0,0.9071,68.58,70.6447,68.1574,0.2423,2.0647,-0.4226
Fri May 29 2026,0.0493,672.0,0.9084,67.61,69.7672,66.8492,0.2492,2.1572,-0.7608
Fri May 29 2026,0.0493,673.0,0.9098,66.28,68.7866,65.9758,0.2474,2.5066,-0.3042
Fri May 29 2026,0.0493,674.0,0.9111,60.82,67.7958,65.1423,0.2448,6.9758,4.3223
Fri May 29 2026,0.0493,675.0,0.9125,66.55,66.8457,64.1696,0.2451,0.2957,-2.3804
Fri May 29 2026,0.0493,676.0,0.9138,65.6,65.8502,63.3568,0.2421,0.2502,-2.2432
Fri May 29 2026,0.0493,677.0,0.9152,62.75,64.743,62.9368,0.231,1.993,0.1868
Fri May 29 2026,0.0493,678.0,0.9165,61.91,63.8064,61.9105,0.2324,1.8964,0.0005
Fri May 29 2026,0.0493,679.0,0.9179,60.72,62.8899,60.8415,0.2348,2.1699,0.1215
Fri May 29 2026,0.0493,680.0,0.9192,61.35,61.9152,59.9699,0.2331,0.5652,-1.3801
Fri May 29 2026,0.0493,681.0,0.9206,58.87,60.8263,59.4518,0.2239,1.9563,0.5818
Fri May 29 2026,0.0493,682.0,0.9219,57.7,60.0139,58.1068,0.2324,2.3139,0.4068
Fri May 29 2026,0.0493,683.0,0.9233,58.14,58.9985,57.3577,0.2281,0.8585,-0.7823
Fri May 29 2026,0.0493,684.0,0.9246,55.68,57.9249,56.7685,0.2203,2.2449,1.0885
Fri May 29 2026,0.0493,685.0,0.926,56.19,57.0034,55.7644,0.2216,0.8134,-0.4256
Fri May 29 2026,0.0493,686.0,0.9273,55.88,56.0228,54.9253,0.2193,0.1428,-0.9547
Fri May 29 2026,0.0493,687.0,0.9287,54.43,55.1669,53.799,0.2236,0.7369,-0.631
Fri May 29 2026,0.0493,688.0,0.93,54.18,54.1962,52.9516,0.2216,0.0162,-1.2284
Fri May 29 2026,0.0493,689.0,0.9314,53.21,53.2348,52.0887,0.22,0.0248,-1.1213
Fri May 29 2026,0.0493,690.0,0.9327,51.35,52.1124,51.563,0.2104,0.7624,0.213
Fri May 29 2026,0.0493,691.0,0.9341,51.14,51.2104,50.5733,0.2118,0.0704,-0.5667
Fri May 29 2026,0.0493,692.0,0.9355,46.95,50.3534,49.522,0.2149,3.4034,2.572
Fri May 29 2026,0.0493,693.0,0.9368,46.96,49.1773,49.0708,0.2032,2.2173,2.1108
Fri May 29 2026,0.0493,694.0,0.9382,48.4,48.4431,47.8156,0.2116,0.0431,-0.5844
Fri May 29 2026,0.0493,695.0,0.9395,46.75,46.7237,48.5209,0.1712,-0.0263,1.7709
Fri May 29 2026,0.0493,696.0,0.9409,45.9,46.2561,46.5723,0.1963,0.3561,0.6723
Fri May 29 2026,0.0493,697.0,0.9422,43.64,45.1668,45.9433,0.1887,1.5268,2.3033
Fri May 29 2026,0.0493,698.0,0.9436,42.72,44.6458,44.4269,0.205,1.9258,1.7069
Fri May 29 2026,0.0493,699.0,0.9449,41.26,43.6252,43.6846,0.2005,2.3652,2.4246
Fri May 29 2026,0.0493,700.0,0.9463,42.75,42.9123,42.568,0.207,0.1623,-0.182
Fri May 29 2026,0.0493,701.0,0.9476,40.27,41.9762,41.7375,0.2053,1.7062,1.4675
Fri May 29 2026,0.0493,702.0,0.949,40.61,40.8352,41.1295,0.1967,0.2252,0.5195
Fri May 29 2026,0.0493,703.0,0.9503,39.11,39.9871,40.2079,0.1979,0.8771,1.0979
Fri May 29 2026,0.0493,704.0,0.9517,37.22,39.0182,39.418,0.195,1.7982,2.198
Fri May 29 2026,0.0493,705.0,0.953,37.73,38.6503,38.1269,0.2098,0.9203,0.3969
Fri May 29 2026,0.0493,706.0,0.9544,35.01,37.2365,37.7113,0.1938,2.2265,2.7013
Fri May 29 2026,0.0493,707.0,0.9557,36.31,35.5994,37.5202,0.1696,-0.7106,1.2102
Fri May 29 2026,0.0493,708.0,0.9571,35.38,34.6135,36.7267,0.1663,-0.7665,1.3467
Fri May 29 2026,0.0493,709.0,0.9584,30.87,33.8645,35.7328,0.1706,2.9945,4.8628
Fri May 29 2026,0.0493,710.0,0.9598,32.97,33.5719,34.4726,0.1869,0.6019,1.5026
Fri May 29 2026,0.0493,711.0,0.9611,31.85,32.6778,33.665,0.1855,0.8278,1.815
Fri May 29 2026,0.0493,712.0,0.9625,31.81,31.7886,32.8621,0.1841,-0.0214,1.0521
Fri May 29 2026,0.0493,713.0,0.9638,28.91,30.9168,32.0585,0.183,2.0068,3.1485
Fri May 29 2026,0.0493,714.0,0.9652,29.23,30.0261,31.272,0.1813,0.7961,2.042
Fri May 29 2026,0.0493,715.0,0.9665,28.75,29.1446,30.4887,0.1797,0.3946,1.7387
Fri May 29 2026,0.0493,716.0,0.9679,27.75,28.2949,29.701,0.1787,0.5449,1.951
Fri May 29 2026,0.0493,717.0,0.9692,27.31,27.4254,28.9295,0.1771,0.1154,1.6195
Fri May 29 2026,0.0493,718.0,0.9706,25.88,26.5711,28.1611,0.1757,0.6911,2.2811
Fri May 29 2026,0.0493,719.0,0.9719,25.0,25.7189,27.4005,0.1742,0.7189,2.4005
Fri May 29 2026,0.0493,720.0,0.9733,25.0,24.8784,26.6456,0.1728,-0.1216,1.6456
Fri May 29 2026,0.0493,721.0,0.9747,24.06,24.0504,25.8971,0.1715,-0.0096,1.8371
Fri May 29 2026,0.0493,722.0,0.976,22.47,23.2404,25.1547,0.1704,0.7704,2.6847
Fri May 29 2026,0.0493,723.0,0.9774,20.6,22.4134,24.4249,0.1688,1.8134,3.8249
Fri May 29 2026,0.0493,724.0,0.9787,21.4,21.605,23.7015,0.1674,0.205,2.3015
Fri May 29 2026,0.0493,725.0,0.9801,20.17,20.8217,22.9857,0.1663,0.6517,2.8157
Fri May 29 2026,0.0493,726.0,0.9814,19.75,20.0373,22.2802,0.165,0.2873,2.5302
Fri May 29 2026,0.0493,727.0,0.9828,19.18,19.2571,21.5847,0.1636,0.0771,2.4047
Fri May 29 2026,0.0493,728.0,0.9841,18.4,18.4927,20.899,0.1623,0.0927,2.499
Fri May 29 2026,0.0493,729.0,0.9855,17.39,17.7158,20.2238,0.1606,0.3258,2.8338
Fri May 29 2026,0.0493,730.0,0.9868,16.73,16.9964,19.5599,0.1597,0.2664,2.8299
Fri May 29 2026,0.0493,731.0,0.9882,16.09,16.2654,18.9071,0.1584,0.1754,2.8171
Fri May 29 2026,0.0493,732.0,0.9895,14.86,15.5463,18.2661,0.1571,0.6863,3.4061
Fri May 29 2026,0.0493,733.0,0.9909,14.44,14.8396,17.6374,0.1558,0.3996,3.1974
Fri May 29 2026,0.0493,734.0,0.9922,13.45,14.1583,17.0226,0.1547,0.7083,3.5726
Fri May 29 2026,0.0493,735.0,0.9936,13.07,13.4843,16.4206,0.1535,0.4143,3.3506
Fri May 29 2026,0.0493,736.0,0.9949,12.41,12.8114,15.8309,0.1521,0.4014,3.4209
Fri May 29 2026,0.0493,737.0,0.9963,12.25,12.1718,15.2575,0.151,-0.0782,3.0075
Fri May 29 2026,0.0493,738.0,0.9976,11.7,11.5407,14.6979,0.1498,-0.1593,2.9979
Fri May 29 2026,0.0493,739.0,0.999,11.02,10.9246,14.1533,0.1486,-0.0954,3.1333
Fri May 29 2026,0.0493,740.0,1.0003,10.38,10.3242,13.6242,0.1474,-0.0558,3.2442
Fri May 29 2026,0.0493,741.0,1.0017,9.75,9.7462,13.1119,0.1463,-0.0038,3.3619
Fri May 29 2026,0.0493,742.0,1.003,8.92,9.1846,12.6158,0.1452,0.2646,3.6958
Fri May 29 2026,0.0493,743.0,1.0044,8.62,8.6397,12.1362,0.1441,0.0197,3.5162
Fri May 29 2026,0.0493,744.0,1.0057,8.09,8.1118,11.6736,0.143,0.0218,3.5836
Fri May 29 2026,0.0493,745.0,1.0071,7.36,7.6077,11.2291,0.142,0.2477,3.8691
Fri May 29 2026,0.0493,746.0,1.0084,7.25,7.1211,10.8021,0.141,-0.1289,3.5521
Fri May 29 2026,0.0493,747.0,1.0098,6.39,6.6458,10.3917,0.1399,0.2558,4.0017
Fri May 29 2026,0.0493,748.0,1.0112,6.14,6.1949,10.0,0.1389,0.0549,3.86
Fri May 29 2026,0.0493,749.0,1.0125,5.55,5.7619,9.6263,0.1379,0.2119,4.0763
Fri May 29 2026,0.0493,750.0,1.0139,5.44,5.347,9.2705,0.1369,-0.093,3.8305
Fri May 29 2026,0.0493,755.0,1.0206,3.54,3.583,7.7635,0.1326,0.043,4.2235
Fri May 29 2026,0.0493,760.0,1.0274,2.35,2.2676,6.6823,0.1287,-0.0824,4.3323
Fri May 29 2026,0.0493,765.0,1.0341,1.4,1.3693,5.965,0.1258,-0.0307,4.565
Fri May 29 2026,0.0493,770.0,1.0409,0.83,0.8032,5.5124,0.1242,-0.0268,4.6824
Fri May 29 2026,0.0493,775.0,1.0477,0.45,0.4725,5.2123,0.1242,0.0225,4.7623
Fri May 29 2026,0.0493,780.0,1.0544,0.3,0.2924,4.957,0.1262,-0.0076,4.657
Fri May 29 2026,0.0493,785.0,1.0612,0.19,0.1868,4.725,0.1291,-0.0032,4.535
Fri May 29 2026,0.0493,790.0,1.0679,0.12,0.1298,4.4483,0.1336,0.0098,4.3283
Fri May 29 2026,0.0493,795.0,1.0747,0.11,0.1007,4.0872,0.1399,-0.0093,3.9772
Fri May 29 2026,0.0493,800.0,1.0814,0.08,0.0819,3.6915,0.1467,0.0019,3.6115
Fri May 29 2026,0.0493,805.0,1.0882,0.07,0.0624,3.3712,0.152,-0.0076,3.3012
Fri May 29 2026,0.0493,810.0,1.095,0.05,0.0529,2.9482,0.1589,0.0029,2.8982
Fri May 29 2026,0.0493,815.0,1.1017,0.05,0.0435,2.5613,0.165,-0.0065,2.5113
Fri May 29 2026,0.0493,820.0,1.1085,0.04,0.0437,1.9411,0.1745,0.0037,1.9011
Fri May 29 2026,0.0493,825.0,1.1152,0.04,0.0339,1.6333,0.179,-0.0061,1.5933
Fri May 29 2026,0.0493,830.0,1.122,0.03,0.0339,1.0085,0.188,0.0039,0.9785
Fri May 29 2026,0.0493,835.0,1.1288,0.03,0.0243,0.8177,0.1906,-0.0057,0.7877
Fri May 29 2026,0.0493,840.0,1.1355,0.02,0.024,0.2139,0.1989,0.004,0.1939
Fri May 29 2026,0.0493,845.0,1.1423,0.02,0.024,0.0,0.2074,0.004,-0.02
Fri May 29 2026,0.0493,855.0,1.1558,0.02,0.0145,0.0,0.2142,-0.0055,-0.02
Fri May 29 2026,0.0493,860.0,1.1626,0.02,0.0145,0.0,0.2222,-0.0055,-0.02
Fri May 29 2026,0.0493,865.0,1.1693,0.02,0.0146,0.0,0.2301,-0.0054,-0.02
Fri May 29 2026,0.0493,870.0,1.1761,0.02,0.0146,0.0,0.2379,-0.0054,-0.02
Fri Jun 05 2026,0.0685,515.0,0.6962,210.19,226.3367,216.3882,0.5064,16.1467,6.1982
Fri Jun 05 2026,0.0685,560.0,0.757,160.12,181.5444,171.718,0.4309,21.4244,11.598
Fri Jun 05 2026,0.0685,565.0,0.7638,175.74,176.4749,167.9836,0.3822,0.7349,-7.7564
Fri Jun 05 2026,0.0685,590.0,0.7976,126.71,151.6726,143.3,0.3689,24.9626,16.59
Fri Jun 05 2026,0.0685,598.0,0.8084,119.5,143.7766,135.4047,0.366,24.2766,15.9047
Fri Jun 05 2026,0.0685,600.0,0.8111,139.15,141.752,133.7906,0.3553,2.602,-5.3594
Fri Jun 05 2026,0.0685,605.0,0.8178,119.75,136.7271,129.6027,0.335,16.9771,9.8527
Fri Jun 05 2026,0.0685,611.0,0.826,114.98,130.7863,123.8909,0.3287,15.8063,8.9109
Fri Jun 05 2026,0.0685,614.0,0.83,106.91,127.8707,120.7019,0.3337,20.9607,13.7919
Fri Jun 05 2026,0.0685,615.0,0.8314,111.0,126.8901,119.7145,0.3336,15.8901,8.7145
Fri Jun 05 2026,0.0685,620.0,0.8381,116.06,121.9543,115.0112,0.3276,5.8943,-1.0488
Fri Jun 05 2026,0.0685,625.0,0.8449,110.08,116.9789,110.5602,0.3161,6.8989,0.4802
Fri Jun 05 2026,0.0685,628.0,0.8489,105.34,114.1473,107.2244,0.3254,8.8073,1.8844
Fri Jun 05 2026,0.0685,629.0,0.8503,87.34,112.9101,107.5386,0.2957,25.5701,20.1986
Fri Jun 05 2026,0.0685,630.0,0.8516,104.77,111.9744,106.2999,0.3011,7.2044,1.5299
Fri Jun 05 2026,0.0685,631.0,0.853,106.41,111.0433,105.0904,0.3061,4.6333,-1.3196
Fri Jun 05 2026,0.0685,634.0,0.857,93.88,107.9893,102.8135,0.2914,14.1093,8.9335
Fri Jun 05 2026,0.0685,635.0,0.8584,98.12,107.0976,101.4273,0.3002,8.9776,3.3073
Fri Jun 05 2026,0.0685,636.0,0.8597,98.1,106.0785,100.6638,0.2954,7.9785,2.5638
Fri Jun 05 2026,0.0685,640.0,0.8652,99.25,101.974,97.83,0.2725,2.724,-1.42
Fri Jun 05 2026,0.0685,642.0,0.8679,93.42,100.1527,95.2576,0.2853,6.7327,1.8376
Fri Jun 05 2026,0.0685,644.0,0.8706,74.4,98.3346,92.9023,0.2945,23.9346,18.5023
Fri Jun 05 2026,0.0685,645.0,0.8719,92.42,97.3007,92.1713,0.289,4.8807,-0.2487
Fri Jun 05 2026,0.0685,646.0,0.8733,92.61,96.1725,91.8085,0.2756,3.5625,-0.8015
Fri Jun 05 2026,0.0685,647.0,0.8746,68.35,95.1573,91.0325,0.2714,26.8073,22.6825
Fri Jun 05 2026,0.0685,648.0,0.876,66.74,94.2309,89.9003,0.2748,27.4909,23.1603
Fri Jun 05 2026,0.0685,649.0,0.8773,67.2,93.3008,88.8112,0.2774,26.1008,21.6112
Fri Jun 05 2026,0.0685,650.0,0.8787,90.0,92.3207,87.9063,0.276,2.3207,-2.0937
Fri Jun 05 2026,0.0685,651.0,0.88,85.29,91.2912,87.1705,0.2709,6.0012,1.8805
Fri Jun 05 2026,0.0685,652.0,0.8814,67.74,90.2661,86.4239,0.2661,22.5261,18.6839
Fri Jun 05 2026,0.0685,653.0,0.8827,84.18,89.2567,85.6235,0.2625,5.0767,1.4435
Fri Jun 05 2026,0.0685,654.0,0.8841,82.95,88.3355,84.5174,0.2655,5.3855,1.5674
Fri Jun 05 2026,0.0685,655.0,0.8854,84.87,87.3796,83.5437,0.2657,2.5096,-1.3263
Fri Jun 05 2026,0.0685,656.0,0.8868,61.65,86.553,82.2224,0.2739,24.903,20.5724
Fri Jun 05 2026,0.0685,657.0,0.8881,78.46,85.4538,81.6601,0.2648,6.9938,3.2001
Fri Jun 05 2026,0.0685,658.0,0.8895,70.29,84.4339,80.8873,0.2606,14.1439,10.5973
Fri Jun 05 2026,0.0685,659.0,0.8908,66.62,83.4896,79.9014,0.2612,16.8696,13.2814
Fri Jun 05 2026,0.0685,660.0,0.8922,75.44,82.4691,79.1296,0.257,7.0291,3.6896
Fri Jun 05 2026,0.0685,661.0,0.8935,81.23,81.4791,78.2743,0.2547,0.2491,-2.9557
Fri Jun 05 2026,0.0685,662.0,0.8949,54.37,79.7662,81.2211,0.1759,25.3962,26.8511
Fri Jun 05 2026,0.0685,663.0,0.8962,56.44,79.4699,76.6459,0.2483,23.0299,20.2059
Fri Jun 05 2026,0.0685,664.0,0.8976,74.13,78.4602,75.846,0.2448,4.3302,1.716
Fri Jun 05 2026,0.0685,665.0,0.899,70.21,77.5241,74.8508,0.2457,7.3141,4.6408
Fri Jun 05 2026,0.0685,666.0,0.9003,61.03,76.5934,73.8548,0.2467,15.5634,12.8248
Fri Jun 05 2026,0.0685,667.0,0.9017,72.93,75.6764,72.8415,0.2482,2.7464,-0.0885
Fri Jun 05 2026,0.0685,668.0,0.903,67.27,74.543,72.3312,0.238,7.273,5.0612
Fri Jun 05 2026,0.0685,669.0,0.9044,71.51,73.7027,71.1427,0.2436,2.1927,-0.3673
Fri Jun 05 2026,0.0685,670.0,0.9057,71.97,72.6288,70.4843,0.2368,0.6588,-1.4857
Fri Jun 05 2026,0.0685,671.0,0.9071,71.66,71.6821,69.5468,0.2366,0.0221,-2.1132
Fri Jun 05 2026,0.0685,672.0,0.9084,68.06,70.6935,68.7033,0.2342,2.6335,0.6433
Fri Jun 05 2026,0.0685,673.0,0.9098,62.39,69.852,67.5741,0.2388,7.462,5.1841
Fri Jun 05 2026,0.0685,674.0,0.9111,46.66,68.7416,66.9682,0.2306,22.0816,20.3082
Fri Jun 05 2026,0.0685,675.0,0.9125,65.44,67.8312,65.9808,0.2318,2.3912,0.5408
Fri Jun 05 2026,0.0685,676.0,0.9138,62.1,66.7223,65.3701,0.2237,4.6223,3.2701
Fri Jun 05 2026,0.0685,677.0,0.9152,62.39,65.9907,64.0789,0.2327,3.6007,1.6889
Fri Jun 05 2026,0.0685,678.0,0.9165,50.96,64.7969,63.5951,0.2212,13.8369,12.6351
Fri Jun 05 2026,0.0685,679.0,0.9179,57.24,63.8373,62.7078,0.22,6.5973,5.4678
Fri Jun 05 2026,0.0685,680.0,0.9192,61.34,63.1233,61.4461,0.2288,1.7833,0.1061
Fri Jun 05 2026,0.0685,681.0,0.9206,59.34,61.9272,60.9304,0.2178,2.5872,1.5904
Fri Jun 05 2026,0.0685,682.0,0.9219,42.68,60.9599,60.0666,0.2161,18.2799,17.3866
Fri Jun 05 2026,0.0685,683.0,0.9233,59.62,60.1059,59.0441,0.2188,0.4859,-0.5759
Fri Jun 05 2026,0.0685,684.0,0.9246,52.62,59.2078,58.1011,0.2195,6.5878,5.4811
Fri Jun 05 2026,0.0685,685.0,0.926,57.79,58.242,57.2517,0.2176,0.452,-0.5383
Fri Jun 05 2026,0.0685,686.0,0.9273,51.74,57.2351,56.4542,0.2142,5.4951,4.7142
Fri Jun 05 2026,0.0685,687.0,0.9287,54.16,56.2141,55.6732,0.2103,2.0541,1.5132
Fri Jun 05 2026,0.0685,688.0,0.93,54.83,55.3776,54.6813,0.2128,0.5476,-0.1487
Fri Jun 05 2026,0.0685,689.0,0.9314,52.72,54.3596,53.8974,0.209,1.6396,1.1774
Fri Jun 05 2026,0.0685,690.0,0.9327,52.28,53.5953,52.8597,0.2134,1.3153,0.5797
Fri Jun 05 2026,0.0685,691.0,0.9341,46.79,52.6103,52.0477,0.2106,5.8203,5.2577
Fri Jun 05 2026,0.0685,692.0,0.9355,49.02,51.6853,51.1839,0.2096,2.6653,2.1639
Fri Jun 05 2026,0.0685,693.0,0.9368,50.24,50.5921,50.4671,0.2035,0.3521,0.2271
Fri Jun 05 2026,0.0685,694.0,0.9382,27.95,49.8157,49.4867,0.2068,21.8657,21.5367
Fri Jun 05 2026,0.0685,695.0,0.9395,48.15,48.888,48.639,0.2055,0.738,0.489
Fri Jun 05 2026,0.0685,696.0,0.9409,46.14,47.8329,47.886,0.2006,1.6929,1.746
Fri Jun 05 2026,0.0685,697.0,0.9422,44.79,46.9109,47.0379,0.1994,2.1209,2.2479
Fri Jun 05 2026,0.0685,698.0,0.9436,42.55,46.2136,46.0567,0.204,3.6636,3.5067
Fri Jun 05 2026,0.0685,699.0,0.9449,43.88,45.2951,45.2248,0.2026,1.4151,1.3448
Fri Jun 05 2026,0.0685,700.0,0.9463,43.33,43.7573,44.7531,0.1851,0.4273,1.4231
Fri Jun 05 2026,0.0685,701.0,0.9476,35.87,42.7667,43.9485,0.182,6.8967,8.0785
Fri Jun 05 2026,0.0685,702.0,0.949,40.43,41.8671,43.0921,0.1813,1.4371,2.6621
Fri Jun 05 2026,0.0685,703.0,0.9503,38.82,40.8326,42.3132,0.177,2.0126,3.4932
Fri Jun 05 2026,0.0685,704.0,0.9517,38.46,40.122,41.3742,0.1809,1.662,2.9142
Fri Jun 05 2026,0.0685,705.0,0.953,39.76,39.1916,40.5524,0.1791,-0.5684,0.7924
Fri Jun 05 2026,0.0685,706.0,0.9544,36.98,38.1044,39.7964,0.1735,1.1244,2.8164
Fri Jun 05 2026,0.0685,707.0,0.9557,35.91,37.9912,38.7057,0.1899,2.0812,2.7957
Fri Jun 05 2026,0.0685,708.0,0.9571,25.26,36.3243,38.1319,0.1716,11.0643,12.8719
Fri Jun 05 2026,0.0685,709.0,0.9584,34.4,36.2316,37.1007,0.1874,1.8316,2.7007
Fri Jun 05 2026,0.0685,710.0,0.9598,34.56,35.3611,36.3043,0.1862,0.8011,1.7443
Fri Jun 05 2026,0.0685,711.0,0.9611,32.2,33.8714,35.634,0.1725,1.6714,3.434
Fri Jun 05 2026,0.0685,712.0,0.9625,33.13,33.0565,34.8217,0.1725,-0.0735,1.6917
Fri Jun 05 2026,0.0685,713.0,0.9638,32.6,32.7638,33.9477,0.1823,0.1638,1.3477
Fri Jun 05 2026,0.0685,714.0,0.9652,31.02,31.9192,33.1711,0.1812,0.8992,2.1511
Fri Jun 05 2026,0.0685,715.0,0.9665,30.51,30.501,32.4494,0.1695,-0.009,1.9394
Fri Jun 05 2026,0.0685,716.0,0.9679,30.24,29.5906,31.6754,0.1672,-0.6494,1.4354
Fri Jun 05 2026,0.0685,717.0,0.9692,29.22,28.7506,30.9021,0.1661,-0.4694,1.6821
Fri Jun 05 2026,0.0685,718.0,0.9706,28.24,27.9172,30.1353,0.165,-0.3228,1.8953
Fri Jun 05 2026,0.0685,719.0,0.9719,27.18,27.7352,29.381,0.1748,0.5552,2.201
Fri Jun 05 2026,0.0685,720.0,0.9733,26.07,26.91,28.6416,0.1734,0.84,2.5716
Fri Jun 05 2026,0.0685,721.0,0.9747,25.58,25.4713,27.8773,0.1619,-0.1087,2.2973
Fri Jun 05 2026,0.0685,722.0,0.976,24.45,25.3116,27.1846,0.1711,0.8616,2.7346
Fri Jun 05 2026,0.0685,723.0,0.9774,23.52,24.5206,26.4672,0.1699,1.0006,2.9472
Fri Jun 05 2026,0.0685,724.0,0.9787,22.02,23.7441,25.7583,0.1688,1.7241,3.7383
Fri Jun 05 2026,0.0685,725.0,0.9801,22.55,22.9625,25.056,0.1675,0.4125,2.506
Fri Jun 05 2026,0.0685,726.0,0.9814,20.83,22.196,24.3628,0.1663,1.366,3.5328
Fri Jun 05 2026,0.0685,727.0,0.9828,21.43,21.4313,23.6772,0.165,0.0013,2.2472
Fri Jun 05 2026,0.0685,728.0,0.9841,20.66,20.6824,23.0015,0.1638,0.0224,2.3415
Fri Jun 05 2026,0.0685,729.0,0.9855,19.13,19.9498,22.3361,0.1627,0.8198,3.2061
Fri Jun 05 2026,0.0685,730.0,0.9868,19.35,19.2199,21.6792,0.1615,-0.1301,2.3292
Fri Jun 05 2026,0.0685,731.0,0.9882,17.27,18.5071,21.0335,0.1604,1.2371,3.7635
Fri Jun 05 2026,0.0685,732.0,0.9895,18.0,17.7974,20.3967,0.1592,-0.2026,2.3967
Fri Jun 05 2026,0.0685,733.0,0.9909,16.57,17.1203,19.7749,0.1583,0.5503,3.2049
Fri Jun 05 2026,0.0685,734.0,0.9922,16.09,16.4175,19.1562,0.1569,0.3275,3.0662
Fri Jun 05 2026,0.0685,735.0,0.9936,15.28,15.748,18.5534,0.1558,0.468,3.2734
Fri Jun 05 2026,0.0685,736.0,0.9949,14.49,14.5176,17.8163,0.1471,0.0276,3.3263
Fri Jun 05 2026,0.0685,737.0,0.9963,14.06,14.4366,17.381,0.1535,0.3766,3.321
Fri Jun 05 2026,0.0685,738.0,0.9976,13.95,13.803,16.8137,0.1524,-0.147,2.8637
Fri Jun 05 2026,0.0685,739.0,0.999,12.85,13.1895,16.2609,0.1514,0.3395,3.4109
Fri Jun 05 2026,0.0685,740.0,1.0003,12.34,12.5813,15.7189,0.1503,0.2413,3.3789
Fri Jun 05 2026,0.0685,741.0,1.0017,11.61,11.9939,15.1921,0.1493,0.3839,3.5821
Fri Jun 05 2026,0.0685,742.0,1.003,10.95,11.4122,14.6764,0.1482,0.4622,3.7264
Fri Jun 05 2026,0.0685,743.0,1.0044,10.6,10.8598,14.1787,0.1473,0.2598,3.5787
Fri Jun 05 2026,0.0685,744.0,1.0057,10.24,10.3135,13.6928,0.1463,0.0735,3.4528
Fri Jun 05 2026,0.0685,745.0,1.0071,9.72,9.7738,13.2188,0.1452,0.0538,3.4988
Fri Jun 05 2026,0.0685,746.0,1.0084,9.35,9.2715,12.7656,0.1444,-0.0785,3.4156
Fri Jun 05 2026,0.0685,747.0,1.0098,8.67,8.7609,12.3204,0.1433,0.0909,3.6504
Fri Jun 05 2026,0.0685,748.0,1.0112,7.78,8.2803,11.8942,0.1424,0.5003,4.1142
Fri Jun 05 2026,0.0685,749.0,1.0125,7.55,7.8145,11.4829,0.1415,0.2645,3.9329
Fri Jun 05 2026,0.0685,750.0,1.0139,7.32,7.3638,11.0864,0.1406,0.0438,3.7664
Fri Jun 05 2026,0.0685,755.0,1.0206,5.32,5.3655,9.3369,0.1365,0.0455,4.0169
Fri Jun 05 2026,0.0685,760.0,1.0274,3.83,3.7664,7.9638,0.1328,-0.0636,4.1338
Fri Jun 05 2026,0.0685,765.0,1.0341,2.47,2.5667,6.9416,0.13,0.0967,4.4716
Fri Jun 05 2026,0.0685,770.0,1.0409,1.65,1.6991,6.2143,0.1279,0.0491,4.5643
Fri Jun 05 2026,0.0685,775.0,1.0477,1.07,1.1052,5.7135,0.1267,0.0352,4.6435
Fri Jun 05 2026,0.0685,780.0,1.0544,0.7,0.717,5.3656,0.1265,0.017,4.6656
Fri Jun 05 2026,0.0685,785.0,1.0612,0.45,0.4746,5.0993,0.1275,0.0246,4.6493
Fri Jun 05 2026,0.0685,790.0,1.0679,0.34,0.3249,4.8646,0.1296,-0.0151,4.5246
Fri Jun 05 2026,0.0685,795.0,1.0747,0.22,0.228,4.6467,0.1323,0.008,4.4267
Fri Jun 05 2026,0.0685,800.0,1.0814,0.18,0.1695,4.4005,0.1361,-0.0105,4.2205
Fri Jun 05 2026,0.0685,805.0,1.0882,0.13,0.1319,4.1275,0.1406,0.0019,3.9975
Fri Jun 05 2026,0.0685,810.0,1.095,0.12,0.1125,3.7733,0.1466,-0.0075,3.6533
Fri Jun 05 2026,0.0685,815.0,1.1017,0.09,0.0932,3.4556,0.1518,0.0032,3.3656
Fri Jun 05 2026,0.0685,820.0,1.1085,0.07,0.0737,3.1972,0.1559,0.0037,3.1272
Fri Jun 05 2026,0.0685,825.0,1.1152,0.06,0.0639,2.8433,0.1615,0.0039,2.7833
Fri Jun 05 2026,0.0685,830.0,1.122,0.06,0.0539,2.5244,0.1664,-0.0061,2.4644
Fri Jun 05 2026,0.0685,835.0,1.1288,0.04,0.0444,2.2379,0.1707,0.0044,2.1979
Fri Jun 05 2026,0.0685,840.0,1.1355,0.04,0.0443,1.7221,0.1783,0.0043,1.6821
Fri Jun 05 2026,0.0685,845.0,1.1423,0.04,0.0343,1.5231,0.1811,-0.0057,1.4831
Fri Jun 05 2026,0.0685,850.0,1.149,0.03,0.0342,1.003,0.1884,0.0042,0.973
Fri Jun 05 2026,0.0685,855.0,1.1558,0.03,0.0348,0.4456,0.196,0.0048,0.4156
Fri Jun 05 2026,0.0685,860.0,1.1626,0.04,0.0249,0.3779,0.1968,-0.0151,0.3379
Fri Jun 05 2026,0.0685,865.0,1.1693,0.03,0.0249,0.0,0.2038,-0.0051,-0.03
Fri Jun 05 2026,0.0685,870.0,1.1761,0.02,0.025,0.0,0.2107,0.005,-0.02
Fri Jun 05 2026,0.0685,880.0,1.1896,0.03,0.025,0.0,0.2243,-0.005,-0.03
Fri Jun 05 2026,0.0685,885.0,1.1964,0.03,0.025,0.0,0.231,-0.005,-0.03
Fri Jun 12 2026,0.0877,600.0,0.8111,139.5,142.4631,134.946,0.345,2.9631,-4.554
Fri Jun 12 2026,0.0877,635.0,0.8584,90.56,107.8807,102.9657,0.2866,17.3207,12.4057
Fri Jun 12 2026,0.0877,645.0,0.8719,95.71,97.9951,94.1295,0.2672,2.2851,-1.5805
Fri Jun 12 2026,0.0877,650.0,0.8787,93.14,93.0702,89.7097,0.2582,-0.0698,-3.4303
Fri Jun 12 2026,0.0877,655.0,0.8854,68.41,88.259,85.0893,0.2546,19.849,16.6793
Fri Jun 12 2026,0.0877,660.0,0.8922,77.67,83.3826,80.6626,0.2468,5.7126,2.9926
Fri Jun 12 2026,0.0877,665.0,0.899,63.42,78.8051,75.8685,0.25,15.3851,12.4485
Fri Jun 12 2026,0.0877,670.0,0.9057,67.03,73.6109,71.9585,0.2288,6.5809,4.9285
Fri Jun 12 2026,0.0877,675.0,0.9125,69.14,68.99,67.3685,0.2281,-0.15,-1.7715
Fri Jun 12 2026,0.0877,677.0,0.9152,60.81,67.185,65.5339,0.2285,6.375,4.7239
Fri Jun 12 2026,0.0877,679.0,0.9179,63.09,65.2144,63.8624,0.2236,2.1244,0.7724
Fri Jun 12 2026,0.0877,680.0,0.9192,62.8,64.3065,62.9649,0.2234,1.5065,0.1649
Fri Jun 12 2026,0.0877,682.0,0.9219,48.01,62.382,61.2662,0.2197,14.372,13.2562
Fri Jun 12 2026,0.0877,683.0,0.9233,59.0,61.2875,60.5163,0.2141,2.2875,1.5163
Fri Jun 12 2026,0.0877,684.0,0.9246,57.26,60.4101,59.6069,0.2146,3.1501,2.3469
Fri Jun 12 2026,0.0877,685.0,0.926,59.06,59.5683,58.6833,0.2159,0.5083,-0.3767
Fri Jun 12 2026,0.0877,686.0,0.9273,56.28,58.7301,57.7694,0.2171,2.4501,1.4894
Fri Jun 12 2026,0.0877,687.0,0.9287,56.8,57.7465,56.9459,0.2145,0.9465,0.1459
Fri Jun 12 2026,0.0877,688.0,0.93,48.66,56.6324,56.1956,0.2086,7.9724,7.5356
Fri Jun 12 2026,0.0877,690.0,0.9327,54.23,54.8934,54.4306,0.209,0.6634,0.2006
Fri Jun 12 2026,0.0877,691.0,0.9341,48.61,53.9762,53.5806,0.2079,5.3662,4.9706
Fri Jun 12 2026,0.0877,692.0,0.9355,38.51,53.1314,52.7044,0.2084,14.6214,14.1944
Fri Jun 12 2026,0.0877,693.0,0.9368,48.17,52.2839,51.8377,0.2087,4.1139,3.6677
Fri Jun 12 2026,0.0877,694.0,0.9382,43.12,50.488,51.3625,0.187,7.368,8.2425
Fri Jun 12 2026,0.0877,695.0,0.9395,49.57,49.5814,50.4988,0.1863,0.0114,0.9288
Fri Jun 12 2026,0.0877,696.0,0.9409,37.95,49.4401,49.3701,0.2026,11.4901,11.4201
Fri Jun 12 2026,0.0877,697.0,0.9422,42.19,47.7528,48.7918,0.1843,5.5628,6.6018
Fri Jun 12 2026,0.0877,698.0,0.9436,45.16,46.8432,47.9429,0.1833,1.6832,2.7829
Fri Jun 12 2026,0.0877,699.0,0.9449,42.86,46.0188,47.0727,0.1841,3.1588,4.2127
Fri Jun 12 2026,0.0877,700.0,0.9463,45.65,45.2169,46.2066,0.1852,-0.4331,0.5566
Fri Jun 12 2026,0.0877,701.0,0.9476,30.5,44.3118,45.3746,0.184,13.8118,14.8746
Fri Jun 12 2026,0.0877,702.0,0.949,42.14,43.2528,44.5783,0.1796,1.1128,2.4383
Fri Jun 12 2026,0.0877,703.0,0.9503,34.59,42.3659,43.7465,0.1787,7.7759,9.1565
Fri Jun 12 2026,0.0877,704.0,0.9517,37.89,42.295,42.8114,0.1931,4.405,4.9214
Fri Jun 12 2026,0.0877,705.0,0.953,40.11,40.5994,42.0959,0.1768,0.4894,1.9859
Fri Jun 12 2026,0.0877,706.0,0.9544,35.96,40.52,41.2091,0.1903,4.56,5.2491
Fri Jun 12 2026,0.0877,707.0,0.9557,24.04,39.0256,40.4496,0.1781,14.9856,16.4096
Fri Jun 12 2026,0.0877,708.0,0.9571,34.12,38.7772,39.6207,0.1878,4.6572,5.5007
Fri Jun 12 2026,0.0877,709.0,0.9584,31.22,37.1192,38.8476,0.173,5.8992,7.6276
Fri Jun 12 2026,0.0877,710.0,0.9598,36.51,36.4333,38.0467,0.175,-0.0767,1.5367
Fri Jun 12 2026,0.0877,711.0,0.9611,34.85,35.5868,37.2555,0.1741,0.7368,2.4055
Fri Jun 12 2026,0.0877,712.0,0.9625,33.53,34.5512,36.4623,0.17,1.0212,2.9323
Fri Jun 12 2026,0.0877,713.0,0.9638,32.71,34.5125,35.7266,0.1818,1.8025,3.0166
Fri Jun 12 2026,0.0877,714.0,0.9652,29.81,33.0487,34.9127,0.1709,3.2387,5.1027
Fri Jun 12 2026,0.0877,715.0,0.9665,32.1,32.2437,34.1454,0.1703,0.1437,2.0454
Fri Jun 12 2026,0.0877,716.0,0.9679,30.21,31.2095,33.3581,0.1661,0.9995,3.1481
Fri Jun 12 2026,0.0877,717.0,0.9692,30.2,30.5541,32.6187,0.1676,0.3541,2.4187
Fri Jun 12 2026,0.0877,718.0,0.9706,28.37,30.4033,31.9633,0.1762,2.0333,3.5933
Fri Jun 12 2026,0.0877,719.0,0.9719,28.92,28.9418,31.1226,0.1657,0.0218,2.2026
Fri Jun 12 2026,0.0877,720.0,0.9733,27.85,28.7757,30.4953,0.1736,0.9257,2.6453
Fri Jun 12 2026,0.0877,721.0,0.9747,27.34,27.3856,29.6593,0.1642,0.0456,2.3193
Fri Jun 12 2026,0.0877,722.0,0.976,26.13,26.5426,28.9233,0.1624,0.4126,2.7933
Fri Jun 12 2026,0.0877,723.0,0.9774,24.73,26.4187,28.3476,0.1702,1.6887,3.6176
Fri Jun 12 2026,0.0877,724.0,0.9787,24.63,25.642,27.6444,0.169,1.012,3.0144
Fri Jun 12 2026,0.0877,725.0,0.9801,24.67,24.8727,26.9486,0.1678,0.2027,2.2786
Fri Jun 12 2026,0.0877,726.0,0.9814,22.48,24.1186,26.262,0.1667,1.6386,3.782
Fri Jun 12 2026,0.0877,727.0,0.9828,23.36,23.3724,25.5833,0.1656,0.0124,2.2233
Fri Jun 12 2026,0.0877,728.0,0.9841,22.05,22.6424,24.9148,0.1646,0.5924,2.8648
Fri Jun 12 2026,0.0877,729.0,0.9855,20.6,22.4943,24.4094,0.1707,1.8943,3.8094
Fri Jun 12 2026,0.0877,730.0,0.9868,21.37,21.1919,23.599,0.1624,-0.1781,2.229
Fri Jun 12 2026,0.0877,731.0,0.9882,19.81,20.4717,22.9518,0.1612,0.6617,3.1418
Fri Jun 12 2026,0.0877,732.0,0.9895,19.22,19.7604,22.3134,0.16,0.5404,3.0934
Fri Jun 12 2026,0.0877,733.0,0.9909,19.25,19.0834,21.6919,0.1591,-0.1666,2.4419
Fri Jun 12 2026,0.0877,734.0,0.9922,17.99,18.3994,21.075,0.158,0.4094,3.085
Fri Jun 12 2026,0.0877,735.0,0.9936,17.9,17.7253,20.4678,0.1569,-0.1747,2.5678
Fri Jun 12 2026,0.0877,736.0,0.9949,16.0,17.0699,19.8734,0.1559,1.0699,3.8734
Fri Jun 12 2026,0.0877,737.0,0.9963,16.01,16.425,19.2895,0.1549,0.415,3.2795
Fri Jun 12 2026,0.0877,738.0,0.9976,15.94,15.7821,18.7133,0.1538,-0.1579,2.7733
Fri Jun 12 2026,0.0877,739.0,0.999,15.18,15.1674,18.1539,0.1529,-0.0126,2.9739
Fri Jun 12 2026,0.0877,740.0,1.0003,14.47,14.5553,17.6025,0.1519,0.0853,3.1325
Fri Jun 12 2026,0.0877,741.0,1.0017,14.0,13.9633,17.0657,0.151,-0.0367,3.0657
Fri Jun 12 2026,0.0877,742.0,1.003,12.9,13.383,16.5404,0.1501,0.483,3.6404
Fri Jun 12 2026,0.0877,743.0,1.0044,12.52,12.8058,16.0239,0.1491,0.2858,3.5039
Fri Jun 12 2026,0.0877,744.0,1.0057,12.4,12.2494,15.5224,0.1482,-0.1506,3.1224
Fri Jun 12 2026,0.0877,745.0,1.0071,11.39,11.7052,15.0331,0.1473,0.3152,3.6431
Fri Jun 12 2026,0.0877,746.0,1.0084,11.1,11.1735,14.5563,0.1464,0.0735,3.4563
Fri Jun 12 2026,0.0877,747.0,1.0098,10.28,10.6544,14.0919,0.1455,0.3744,3.8119
Fri Jun 12 2026,0.0877,748.0,1.0112,10.0,10.1567,13.6435,0.1447,0.1567,3.6435
Fri Jun 12 2026,0.0877,749.0,1.0125,9.75,9.6719,13.2077,0.1439,-0.0781,3.4577
Fri Jun 12 2026,0.0877,750.0,1.0139,9.22,9.1914,12.7819,0.143,-0.0286,3.5619
Fri Jun 12 2026,0.0877,755.0,1.0206,6.99,7.0538,10.8727,0.1393,0.0638,3.8827
Fri Jun 12 2026,0.0877,760.0,1.0274,5.32,5.2602,9.296,0.1358,-0.0598,3.976
Fri Jun 12 2026,0.0877,765.0,1.0341,3.89,3.8409,8.0498,0.1331,-0.0491,4.1598
Fri Jun 12 2026,0.0877,770.0,1.0409,2.64,2.7338,7.0944,0.1308,0.0938,4.4544
Fri Jun 12 2026,0.0877,775.0,1.0477,1.9,1.9225,6.3868,0.1294,0.0225,4.4868
Fri Jun 12 2026,0.0877,780.0,1.0544,1.3,1.3278,5.8748,0.1284,0.0278,4.5748
Fri Jun 12 2026,0.0877,785.0,1.0612,0.89,0.9225,5.4986,0.1284,0.0325,4.6086
Fri Jun 12 2026,0.0877,790.0,1.0679,0.65,0.6455,5.2126,0.1291,-0.0045,4.5626
Fri Jun 12 2026,0.0877,795.0,1.0747,0.46,0.4647,4.9669,0.1308,0.0047,4.5069
Fri Jun 12 2026,0.0877,800.0,1.0814,0.35,0.3332,4.7685,0.1325,-0.0168,4.4185
Fri Jun 12 2026,0.0877,805.0,1.0882,0.25,0.2498,4.5589,0.1352,-0.0002,4.3089
Fri Jun 12 2026,0.0877,810.0,1.095,0.18,0.1918,4.3475,0.1383,0.0118,4.1675
Fri Jun 12 2026,0.0877,815.0,1.1017,0.17,0.152,4.1196,0.1419,-0.018,3.9496
Fri Jun 12 2026,0.0877,820.0,1.1085,0.14,0.1328,3.8019,0.1472,-0.0072,3.6619
Fri Jun 12 2026,0.0877,825.0,1.1152,0.1,0.1137,3.5109,0.1519,0.0137,3.4109
Fri Jun 12 2026,0.0877,830.0,1.122,0.08,0.0937,3.2682,0.1557,0.0137,3.1882
Fri Jun 12 2026,0.0877,835.0,1.1288,0.07,0.0852,2.9182,0.1612,0.0152,2.8482
Fri Jun 12 2026,0.0877,845.0,1.1423,0.08,0.0647,2.3259,0.1701,-0.0153,2.2459
Fri Jun 12 2026,0.0877,850.0,1.149,0.07,0.0551,2.0641,0.1739,-0.0149,1.9941
Fri Jun 12 2026,0.0877,855.0,1.1558,0.05,0.0549,1.6046,0.1805,0.0049,1.5546
Fri Jun 12 2026,0.0877,860.0,1.1626,0.05,0.0452,1.3929,0.1834,-0.0048,1.3429
Fri Jun 12 2026,0.0877,865.0,1.1693,0.03,0.0451,0.9267,0.1898,0.0151,0.8967
Fri Jun 12 2026,0.0877,870.0,1.1761,0.04,0.0349,0.8088,0.1913,-0.0051,0.7688
Fri Jun 12 2026,0.0877,875.0,1.1828,0.03,0.0353,0.3254,0.1977,0.0053,0.2954
Fri Jun 12 2026,0.0877,880.0,1.1896,0.03,0.0352,0.0,0.2038,0.0052,-0.03
Fri Jun 12 2026,0.0877,885.0,1.1964,0.03,0.0252,0.0,0.2035,-0.0048,-0.03
Fri Jun 12 2026,0.0877,890.0,1.2031,0.03,0.0252,0.0,0.2094,-0.0048,-0.03
Fri Jun 12 2026,0.0877,895.0,1.2099,0.03,0.0253,0.0,0.2153,-0.0047,-0.03
Thu Jun 18 2026,0.1041,300.0,0.4055,426.17,441.1969,433.9321,0.9973,15.0269,7.7621
Thu Jun 18 2026,0.1041,305.0,0.4123,355.02,436.1127,430.9459,0.6659,81.0927,75.9259
Thu Jun 18 2026,0.1041,350.0,0.4731,366.46,391.3328,385.2772,0.7224,24.8728,18.8172
Thu Jun 18 2026,0.1041,355.0,0.4799,368.58,386.3491,380.3201,0.69,17.7691,11.7401
Thu Jun 18 2026,0.1041,365.0,0.4934,348.9,376.3811,369.5368,0.5545,27.4811,20.6368
Thu Jun 18 2026,0.1041,370.0,0.5002,363.81,371.4262,365.1554,0.6815,7.6162,1.3454
Thu Jun 18 2026,0.1041,375.0,0.5069,312.03,366.4367,360.0028,0.6346,54.4067,47.9728
Thu Jun 18 2026,0.1041,385.0,0.5204,259.03,356.6327,349.6384,0.7687,97.6027,90.6084
Thu Jun 18 2026,0.1041,390.0,0.5272,343.61,351.5302,344.9139,0.6582,7.9202,1.3039
Thu Jun 18 2026,0.1041,405.0,0.5475,327.96,336.5901,329.4973,0.6112,8.6301,1.5373
Thu Jun 18 2026,0.1041,410.0,0.5542,302.0,331.6391,324.5946,0.6326,29.6391,22.5946
Thu Jun 18 2026,0.1041,415.0,0.561,269.89,326.661,319.4567,0.6201,56.771,49.5667
Thu Jun 18 2026,0.1041,420.0,0.5678,293.1,321.6449,313.7648,0.554,28.5449,20.6648
Thu Jun 18 2026,0.1041,425.0,0.5745,300.52,316.7216,309.2691,0.61,16.2016,8.7491
Thu Jun 18 2026,0.1041,430.0,0.5813,285.0,311.6829,303.3829,0.515,26.6829,18.3829
Thu Jun 18 2026,0.1041,435.0,0.588,278.24,306.7655,298.916,0.5857,28.5255,20.676
Thu Jun 18 2026,0.1041,440.0,0.5948,293.23,301.8028,293.8511,0.5845,8.5728,0.6211
Thu Jun 18 2026,0.1041,445.0,0.6016,214.74,296.8298,288.6974,0.5757,82.0898,73.9574
Thu Jun 18 2026,0.1041,450.0,0.6083,275.83,291.8312,283.3534,0.5502,16.0012,7.5234
Thu Jun 18 2026,0.1041,455.0,0.6151,258.75,286.8633,278.2508,0.5456,28.1133,19.5008
Thu Jun 18 2026,0.1041,460.0,0.6218,253.97,282.0444,273.8827,0.5995,28.0744,19.9127
Thu Jun 18 2026,0.1041,465.0,0.6286,269.2,276.9333,268.0666,0.5375,7.7333,-1.1334
Thu Jun 18 2026,0.1041,470.0,0.6353,269.9,271.9826,263.0296,0.5387,2.0826,-6.8704
Thu Jun 18 2026,0.1041,475.0,0.6421,265.18,267.0094,257.8964,0.5291,1.8294,-7.2836
Thu Jun 18 2026,0.1041,485.0,0.6556,240.54,257.0429,247.6789,0.5019,16.5029,7.1389
Thu Jun 18 2026,0.1041,490.0,0.6624,226.51,252.0111,242.8453,0.4638,25.5011,16.3353
Thu Jun 18 2026,0.1041,495.0,0.6691,244.58,247.1118,237.6052,0.489,2.5318,-6.9748
Thu Jun 18 2026,0.1041,500.0,0.6759,239.36,242.144,232.5972,0.4813,2.784,-6.7628
Thu Jun 18 2026,0.1041,505.0,0.6827,236.39,237.2652,227.5276,0.4972,0.8752,-8.8624
Thu Jun 18 2026,0.1041,510.0,0.6894,231.84,232.2467,222.5602,0.4759,0.4067,-9.2798
Thu Jun 18 2026,0.1041,515.0,0.6962,225.53,227.2423,217.6992,0.4577,1.7123,-7.8308
Thu Jun 18 2026,0.1041,520.0,0.7029,213.77,222.2315,212.972,0.4372,8.4615,-0.798
Thu Jun 18 2026,0.1041,525.0,0.7097,214.34,217.1372,209.5544,0.3728,2.7972,-4.7856
Thu Jun 18 2026,0.1041,530.0,0.7165,204.29,212.3845,202.84,0.4424,8.0945,-1.45
Thu Jun 18 2026,0.1041,535.0,0.7232,203.67,207.3652,198.176,0.4225,3.6952,-5.494
Thu Jun 18 2026,0.1041,540.0,0.73,201.15,202.5479,192.8541,0.4409,1.3979,-8.2959
Thu Jun 18 2026,0.1041,545.0,0.7367,196.3,197.5941,187.9805,0.4331,1.2941,-8.3195
Thu Jun 18 2026,0.1041,550.0,0.7435,187.52,192.451,183.7962,0.3943,4.931,-3.7238
Thu Jun 18 2026,0.1041,555.0,0.7503,172.81,187.5624,178.6754,0.3993,14.7524,5.8654
Thu Jun 18 2026,0.1041,560.0,0.757,181.37,182.6293,173.7952,0.395,1.2593,-7.5748
Thu Jun 18 2026,0.1041,565.0,0.7638,174.9,177.681,168.9944,0.388,2.781,-5.9056
Thu Jun 18 2026,0.1041,570.0,0.7705,171.55,172.6622,164.4772,0.3715,1.1122,-7.0728
Thu Jun 18 2026,0.1041,575.0,0.7773,166.71,167.7299,159.6571,0.3666,1.0199,-7.0529
Thu Jun 18 2026,0.1041,580.0,0.784,162.17,162.7415,155.0821,0.3544,0.5715,-7.0879
Thu Jun 18 2026,0.1041,585.0,0.7908,156.67,157.8833,150.0554,0.3569,1.2133,-6.6146
Thu Jun 18 2026,0.1041,590.0,0.7976,150.44,152.9101,145.462,0.3463,2.4701,-4.978
Thu Jun 18 2026,0.1041,595.0,0.8043,146.0,148.0528,140.5459,0.3462,2.0528,-5.4541
Thu Jun 18 2026,0.1041,600.0,0.8111,141.82,142.9724,136.3295,0.326,1.1524,-5.4905
Thu Jun 18 2026,0.1041,605.0,0.8178,135.25,137.954,131.9815,0.3113,2.704,-3.2685
Thu Jun 18 2026,0.1041,610.0,0.8246,130.65,133.1991,126.8044,0.3187,2.5491,-3.8456
Thu Jun 18 2026,0.1041,615.0,0.8314,125.71,128.2108,122.3775,0.3067,2.5008,-3.3325
Thu Jun 18 2026,0.1041,620.0,0.8381,122.92,123.2898,117.7962,0.2994,0.3698,-5.1238
Thu Jun 18 2026,0.1041,625.0,0.8449,115.45,118.3956,113.1836,0.2934,2.9456,-2.2664
Thu Jun 18 2026,0.1041,630.0,0.8516,112.55,113.4792,108.6588,0.2856,0.9292,-3.8912
Thu Jun 18 2026,0.1041,635.0,0.8584,107.39,108.6284,104.036,0.2809,1.2384,-3.354
Thu Jun 18 2026,0.1041,640.0,0.8652,102.66,103.6488,99.6965,0.2692,0.9888,-2.9635
Thu Jun 18 2026,0.1041,645.0,0.8719,97.43,98.7513,95.2274,0.2614,1.3213,-2.2026
Thu Jun 18 2026,0.1041,650.0,0.8787,92.92,94.0573,90.4942,0.2616,1.1373,-2.4258
Thu Jun 18 2026,0.1041,655.0,0.8854,88.66,89.1855,86.082,0.2535,0.5255,-2.578
Thu Jun 18 2026,0.1041,660.0,0.8922,81.31,84.9656,81.1124,0.2655,3.6556,-0.1976
Thu Jun 18 2026,0.1041,661.0,0.8935,78.96,83.4153,80.752,0.2458,4.4553,1.792
Thu Jun 18 2026,0.1041,662.0,0.8949,79.34,82.4438,79.8801,0.2441,3.1038,0.5401
Thu Jun 18 2026,0.1041,663.0,0.8962,60.8,81.3359,79.1468,0.2379,20.5359,18.3468
Thu Jun 18 2026,0.1041,664.0,0.8976,73.34,80.3909,78.2472,0.2371,7.0509,4.9072
Thu Jun 18 2026,0.1041,665.0,0.899,79.07,79.1439,77.668,0.2261,0.0739,-1.402
Thu Jun 18 2026,0.1041,666.0,0.9003,76.45,78.4959,76.4622,0.2352,2.0459,0.0122
Thu Jun 18 2026,0.1041,667.0,0.9017,75.12,77.6343,75.4994,0.2368,2.5143,0.3794
Thu Jun 18 2026,0.1041,668.0,0.903,72.92,76.6803,74.6221,0.2355,3.7603,1.7021
Thu Jun 18 2026,0.1041,669.0,0.9044,61.0,75.7273,73.7459,0.2342,14.7273,12.7459
Thu Jun 18 2026,0.1041,670.0,0.9057,74.05,74.196,73.385,0.215,0.146,-0.665
Thu Jun 18 2026,0.1041,671.0,0.9071,71.46,73.7717,72.0368,0.2301,2.3117,0.5768
Thu Jun 18 2026,0.1041,672.0,0.9084,69.85,72.7572,71.2104,0.227,2.9072,1.3604
Thu Jun 18 2026,0.1041,673.0,0.9098,52.62,71.9306,70.2523,0.2291,19.3106,17.6323
Thu Jun 18 2026,0.1041,674.0,0.9111,66.25,70.5103,69.7249,0.2145,4.2603,3.4749
Thu Jun 18 2026,0.1041,675.0,0.9125,69.07,70.057,68.5034,0.227,0.987,-0.5666
Thu Jun 18 2026,0.1041,676.0,0.9138,66.24,69.1719,67.6036,0.2272,2.9319,1.3636
Thu Jun 18 2026,0.1041,677.0,0.9152,61.01,68.115,66.804,0.223,7.105,5.794
Thu Jun 18 2026,0.1041,678.0,0.9165,42.93,67.2129,65.9185,0.2227,24.2829,22.9885
Thu Jun 18 2026,0.1041,679.0,0.9179,58.35,66.2892,65.0485,0.2218,7.9392,6.6985
Thu Jun 18 2026,0.1041,680.0,0.9192,64.07,65.3384,64.1949,0.2202,1.2684,0.1249
Thu Jun 18 2026,0.1041,681.0,0.9206,56.69,64.3633,63.3541,0.218,7.6733,6.6641
Thu Jun 18 2026,0.1041,682.0,0.9219,60.85,63.4618,62.482,0.2175,2.6118,1.632
Thu Jun 18 2026,0.1041,683.0,0.9233,60.21,62.5721,61.6094,0.2172,2.3621,1.3994
Thu Jun 18 2026,0.1041,684.0,0.9246,59.37,61.5736,60.7827,0.2144,2.2036,1.4127
Thu Jun 18 2026,0.1041,685.0,0.926,60.32,60.4949,59.9862,0.2098,0.1749,-0.3338
Thu Jun 18 2026,0.1041,686.0,0.9273,57.31,59.765,59.0645,0.2129,2.455,1.7545
Thu Jun 18 2026,0.1041,687.0,0.9287,57.13,58.8436,58.2163,0.2117,1.7136,1.0863
Thu Jun 18 2026,0.1041,688.0,0.93,53.49,57.862,57.3881,0.2092,4.372,3.8981
Thu Jun 18 2026,0.1041,689.0,0.9314,53.63,56.249,56.7603,0.193,2.619,3.1303
Thu Jun 18 2026,0.1041,690.0,0.9327,54.72,56.1474,55.6722,0.2092,1.4274,0.9522
Thu Jun 18 2026,0.1041,691.0,0.9341,49.94,54.4479,55.0326,0.1918,4.5079,5.0926
Thu Jun 18 2026,0.1041,692.0,0.9355,51.68,53.6283,54.1538,0.1928,1.9483,2.4738
Thu Jun 18 2026,0.1041,693.0,0.9368,50.89,52.5931,53.3352,0.1892,1.7031,2.4452
Thu Jun 18 2026,0.1041,694.0,0.9382,50.34,51.7031,52.4822,0.1886,1.3631,2.1422
Thu Jun 18 2026,0.1041,695.0,0.9395,50.6,51.6144,51.5075,0.2032,1.0144,0.9075
Thu Jun 18 2026,0.1041,696.0,0.9409,48.29,50.0375,50.7709,0.1894,1.7475,2.4809
Thu Jun 18 2026,0.1041,697.0,0.9422,46.79,49.1665,49.9309,0.1889,2.3765,3.1409
Thu Jun 18 2026,0.1041,698.0,0.9436,42.27,48.0851,49.1196,0.1844,5.8151,6.8496
Thu Jun 18 2026,0.1041,699.0,0.9449,45.54,47.2234,48.2831,0.184,1.6834,2.7431
Thu Jun 18 2026,0.1041,700.0,0.9463,47.0,47.1614,47.4119,0.1974,0.1614,0.4119
Thu Jun 18 2026,0.1041,701.0,0.9476,43.48,45.452,46.6279,0.1821,1.972,3.1479
Thu Jun 18 2026,0.1041,702.0,0.949,42.93,44.5459,45.8064,0.1807,1.6159,2.8764
Thu Jun 18 2026,0.1041,703.0,0.9503,43.37,43.6836,44.9874,0.18,0.3136,1.6174
Thu Jun 18 2026,0.1041,704.0,0.9517,42.07,42.8079,44.1726,0.179,0.7379,2.1026
Thu Jun 18 2026,0.1041,705.0,0.953,42.39,42.7709,43.398,0.1913,0.3809,1.008
Thu Jun 18 2026,0.1041,706.0,0.9544,41.07,41.9113,42.6065,0.1902,0.8413,1.5365
Thu Jun 18 2026,0.1041,707.0,0.9557,40.47,40.3702,41.7645,0.1786,-0.0998,1.2945
Thu Jun 18 2026,0.1041,708.0,0.9571,37.73,39.5204,40.9701,0.1777,1.7904,3.2401
Thu Jun 18 2026,0.1041,709.0,0.9584,37.52,38.504,40.1621,0.1742,0.984,2.6421
Thu Jun 18 2026,0.1041,710.0,0.9598,38.27,38.4658,39.4758,0.1851,0.1958,1.2058
Thu Jun 18 2026,0.1041,711.0,0.9611,35.58,36.809,38.5891,0.1722,1.229,3.0091
Thu Jun 18 2026,0.1041,712.0,0.9625,34.26,36.1214,37.8336,0.1734,1.8614,3.5736
Thu Jun 18 2026,0.1041,713.0,0.9638,34.75,35.9563,37.1764,0.1817,1.2063,2.4264
Thu Jun 18 2026,0.1041,714.0,0.9652,34.43,35.1172,36.4173,0.1804,0.6872,1.9873
Thu Jun 18 2026,0.1041,715.0,0.9665,33.42,34.2977,35.6658,0.1793,0.8777,2.2458
Thu Jun 18 2026,0.1041,716.0,0.9679,32.73,32.89,34.7943,0.1703,0.16,2.0643
Thu Jun 18 2026,0.1041,717.0,0.9692,31.65,32.0577,34.0406,0.169,0.4077,2.3906
Thu Jun 18 2026,0.1041,718.0,0.9706,31.62,31.864,33.442,0.1759,0.244,1.822
Thu Jun 18 2026,0.1041,719.0,0.9719,29.2,31.0587,32.7104,0.1747,1.8587,3.5104
Thu Jun 18 2026,0.1041,720.0,0.9733,30.0,30.2592,31.9848,0.1735,0.2592,1.9848
Thu Jun 18 2026,0.1041,721.0,0.9747,28.44,29.4818,31.2691,0.1725,1.0418,2.8291
Thu Jun 18 2026,0.1041,722.0,0.976,27.68,28.6945,30.5555,0.1713,1.0145,2.8755
Thu Jun 18 2026,0.1041,723.0,0.9774,26.37,27.9301,29.853,0.1703,1.5601,3.483
Thu Jun 18 2026,0.1041,724.0,0.9787,26.34,27.1642,29.1547,0.1692,0.8242,2.8147
Thu Jun 18 2026,0.1041,725.0,0.9801,26.06,26.4136,28.4659,0.1682,0.3536,2.4059
Thu Jun 18 2026,0.1041,726.0,0.9814,23.4,25.6531,27.7789,0.167,2.2531,4.3789
Thu Jun 18 2026,0.1041,727.0,0.9828,24.33,24.8997,27.0988,0.1658,0.5697,2.7688
Thu Jun 18 2026,0.1041,728.0,0.9841,23.47,24.1711,26.4319,0.1648,0.7011,2.9619
Thu Jun 18 2026,0.1041,729.0,0.9855,23.19,23.4415,25.7696,0.1637,0.2515,2.5796
Thu Jun 18 2026,0.1041,730.0,0.9868,22.62,22.7109,25.1122,0.1625,0.0909,2.4922
Thu Jun 18 2026,0.1041,731.0,0.9882,21.77,22.0062,24.4688,0.1615,0.2362,2.6988
Thu Jun 18 2026,0.1041,732.0,0.9895,21.07,21.328,23.8405,0.1607,0.258,2.7705
Thu Jun 18 2026,0.1041,733.0,0.9909,19.4,20.6406,23.2144,0.1597,1.2406,3.8144
Thu Jun 18 2026,0.1041,734.0,0.9922,19.31,19.9436,22.5902,0.1585,0.6336,3.2802
Thu Jun 18 2026,0.1041,735.0,0.9936,19.1,19.2924,21.9888,0.1577,0.1924,2.8888
Thu Jun 18 2026,0.1041,736.0,0.9949,18.07,18.6228,21.3862,0.1566,0.5528,3.3162
Thu Jun 18 2026,0.1041,737.0,0.9963,17.83,17.9719,20.7965,0.1556,0.1419,2.9665
Thu Jun 18 2026,0.1041,738.0,0.9976,16.89,17.359,20.2274,0.1549,0.469,3.3374
Thu Jun 18 2026,0.1041,739.0,0.999,16.51,16.7467,19.6648,0.1541,0.2367,3.1548
Thu Jun 18 2026,0.1041,740.0,1.0003,16.0,16.1352,19.1085,0.1532,0.1352,3.1085
Thu Jun 18 2026,0.1041,741.0,1.0017,15.05,15.5245,18.5588,0.1522,0.4745,3.5088
Thu Jun 18 2026,0.1041,742.0,1.003,14.36,14.9243,18.0195,0.1512,0.5643,3.6595
Thu Jun 18 2026,0.1041,743.0,1.0044,13.97,14.3443,17.4946,0.1503,0.3743,3.5246
Thu Jun 18 2026,0.1041,744.0,1.0057,12.97,13.7847,16.9846,0.1495,0.8147,4.0146
Thu Jun 18 2026,0.1041,745.0,1.0071,12.96,13.2362,16.4855,0.1487,0.2762,3.5255
Thu Jun 18 2026,0.1041,746.0,1.0084,12.13,12.7084,16.0015,0.148,0.5784,3.8715
Thu Jun 18 2026,0.1041,747.0,1.0098,11.61,12.173,15.521,0.1471,0.563,3.911
Thu Jun 18 2026,0.1041,748.0,1.0112,11.16,11.649,15.052,0.1462,0.489,3.892
Thu Jun 18 2026,0.1041,749.0,1.0125,10.45,11.1462,14.5985,0.1454,0.6962,4.1485
Thu Jun 18 2026,0.1041,750.0,1.0139,10.57,10.6551,14.1566,0.1446,0.0851,3.5866
Thu Jun 18 2026,0.1041,751.0,1.0152,9.88,10.1851,13.7304,0.1439,0.3051,3.8504
Thu Jun 18 2026,0.1041,755.0,1.0206,8.32,8.4242,12.144,0.1411,0.1042,3.824
Thu Jun 18 2026,0.1041,760.0,1.0274,6.4,6.527,10.4427,0.138,0.127,4.0427
Thu Jun 18 2026,0.1041,765.0,1.0341,4.85,4.9622,9.0463,0.1354,0.1122,4.1963
Thu Jun 18 2026,0.1041,770.0,1.0409,3.64,3.713,7.933,0.1334,0.073,4.293
Thu Jun 18 2026,0.1041,775.0,1.0477,2.59,2.731,7.0658,0.1318,0.141,4.4758
Thu Jun 18 2026,0.1041,780.0,1.0544,1.94,1.984,6.4067,0.1307,0.044,4.4667
Thu Jun 18 2026,0.1041,785.0,1.0612,1.35,1.4335,5.9118,0.1302,0.0835,4.5618
Thu Jun 18 2026,0.1041,790.0,1.0679,1.0,1.033,5.5398,0.1302,0.033,4.5398
Thu Jun 18 2026,0.1041,795.0,1.0747,0.67,0.7493,5.2515,0.1308,0.0793,4.5815
Thu Jun 18 2026,0.1041,800.0,1.0814,0.53,0.5553,5.0075,0.1322,0.0253,4.4775
Thu Jun 18 2026,0.1041,805.0,1.0882,0.39,0.4187,4.7908,0.1341,0.0287,4.4008
Thu Jun 18 2026,0.1041,810.0,1.095,0.3,0.3242,4.5791,0.1366,0.0242,4.2791
Thu Jun 18 2026,0.1041,815.0,1.1017,0.22,0.2579,4.3625,0.1396,0.0379,4.1425
Thu Jun 18 2026,0.1041,820.0,1.1085,0.19,0.2083,4.146,0.1428,0.0183,3.956
Thu Jun 18 2026,0.1041,825.0,1.1152,0.16,0.1789,3.8765,0.1471,0.0189,3.7165
Thu Jun 18 2026,0.1041,830.0,1.122,0.13,0.1458,3.6714,0.1502,0.0158,3.5414
Thu Jun 18 2026,0.1041,835.0,1.1288,0.11,0.126,3.4102,0.1543,0.016,3.3002
Thu Jun 18 2026,0.1041,840.0,1.1355,0.09,0.1052,3.1934,0.1576,0.0152,3.1034
Thu Jun 18 2026,0.1041,845.0,1.1423,0.1,0.0917,2.9318,0.1616,-0.0083,2.8318
Thu Jun 18 2026,0.1041,850.0,1.149,0.07,0.0805,2.6655,0.1656,0.0105,2.5955
Thu Jun 18 2026,0.1041,855.0,1.1558,0.07,0.0759,2.3149,0.1708,0.0059,2.2449
Thu Jun 18 2026,0.1041,860.0,1.1626,0.06,0.0719,1.9548,0.176,0.0119,1.8948
Thu Jun 18 2026,0.1041,865.0,1.1693,0.05,0.0611,1.7381,0.179,0.0111,1.6881
Thu Jun 18 2026,0.1041,870.0,1.1761,0.04,0.0602,1.3274,0.1847,0.0202,1.2874
Thu Jun 18 2026,0.1041,875.0,1.1828,0.05,0.0496,1.1596,0.1869,-0.0004,1.1096
Thu Jun 18 2026,0.1041,880.0,1.1896,0.03,0.0502,0.7108,0.1929,0.0202,0.6808
Thu Jun 18 2026,0.1041,885.0,1.1964,0.04,0.0388,0.6417,0.1937,-0.0012,0.6017
Thu Jun 18 2026,0.1041,890.0,1.2031,0.03,0.0386,0.2163,0.1992,0.0086,0.1863
Thu Jun 18 2026,0.1041,895.0,1.2099,0.03,0.039,0.0,0.2049,0.009,-0.03
Thu Jun 18 2026,0.1041,900.0,1.2166,0.03,0.0386,0.0,0.2102,0.0086,-0.03
Thu Jun 18 2026,0.1041,905.0,1.2234,0.03,0.0279,0.0,0.2093,-0.0021,-0.03
Thu Jun 18 2026,0.1041,910.0,1.2301,0.03,0.0281,0.0,0.2147,-0.0019,-0.03
Thu Jun 18 2026,0.1041,915.0,1.2369,0.03,0.0281,0.0,0.2199,-0.0019,-0.03
Thu Jun 18 2026,0.1041,920.0,1.2437,0.03,0.0281,0.0,0.2251,-0.0019,-0.03
Thu Jun 18 2026,0.1041,925.0,1.2504,0.03,0.0281,0.0,0.2302,-0.0019,-0.03
Thu Jun 18 2026,0.1041,930.0,1.2572,0.02,0.028,0.0,0.2353,0.008,-0.02
Thu Jun 18 2026,0.1041,935.0,1.2639,0.02,0.0171,0.0,0.2305,-0.0029,-0.02
Thu Jun 18 2026,0.1041,940.0,1.2707,0.02,0.0171,0.0,0.2353,-0.0029,-0.02
Thu Jun 18 2026,0.1041,945.0,1.2775,0.02,0.017,0.0,0.24,-0.003,-0.02
Thu Jun 18 2026,0.1041,950.0,1.2842,0.02,0.017,0.0,0.2448,-0.003,-0.02
Thu Jun 18 2026,0.1041,955.0,1.291,0.02,0.0169,0.0,0.2494,-0.0031,-0.02
Thu Jun 18 2026,0.1041,960.0,1.2977,0.02,0.0169,0.0,0.2541,-0.0031,-0.02
Thu Jun 18 2026,0.1041,965.0,1.3045,0.02,0.0169,0.0,0.2588,-0.0031,-0.02
Thu Jun 18 2026,0.1041,985.0,1.3315,0.02,0.0169,0.0,0.2772,-0.0031,-0.02
Fri Jun 26 2026,0.126,625.0,0.8449,117.44,119.2924,114.6216,0.2836,1.8524,-2.8184
Fri Jun 26 2026,0.126,635.0,0.8584,106.69,109.5543,105.5406,0.2708,2.8643,-1.1494
Fri Jun 26 2026,0.126,640.0,0.8652,102.89,104.6989,101.0326,0.2643,1.8089,-1.8574
Fri Jun 26 2026,0.126,670.0,0.9057,72.95,76.0225,74.4008,0.2283,3.0725,1.4508
Fri Jun 26 2026,0.126,675.0,0.9125,68.08,71.4133,70.0448,0.224,3.3333,1.9648
Fri Jun 26 2026,0.126,680.0,0.9192,64.6,66.7719,65.758,0.2181,2.1719,1.158
Fri Jun 26 2026,0.126,685.0,0.926,59.05,62.0965,61.5264,0.2108,3.0465,2.4764
Fri Jun 26 2026,0.126,690.0,0.9327,55.44,57.4944,57.3331,0.2041,2.0544,1.8931
Fri Jun 26 2026,0.126,695.0,0.9395,49.53,53.0374,53.1945,0.1989,3.5074,3.6645
Fri Jun 26 2026,0.126,700.0,0.9463,47.05,48.6736,49.1322,0.194,1.6236,2.0822
Fri Jun 26 2026,0.126,708.0,0.9571,39.15,41.7869,42.8,0.185,2.6369,3.65
Fri Jun 26 2026,0.126,710.0,0.9598,38.44,40.1226,41.2593,0.183,1.6826,2.8193
Fri Jun 26 2026,0.126,714.0,0.9652,33.41,36.8235,38.2256,0.1787,3.4135,4.8156
Fri Jun 26 2026,0.126,715.0,0.9665,34.31,35.2151,37.2449,0.1681,0.9051,2.9349
Fri Jun 26 2026,0.126,720.0,0.9733,30.49,32.0355,33.8264,0.1724,1.5455,3.3364
Fri Jun 26 2026,0.126,721.0,0.9747,29.64,31.2612,33.1138,0.1714,1.6212,3.4738
Fri Jun 26 2026,0.126,722.0,0.976,26.89,30.4837,32.404,0.1703,3.5937,5.514
Fri Jun 26 2026,0.126,723.0,0.9774,22.52,29.7121,31.7,0.1692,7.1921,9.18
Fri Jun 26 2026,0.126,724.0,0.9787,26.26,28.1577,30.7057,0.1596,1.8977,4.4457
Fri Jun 26 2026,0.126,725.0,0.9801,25.68,28.2062,30.3173,0.1672,2.5262,4.6373
Fri Jun 26 2026,0.126,726.0,0.9814,26.08,27.4536,29.6321,0.1661,1.3736,3.5521
Fri Jun 26 2026,0.126,727.0,0.9828,24.72,26.7267,28.9609,0.1652,2.0067,4.2409
Fri Jun 26 2026,0.126,730.0,0.9868,22.75,23.7648,26.6473,0.1541,1.0148,3.8973
Fri Jun 26 2026,0.126,731.0,0.9882,22.2,23.1002,26.0148,0.1536,0.9002,3.8148
Fri Jun 26 2026,0.126,732.0,0.9895,21.73,23.1622,25.6978,0.1603,1.4322,3.9678
Fri Jun 26 2026,0.126,733.0,0.9909,21.66,21.6769,24.7234,0.1514,0.0169,3.0634
Fri Jun 26 2026,0.126,734.0,0.9922,19.37,20.9977,24.0987,0.1505,1.6277,4.7287
Fri Jun 26 2026,0.126,735.0,0.9936,19.76,20.3575,23.4962,0.1499,0.5975,3.7362
Fri Jun 26 2026,0.126,736.0,0.9949,18.16,19.6652,22.8752,0.1487,1.5052,4.7152
Fri Jun 26 2026,0.126,737.0,0.9963,18.17,19.8242,22.643,0.1557,1.6542,4.473
Fri Jun 26 2026,0.126,738.0,0.9976,17.48,19.1946,22.063,0.1549,1.7146,4.583
Fri Jun 26 2026,0.126,739.0,0.999,17.8,18.574,21.4921,0.1541,0.774,3.6921
Fri Jun 26 2026,0.126,740.0,1.0003,16.79,17.9522,20.9256,0.1532,1.1622,4.1356
Fri Jun 26 2026,0.126,741.0,1.0017,16.56,17.3502,20.3731,0.1524,0.7902,3.8131
Fri Jun 26 2026,0.126,742.0,1.003,15.33,16.7471,19.8253,0.1515,1.4171,4.4953
Fri Jun 26 2026,0.126,743.0,1.0044,14.15,16.1642,19.2919,0.1507,2.0142,5.1419
Fri Jun 26 2026,0.126,744.0,1.0057,14.74,15.591,18.7682,0.1499,0.851,4.0282
Fri Jun 26 2026,0.126,745.0,1.0071,13.61,15.0382,18.2593,0.1492,1.4282,4.6493
Fri Jun 26 2026,0.126,746.0,1.0084,13.14,14.4851,17.7556,0.1484,1.3451,4.6156
Fri Jun 26 2026,0.126,747.0,1.0098,12.83,13.9316,17.2572,0.1475,1.1016,4.4272
Fri Jun 26 2026,0.126,748.0,1.0112,11.7,13.399,16.7739,0.1467,1.699,5.0739
Fri Jun 26 2026,0.126,749.0,1.0125,11.08,12.8872,16.306,0.146,1.8072,5.226
Fri Jun 26 2026,0.126,750.0,1.0139,11.39,12.3859,15.8484,0.1453,0.9959,4.4584
Fri Jun 26 2026,0.126,755.0,1.0206,9.3,10.0502,13.7257,0.1419,0.7502,4.4257
Fri Jun 26 2026,0.126,760.0,1.0274,7.27,8.0157,11.8875,0.1388,0.7457,4.6175
Fri Jun 26 2026,0.126,765.0,1.0341,5.55,6.2978,10.3383,0.1362,0.7478,4.7883
Fri Jun 26 2026,0.126,770.0,1.0409,4.39,4.8883,9.0649,0.1342,0.4983,4.6749
Fri Jun 26 2026,0.126,775.0,1.0477,3.31,3.7369,8.0336,0.1325,0.4269,4.7236
Fri Jun 26 2026,0.126,780.0,1.0544,2.51,2.8226,7.2181,0.1312,0.3126,4.7081
Fri Jun 26 2026,0.126,785.0,1.0612,1.9,2.1173,6.5847,0.1304,0.2173,4.6847
Fri Jun 26 2026,0.126,790.0,1.0679,1.33,1.5792,6.097,0.13,0.2492,4.767
Fri Jun 26 2026,0.126,795.0,1.0747,1.08,1.1792,5.7201,0.1301,0.0992,4.6401
Fri Jun 26 2026,0.126,800.0,1.0814,0.75,0.886,5.4221,0.1307,0.136,4.6721
Fri Jun 26 2026,0.126,805.0,1.0882,0.58,0.6786,5.1698,0.132,0.0986,4.5898
Fri Jun 26 2026,0.126,810.0,1.095,0.45,0.5223,4.9559,0.1335,0.0723,4.5059
Fri Jun 26 2026,0.126,815.0,1.1017,0.34,0.4103,4.7556,0.1355,0.0703,4.4156
Fri Jun 26 2026,0.126,830.0,1.122,0.19,0.2144,4.2001,0.1428,0.0244,4.0101
Fri Jun 26 2026,0.126,835.0,1.1288,0.14,0.181,3.9923,0.146,0.041,3.8523
Fri Jun 26 2026,0.126,840.0,1.1355,0.13,0.1577,3.7577,0.1497,0.0277,3.6277
Fri Jun 26 2026,0.126,845.0,1.1423,0.11,0.1313,3.5786,0.1524,0.0213,3.4686
Fri Jun 26 2026,0.126,850.0,1.149,0.11,0.1099,3.4005,0.1551,-0.0001,3.2905
Fri Jun 26 2026,0.126,875.0,1.1828,0.05,0.0647,2.1473,0.1737,0.0147,2.0973
Tue Jun 30 2026,0.137,410.0,0.5542,304.2,332.2035,324.4098,0.5411,28.0035,20.2098
Tue Jun 30 2026,0.137,420.0,0.5678,225.05,322.2823,314.277,0.538,97.2323,89.227
Tue Jun 30 2026,0.137,430.0,0.5813,224.23,312.3594,304.1119,0.5295,88.1294,79.8819
Tue Jun 30 2026,0.137,440.0,0.5948,236.29,302.4502,293.9907,0.5254,66.1602,57.7007
Tue Jun 30 2026,0.137,445.0,0.6016,248.48,297.5851,289.2177,0.552,49.1051,40.7377
Tue Jun 30 2026,0.137,450.0,0.6083,194.08,292.5204,283.8276,0.5095,98.4404,89.7476
Tue Jun 30 2026,0.137,455.0,0.6151,235.98,287.665,278.9765,0.5357,51.685,42.9965
Tue Jun 30 2026,0.137,460.0,0.6218,232.17,282.7048,273.8706,0.5274,50.5348,41.7006
Tue Jun 30 2026,0.137,470.0,0.6353,192.33,272.7856,263.7075,0.5109,80.4556,71.3775
Tue Jun 30 2026,0.137,475.0,0.6421,214.32,267.8262,258.6542,0.5026,53.5062,44.3342
Tue Jun 30 2026,0.137,480.0,0.6489,206.0,262.8725,253.6233,0.4954,56.8725,47.6233
Tue Jun 30 2026,0.137,485.0,0.6556,179.25,257.9132,248.611,0.487,78.6632,69.361
Tue Jun 30 2026,0.137,490.0,0.6624,202.86,252.9597,243.6185,0.4796,50.0997,40.7585
Tue Jun 30 2026,0.137,495.0,0.6691,165.67,248.0006,238.6506,0.4711,82.3306,72.9806
Tue Jun 30 2026,0.137,500.0,0.6759,226.15,243.0508,233.6939,0.4641,16.9008,7.5439
Tue Jun 30 2026,0.137,505.0,0.6827,206.99,238.0904,228.7702,0.4553,31.1004,21.7802
Tue Jun 30 2026,0.137,509.0,0.6881,200.69,234.1284,224.8371,0.4492,33.4384,24.1471
Tue Jun 30 2026,0.137,510.0,0.6894,229.58,233.1408,223.8508,0.4481,3.5608,-5.7292
Tue Jun 30 2026,0.137,515.0,0.6962,211.75,228.1859,218.9589,0.44,16.4359,7.2089
Tue Jun 30 2026,0.137,520.0,0.7029,214.7,223.2373,214.0734,0.4327,8.5373,-0.6266
Tue Jun 30 2026,0.137,523.0,0.707,187.44,220.2693,211.1484,0.4284,32.8293,23.7084
Tue Jun 30 2026,0.137,525.0,0.7097,154.12,218.2883,209.2065,0.4252,64.1683,55.0865
Tue Jun 30 2026,0.137,530.0,0.7165,180.82,213.3402,204.3557,0.4177,32.5202,23.5357
Tue Jun 30 2026,0.137,535.0,0.7232,178.0,208.3913,199.5243,0.41,30.3913,21.5243
Tue Jun 30 2026,0.137,536.0,0.7246,179.0,207.4047,198.5537,0.4088,28.4047,19.5537
Tue Jun 30 2026,0.137,537.0,0.7259,187.74,206.4172,197.5855,0.4075,18.6772,9.8455
Tue Jun 30 2026,0.137,540.0,0.73,174.63,203.448,194.6996,0.4028,28.818,20.0696
Tue Jun 30 2026,0.137,545.0,0.7367,169.44,198.5023,189.8987,0.3952,29.0623,20.4587
Tue Jun 30 2026,0.137,550.0,0.7435,190.38,193.5576,185.1146,0.3876,3.1776,-5.2654
Tue Jun 30 2026,0.137,551.0,0.7448,162.84,192.5701,184.1571,0.3862,29.7301,21.3171
Tue Jun 30 2026,0.137,554.0,0.7489,106.49,189.6058,181.2931,0.3818,83.1158,74.8031
Tue Jun 30 2026,0.137,555.0,0.7503,182.93,188.6185,180.3383,0.3804,5.6885,-2.5917
Tue Jun 30 2026,0.137,556.0,0.7516,132.14,187.6302,179.3864,0.3789,55.4902,47.2464
Tue Jun 30 2026,0.137,557.0,0.753,156.25,186.6431,178.4328,0.3775,30.3931,22.1828
Tue Jun 30 2026,0.137,558.0,0.7543,108.15,185.655,177.4823,0.376,77.505,69.3323
Tue Jun 30 2026,0.137,559.0,0.7557,155.6,184.6669,176.5325,0.3745,29.0669,20.9325
Tue Jun 30 2026,0.137,560.0,0.757,175.48,183.6789,175.5835,0.373,8.1989,0.1035
Tue Jun 30 2026,0.137,561.0,0.7584,153.5,182.6921,174.6326,0.3716,29.1921,21.1326
Tue Jun 30 2026,0.137,562.0,0.7597,128.73,181.7042,173.6848,0.3701,52.9742,44.9548
Tue Jun 30 2026,0.137,563.0,0.7611,103.96,180.7163,172.7379,0.3686,76.7563,68.7779
Tue Jun 30 2026,0.137,564.0,0.7624,115.68,179.7333,171.7815,0.3675,64.0533,56.1015
Tue Jun 30 2026,0.137,565.0,0.7638,172.94,178.7457,170.8357,0.366,5.8057,-2.1043
Tue Jun 30 2026,0.137,566.0,0.7651,132.89,177.7581,169.8907,0.3645,44.8681,37.0007
Tue Jun 30 2026,0.137,568.0,0.7678,144.16,175.7831,168.003,0.3615,31.6231,23.843
Tue Jun 30 2026,0.137,569.0,0.7692,138.2,174.7958,167.0601,0.36,36.5958,28.8601
Tue Jun 30 2026,0.137,570.0,0.7705,165.3,173.8135,166.1075,0.3589,8.5135,0.8075
Tue Jun 30 2026,0.137,571.0,0.7719,114.94,172.8251,165.1687,0.3573,57.8851,50.2287
Tue Jun 30 2026,0.137,572.0,0.7732,129.27,171.838,164.2279,0.3558,42.568,34.9579
Tue Jun 30 2026,0.137,573.0,0.7746,113.25,170.8562,163.2771,0.3547,57.6062,50.0271
Tue Jun 30 2026,0.137,574.0,0.7759,108.41,169.8679,162.3405,0.3531,61.4579,53.9305
Tue Jun 30 2026,0.137,575.0,0.7773,159.62,168.8811,161.402,0.3516,9.2611,1.782
Tue Jun 30 2026,0.137,576.0,0.7786,113.95,167.8984,160.4558,0.3504,53.9484,46.5058
Tue Jun 30 2026,0.137,577.0,0.78,90.28,166.9104,159.5214,0.3488,76.6304,69.2414
Tue Jun 30 2026,0.137,578.0,0.7813,112.15,165.9266,158.5794,0.3475,53.7766,46.4294
Tue Jun 30 2026,0.137,579.0,0.7827,104.48,164.9387,157.6465,0.3459,60.4587,53.1665
Tue Jun 30 2026,0.137,580.0,0.784,161.01,163.9509,156.7143,0.3443,2.9409,-4.2957
Tue Jun 30 2026,0.137,581.0,0.7854,85.75,162.9674,155.7744,0.343,77.2174,70.0244
Tue Jun 30 2026,0.137,582.0,0.7868,119.7,161.9842,154.8351,0.3417,42.2842,35.1351
Tue Jun 30 2026,0.137,583.0,0.7881,85.77,160.9966,153.9051,0.3401,75.2266,68.1351
Tue Jun 30 2026,0.137,584.0,0.7895,99.37,160.0136,152.9673,0.3388,60.6436,53.5973
Tue Jun 30 2026,0.137,585.0,0.7908,157.44,159.0307,152.0301,0.3375,1.5907,-5.4099
Tue Jun 30 2026,0.137,586.0,0.7922,94.33,158.0419,151.1053,0.3358,63.7119,56.7753
Tue Jun 30 2026,0.137,587.0,0.7935,80.2,157.0593,150.1695,0.3345,76.8593,69.9695
Tue Jun 30 2026,0.137,588.0,0.7949,125.57,156.0768,149.2343,0.3332,30.5068,23.6643
Tue Jun 30 2026,0.137,589.0,0.7962,117.85,155.093,148.3029,0.3318,37.243,30.4529
Tue Jun 30 2026,0.137,590.0,0.7976,152.6,154.1319,147.3302,0.3318,1.5319,-5.2698
Tue Jun 30 2026,0.137,591.0,0.7989,121.97,153.1225,146.4481,0.3288,31.1525,24.4781
Tue Jun 30 2026,0.137,592.0,0.8003,120.54,152.1456,145.5067,0.3278,31.6056,24.9667
Tue Jun 30 2026,0.137,593.0,0.8016,123.97,151.1573,144.5872,0.3261,27.1873,20.6172
Tue Jun 30 2026,0.137,594.0,0.803,97.4,150.1792,143.65,0.325,52.7792,46.25
Tue Jun 30 2026,0.137,595.0,0.8043,148.69,149.1912,142.7321,0.3233,0.5012,-5.9579
Tue Jun 30 2026,0.137,596.0,0.8057,119.8,148.2466,141.7385,0.3241,28.4466,21.9385
Tue Jun 30 2026,0.137,597.0,0.807,119.84,147.2326,140.8674,0.3209,27.3926,21.0274
Tue Jun 30 2026,0.137,598.0,0.8084,117.55,146.2484,139.9454,0.3194,28.6984,22.3954
Tue Jun 30 2026,0.137,599.0,0.8097,118.31,145.3041,138.9564,0.3201,26.9941,20.6464
Tue Jun 30 2026,0.137,600.0,0.8111,142.5,143.4468,141.1122,0.2443,0.9468,-1.3878
Tue Jun 30 2026,0.137,601.0,0.8124,71.45,143.3075,137.1651,0.3155,71.8575,65.7151
Tue Jun 30 2026,0.137,602.0,0.8138,83.19,142.324,136.2459,0.314,59.134,53.0559
Tue Jun 30 2026,0.137,603.0,0.8151,122.36,141.3424,135.3243,0.3126,18.9824,12.9643
Tue Jun 30 2026,0.137,604.0,0.8165,67.28,140.3648,134.3971,0.3114,73.0848,67.1171
Tue Jun 30 2026,0.137,605.0,0.8178,138.05,139.3817,133.4802,0.3099,1.3317,-4.5698
Tue Jun 30 2026,0.137,606.0,0.8192,104.6,138.4008,132.5608,0.3085,33.8008,27.9608
Tue Jun 30 2026,0.137,607.0,0.8205,105.2,137.422,131.6389,0.3072,32.222,26.4389
Tue Jun 30 2026,0.137,608.0,0.8219,133.77,136.4434,130.7178,0.3059,2.6734,-3.0522
Tue Jun 30 2026,0.137,609.0,0.8233,80.64,135.4651,129.7974,0.3046,54.8251,49.1574
Tue Jun 30 2026,0.137,610.0,0.8246,133.01,134.4829,128.884,0.3031,1.4729,-4.126
Tue Jun 30 2026,0.137,611.0,0.826,117.51,133.4988,127.9745,0.3015,15.9888,10.4645
Tue Jun 30 2026,0.137,612.0,0.8273,107.61,132.5212,127.0562,0.3002,24.9112,19.4462
Tue Jun 30 2026,0.137,613.0,0.8287,96.5,131.5416,126.1418,0.2988,35.0416,29.6418
Tue Jun 30 2026,0.137,614.0,0.83,90.5,130.5645,125.2249,0.2975,40.0645,34.7249
Tue Jun 30 2026,0.137,615.0,0.8314,109.67,129.5854,124.312,0.2961,19.9154,14.642
Tue Jun 30 2026,0.137,616.0,0.8327,101.43,128.6088,123.3965,0.2948,27.1788,21.9665
Tue Jun 30 2026,0.137,617.0,0.8341,74.97,127.6303,122.4851,0.2934,52.6603,47.5151
Tue Jun 30 2026,0.137,618.0,0.8354,117.56,126.6611,121.5616,0.2924,9.1011,4.0016
Tue Jun 30 2026,0.137,619.0,0.8368,104.74,125.6832,120.6515,0.291,20.9432,15.9115
Tue Jun 30 2026,0.137,620.0,0.8381,122.61,124.7055,119.7421,0.2896,2.0955,-2.8679
Tue Jun 30 2026,0.137,621.0,0.8395,96.7,123.7281,118.8334,0.2882,27.0281,22.1334
Tue Jun 30 2026,0.137,622.0,0.8408,86.27,122.7509,117.9256,0.2868,36.4809,31.6556
Tue Jun 30 2026,0.137,623.0,0.8422,78.89,121.7837,117.0059,0.2858,42.8937,38.1159
Tue Jun 30 2026,0.137,624.0,0.8435,82.19,120.8048,116.1026,0.2843,38.6148,33.9126
Tue Jun 30 2026,0.137,625.0,0.8449,118.21,119.8386,115.1845,0.2833,1.6286,-3.0255
Tue Jun 30 2026,0.137,626.0,0.8462,93.68,118.8602,114.2826,0.2818,25.1802,20.6026
Tue Jun 30 2026,0.137,627.0,0.8476,97.24,117.8821,113.3815,0.2803,20.6421,16.1415
Tue Jun 30 2026,0.137,628.0,0.8489,90.68,116.9147,112.4688,0.2792,26.2347,21.7888
Tue Jun 30 2026,0.137,629.0,0.8503,60.61,115.9425,111.5629,0.2779,55.3325,50.9529
Tue Jun 30 2026,0.137,630.0,0.8516,111.77,114.9706,110.6579,0.2766,3.2006,-1.1121
Tue Jun 30 2026,0.137,631.0,0.853,107.29,113.9965,109.7567,0.2752,6.7065,2.4667
Tue Jun 30 2026,0.137,632.0,0.8543,107.17,113.0255,108.8531,0.2739,5.8555,1.6831
Tue Jun 30 2026,0.137,633.0,0.8557,108.45,112.0576,107.9475,0.2727,3.6076,-0.5025
Tue Jun 30 2026,0.137,634.0,0.857,79.55,111.0875,107.0456,0.2714,31.5375,27.4956
Tue Jun 30 2026,0.137,635.0,0.8584,92.4,110.1149,106.1473,0.27,17.7149,13.7473
Tue Jun 30 2026,0.137,636.0,0.8597,81.37,109.1456,105.247,0.2687,27.7756,23.877
Tue Jun 30 2026,0.137,637.0,0.8611,105.78,108.1768,104.3474,0.2674,2.3968,-1.4326
Tue Jun 30 2026,0.137,638.0,0.8625,96.0,107.2084,103.4487,0.2661,11.2084,7.4487
Tue Jun 30 2026,0.137,639.0,0.8638,92.56,106.2405,102.5507,0.2648,13.6805,9.9907
Tue Jun 30 2026,0.137,640.0,0.8652,98.8,105.2731,101.6536,0.2635,6.4731,2.8536
Tue Jun 30 2026,0.137,641.0,0.8665,91.81,104.3093,100.7546,0.2623,12.4993,8.9446
Tue Jun 30 2026,0.137,642.0,0.8679,69.68,103.3399,99.8619,0.2609,33.6599,30.1819
Tue Jun 30 2026,0.137,643.0,0.8692,81.8,102.3804,98.9618,0.2598,20.5804,17.1618
Tue Jun 30 2026,0.137,644.0,0.8706,97.03,101.412,98.0708,0.2584,4.382,1.0408
Tue Jun 30 2026,0.137,645.0,0.8719,96.08,100.4506,97.1752,0.2572,4.3706,1.0952
Tue Jun 30 2026,0.137,646.0,0.8733,75.38,99.4865,96.2832,0.2559,24.1065,20.9032
Tue Jun 30 2026,0.137,647.0,0.8746,71.0,98.523,95.392,0.2546,27.523,24.392
Tue Jun 30 2026,0.137,648.0,0.876,45.19,97.5705,94.4942,0.2536,52.3805,49.3042
Tue Jun 30 2026,0.137,649.0,0.8773,92.15,96.6048,93.6075,0.2522,4.4548,1.4575
Tue Jun 30 2026,0.137,650.0,0.8787,92.28,95.2097,93.0636,0.2379,2.9297,0.7836
Tue Jun 30 2026,0.137,651.0,0.88,52.42,94.7184,91.8077,0.2506,42.2984,39.3877
Tue Jun 30 2026,0.137,652.0,0.8814,86.5,93.7331,90.9379,0.2486,7.2331,4.4379
Tue Jun 30 2026,0.137,653.0,0.8827,75.52,92.7701,90.0548,0.2472,17.2501,14.5348
Tue Jun 30 2026,0.137,654.0,0.8841,87.75,91.8263,89.161,0.2463,4.0763,1.411
Tue Jun 30 2026,0.137,655.0,0.8854,86.82,90.1641,88.7882,0.2248,3.3441,1.9682
Tue Jun 30 2026,0.137,656.0,0.8868,79.01,89.9076,87.3974,0.2436,10.8976,8.3874
Tue Jun 30 2026,0.137,657.0,0.8881,62.0,88.9905,86.4946,0.2433,26.9905,24.4946
Tue Jun 30 2026,0.137,658.0,0.8895,38.27,88.0315,85.6166,0.2419,49.7615,47.3466
Tue Jun 30 2026,0.137,659.0,0.8908,62.46,87.045,84.7538,0.2398,24.585,22.2938
Tue Jun 30 2026,0.137,660.0,0.8922,82.59,86.0952,83.8734,0.2386,3.5052,1.2834
Tue Jun 30 2026,0.137,661.0,0.8935,77.06,85.1463,82.9943,0.2374,8.0863,5.9343
Tue Jun 30 2026,0.137,662.0,0.8949,58.96,84.2323,82.1013,0.237,25.2723,23.1413
Tue Jun 30 2026,0.137,663.0,0.8962,75.0,83.2988,81.2195,0.2361,8.2988,6.2195
Tue Jun 30 2026,0.137,664.0,0.8976,74.11,82.3494,80.3462,0.2348,8.2394,6.2362
Tue Jun 30 2026,0.137,665.0,0.899,77.2,81.3612,79.4893,0.2326,4.1612,2.2893
Tue Jun 30 2026,0.137,666.0,0.9003,73.03,80.4894,78.5902,0.233,7.4594,5.5602
Tue Jun 30 2026,0.137,667.0,0.9017,64.98,79.4705,77.746,0.2301,14.4905,12.766
Tue Jun 30 2026,0.137,668.0,0.903,62.43,78.5337,76.8739,0.229,16.1037,14.4439
Tue Jun 30 2026,0.137,669.0,0.9044,73.59,77.6498,75.9875,0.229,4.0598,2.3975
Tue Jun 30 2026,0.137,670.0,0.9057,74.5,76.7404,75.1125,0.2284,2.2404,0.6125
Tue Jun 30 2026,0.137,671.0,0.9071,67.56,75.7218,74.2694,0.2255,8.1618,6.7094
Tue Jun 30 2026,0.137,672.0,0.9084,65.24,74.7806,73.4058,0.2242,9.5406,8.1658
Tue Jun 30 2026,0.137,673.0,0.9098,65.67,73.8505,72.5411,0.2231,8.1805,6.8711
Tue Jun 30 2026,0.137,674.0,0.9111,49.03,72.9319,71.6759,0.2222,23.9019,22.6459
Tue Jun 30 2026,0.137,675.0,0.9125,69.17,71.2444,71.0086,0.2054,2.0744,1.8386
Tue Jun 30 2026,0.137,676.0,0.9138,65.56,71.059,69.9591,0.2196,5.499,4.3991
Tue Jun 30 2026,0.137,677.0,0.9152,62.22,70.135,69.101,0.2185,7.915,6.881
Tue Jun 30 2026,0.137,678.0,0.9165,61.61,69.2127,68.2448,0.2174,7.6027,6.6348
Tue Jun 30 2026,0.137,679.0,0.9179,62.51,68.2759,67.3926,0.216,5.7659,4.8826
Tue Jun 30 2026,0.137,680.0,0.9192,63.3,67.484,66.5255,0.2172,4.184,3.2255
Tue Jun 30 2026,0.137,681.0,0.9206,63.98,65.6365,65.8024,0.1987,1.6565,1.8224
Tue Jun 30 2026,0.137,682.0,0.9219,61.52,64.7134,64.9395,0.1977,3.1934,3.4195
Tue Jun 30 2026,0.137,683.0,0.9233,56.9,63.7922,64.0785,0.1967,6.8922,7.1785
Tue Jun 30 2026,0.137,684.0,0.9246,55.99,62.8836,63.2183,0.1959,6.8936,7.2283
Tue Jun 30 2026,0.137,685.0,0.926,60.62,62.8133,62.3046,0.2098,2.1933,1.6846
Tue Jun 30 2026,0.137,686.0,0.9273,58.19,61.0573,61.5066,0.194,2.8673,3.3166
Tue Jun 30 2026,0.137,687.0,0.9287,55.38,60.1502,60.6541,0.1931,4.7702,5.2741
Tue Jun 30 2026,0.137,688.0,0.93,56.48,59.2399,59.8042,0.1921,2.7599,3.3242
Tue Jun 30 2026,0.137,689.0,0.9314,43.34,58.3435,58.9564,0.1913,15.0035,15.6164
Tue Jun 30 2026,0.137,690.0,0.9327,56.0,58.2743,58.1252,0.2039,2.2743,2.1252
Tue Jun 30 2026,0.137,691.0,0.9341,54.44,56.547,57.2692,0.1895,2.107,2.8292
Tue Jun 30 2026,0.137,692.0,0.9355,48.8,56.4124,56.4651,0.2006,7.6124,7.6651
Tue Jun 30 2026,0.137,693.0,0.9368,54.27,55.5135,55.6397,0.1994,1.2435,1.3697
Tue Jun 30 2026,0.137,694.0,0.9382,51.3,55.2817,54.8845,0.2079,3.9817,3.5845
Tue Jun 30 2026,0.137,695.0,0.9395,50.07,53.7433,53.9981,0.1973,3.6733,3.9281
Tue Jun 30 2026,0.137,696.0,0.9409,45.09,52.8659,53.182,0.1963,7.7759,8.092
Tue Jun 30 2026,0.137,697.0,0.9422,44.3,51.9704,52.3662,0.195,7.6704,8.0662
Tue Jun 30 2026,0.137,698.0,0.9436,47.47,51.0987,51.5559,0.194,3.6287,4.0859
Tue Jun 30 2026,0.137,699.0,0.9449,46.35,50.2229,50.7477,0.1929,3.8729,4.3977
Tue Jun 30 2026,0.137,700.0,0.9463,47.0,49.3502,49.9426,0.1918,2.3502,2.9426
Tue Jun 30 2026,0.137,701.0,0.9476,45.15,48.4954,49.1433,0.1909,3.3454,3.9933
Tue Jun 30 2026,0.137,702.0,0.949,44.74,47.6217,48.3433,0.1897,2.8817,3.6033
Tue Jun 30 2026,0.137,703.0,0.9503,43.9,46.7663,47.5494,0.1887,2.8663,3.6494
Tue Jun 30 2026,0.137,704.0,0.9517,37.42,45.9068,46.7576,0.1876,8.4868,9.3376
Tue Jun 30 2026,0.137,705.0,0.953,43.3,45.0586,45.9711,0.1866,1.7586,2.6711
Tue Jun 30 2026,0.137,706.0,0.9544,41.31,44.2062,45.1864,0.1855,2.8962,3.8764
Tue Jun 30 2026,0.137,707.0,0.9557,41.32,43.3656,44.4075,0.1845,2.0456,3.0875
Tue Jun 30 2026,0.137,708.0,0.9571,35.39,42.529,43.6325,0.1835,7.139,8.2425
Tue Jun 30 2026,0.137,709.0,0.9584,38.42,41.68,42.8572,0.1823,3.26,4.4372
Tue Jun 30 2026,0.137,710.0,0.9598,38.48,40.8514,42.0905,0.1813,2.3714,3.6105
Tue Jun 30 2026,0.137,711.0,0.9611,38.0,40.0188,41.3255,0.1802,2.0188,3.3255
Tue Jun 30 2026,0.137,712.0,0.9625,37.4,39.1989,40.5673,0.1792,1.7989,3.1673
Tue Jun 30 2026,0.137,713.0,0.9638,33.87,38.375,39.811,0.1781,4.505,5.941
Tue Jun 30 2026,0.137,714.0,0.9652,34.36,37.573,39.0647,0.1772,3.213,4.7047
Tue Jun 30 2026,0.137,715.0,0.9665,35.14,36.7583,38.3177,0.1761,1.6183,3.1777
Tue Jun 30 2026,0.137,716.0,0.9679,32.59,35.9573,37.5784,0.1751,3.3673,4.9884
Tue Jun 30 2026,0.137,717.0,0.9692,32.62,35.1613,36.8441,0.1741,2.5413,4.2241
Tue Jun 30 2026,0.137,718.0,0.9706,32.4,34.3614,36.1118,0.173,1.9614,3.7118
Tue Jun 30 2026,0.137,719.0,0.9719,31.74,33.5758,35.3878,0.172,1.8358,3.6478
Tue Jun 30 2026,0.137,720.0,0.9733,30.89,32.7863,34.6659,0.1709,1.8963,3.7759
Tue Jun 30 2026,0.137,721.0,0.9747,29.04,32.0307,33.9601,0.1701,2.9907,4.9201
Tue Jun 30 2026,0.137,722.0,0.976,28.76,30.4532,32.9372,0.1606,1.6932,4.1772
Tue Jun 30 2026,0.137,723.0,0.9774,28.1,29.7012,32.2343,0.1598,1.6012,4.1343
Tue Jun 30 2026,0.137,724.0,0.9787,28.18,28.9268,31.5261,0.1587,0.7468,3.3461
Tue Jun 30 2026,0.137,725.0,0.9801,27.16,28.9821,31.1636,0.166,1.8221,4.0036
Tue Jun 30 2026,0.137,726.0,0.9814,25.19,28.2378,30.4806,0.165,3.0478,5.2906
Tue Jun 30 2026,0.137,727.0,0.9828,24.9,27.51,29.8085,0.1641,2.61,4.9085
Tue Jun 30 2026,0.137,728.0,0.9841,25.03,26.7789,29.1387,0.1631,1.7489,4.1087
Tue Jun 30 2026,0.137,729.0,0.9855,23.82,26.0649,28.4802,0.1622,2.2449,4.6602
Tue Jun 30 2026,0.137,730.0,0.9868,23.7,25.3579,27.8288,0.1613,1.6579,4.1288
Tue Jun 30 2026,0.137,731.0,0.9882,22.88,24.6479,27.1802,0.1603,1.7679,4.3002
Tue Jun 30 2026,0.137,732.0,0.9895,21.23,23.9556,26.5434,0.1594,2.7256,5.3134
Tue Jun 30 2026,0.137,733.0,0.9909,20.8,23.2605,25.9093,0.1584,2.4605,5.1093
Tue Jun 30 2026,0.137,734.0,0.9922,19.98,22.5835,25.2877,0.1575,2.6035,5.3077
Tue Jun 30 2026,0.137,735.0,0.9936,20.6,21.9144,24.674,0.1566,1.3144,4.074
Tue Jun 30 2026,0.137,736.0,0.9949,20.0,21.2535,24.0684,0.1557,1.2535,4.0684
Tue Jun 30 2026,0.137,737.0,0.9963,19.35,20.6115,23.4761,0.1549,1.2615,4.1261
Tue Jun 30 2026,0.137,738.0,0.9976,19.01,19.9673,22.8871,0.154,0.9573,3.8771
Tue Jun 30 2026,0.137,739.0,0.999,18.23,19.3425,22.3118,0.1532,1.1125,4.0818
Tue Jun 30 2026,0.137,740.0,1.0003,17.6,18.7156,21.7401,0.1523,1.1156,4.1401
Tue Jun 30 2026,0.137,741.0,1.0017,17.19,18.1085,21.1825,0.1515,0.9185,3.9925
Tue Jun 30 2026,0.137,742.0,1.003,15.99,17.5105,20.634,0.1507,1.5205,4.644
Tue Jun 30 2026,0.137,743.0,1.0044,16.03,16.9217,20.0947,0.1499,0.8917,4.0647
Tue Jun 30 2026,0.137,744.0,1.0057,15.2,16.3424,19.5648,0.1491,1.1424,4.3648
Tue Jun 30 2026,0.137,745.0,1.0071,14.52,15.7725,19.0443,0.1483,1.2525,4.5243
Tue Jun 30 2026,0.137,746.0,1.0084,13.77,15.2233,18.5388,0.1476,1.4533,4.7688
Tue Jun 30 2026,0.137,747.0,1.0098,13.77,14.662,18.0324,0.1467,0.892,4.2624
Tue Jun 30 2026,0.137,748.0,1.0112,12.58,14.1324,17.5466,0.146,1.5524,4.9666
Tue Jun 30 2026,0.137,749.0,1.0125,12.72,13.602,17.0654,0.1452,0.882,4.3454
Tue Jun 30 2026,0.137,750.0,1.0139,11.86,13.1034,16.6049,0.1446,1.2434,4.7449
Tue Jun 30 2026,0.137,755.0,1.0206,9.69,10.7212,14.4355,0.1412,1.0312,4.7455
Tue Jun 30 2026,0.137,760.0,1.0274,7.9,8.6428,12.5476,0.1382,0.7428,4.6476
Tue Jun 30 2026,0.137,765.0,1.0341,6.17,6.8651,10.9383,0.1356,0.6951,4.7683
Tue Jun 30 2026,0.137,770.0,1.0409,4.67,5.376,9.5961,0.1334,0.706,4.9261
Tue Jun 30 2026,0.137,775.0,1.0477,3.72,4.1627,8.5029,0.1317,0.4427,4.7829
Tue Jun 30 2026,0.137,780.0,1.0544,2.73,3.1883,7.6273,0.1304,0.4583,4.8973
Tue Jun 30 2026,0.137,785.0,1.0612,2.08,2.4153,6.9372,0.1294,0.3353,4.8572
Tue Jun 30 2026,0.137,790.0,1.0679,1.53,1.8235,6.4015,0.1289,0.2935,4.8715
Tue Jun 30 2026,0.137,795.0,1.0747,1.19,1.3781,5.9851,0.1289,0.1881,4.7951
Tue Jun 30 2026,0.137,800.0,1.0814,0.87,1.0439,5.6578,0.1293,0.1739,4.7878
Tue Jun 30 2026,0.137,805.0,1.0882,0.7,0.7929,5.3965,0.13,0.0929,4.6965
Tue Jun 30 2026,0.137,810.0,1.095,0.56,0.6081,5.1783,0.1311,0.0481,4.6183
Tue Jun 30 2026,0.137,815.0,1.1017,0.36,0.4729,4.9856,0.1326,0.1129,4.6256
Tue Jun 30 2026,0.137,820.0,1.1085,0.31,0.3759,4.8004,0.1346,0.0659,4.4904
Tue Jun 30 2026,0.137,825.0,1.1152,0.26,0.3023,4.6241,0.1368,0.0423,4.3641
Tue Jun 30 2026,0.137,830.0,1.122,0.21,0.2499,4.4361,0.1395,0.0399,4.2261
Tue Jun 30 2026,0.137,835.0,1.1288,0.18,0.2035,4.2746,0.1418,0.0235,4.0946
Tue Jun 30 2026,0.137,840.0,1.1355,0.16,0.1807,4.0337,0.1457,0.0207,3.8737
Tue Jun 30 2026,0.137,845.0,1.1423,0.12,0.1518,3.8563,0.1484,0.0318,3.7363
Tue Jun 30 2026,0.137,850.0,1.149,0.11,0.1234,3.721,0.1504,0.0134,3.611
Tue Jun 30 2026,0.137,855.0,1.1558,0.07,0.116,3.4326,0.155,0.046,3.3626
Tue Jun 30 2026,0.137,860.0,1.1626,0.09,0.1007,3.2355,0.158,0.0107,3.1455
Tue Jun 30 2026,0.137,865.0,1.1693,0.08,0.0878,3.0362,0.161,0.0078,2.9562
Tue Jun 30 2026,0.137,870.0,1.1761,0.07,0.0878,2.6774,0.1664,0.0178,2.6074
Tue Jun 30 2026,0.137,875.0,1.1828,0.08,0.077,2.4756,0.1693,-0.003,2.3956
Tue Jun 30 2026,0.137,880.0,1.1896,0.07,0.0653,2.3192,0.1715,-0.0047,2.2492
Tue Jun 30 2026,0.137,885.0,1.1964,0.05,0.0652,1.9586,0.1766,0.0152,1.9086
Tue Jun 30 2026,0.137,890.0,1.2031,0.05,0.0537,1.8462,0.1781,0.0037,1.7962
Tue Jun 30 2026,0.137,895.0,1.2099,0.02,0.0535,1.4865,0.183,0.0335,1.4665
Tue Jun 30 2026,0.137,900.0,1.2166,0.04,0.0532,1.1254,0.1878,0.0132,1.0854
Fri Jul 17 2026,0.1836,360.0,0.4867,374.46,382.7425,376.573,0.6363,8.2825,2.113
Fri Jul 17 2026,0.1836,365.0,0.4934,369.54,377.721,371.2202,0.5963,8.181,1.6802
Fri Jul 17 2026,0.1836,370.0,0.5002,355.11,372.8237,366.3683,0.6149,17.7137,11.2583
Fri Jul 17 2026,0.1836,375.0,0.5069,358.95,367.8739,361.2841,0.608,8.9239,2.3341
Fri Jul 17 2026,0.1836,385.0,0.5204,327.23,357.9916,351.1574,0.5991,30.7616,23.9274
Fri Jul 17 2026,0.1836,400.0,0.5407,324.43,343.1489,335.8574,0.5777,18.7189,11.4274
Fri Jul 17 2026,0.1836,410.0,0.5542,249.1,333.2523,325.6355,0.5625,84.1523,76.5355
Fri Jul 17 2026,0.1836,420.0,0.5678,259.61,323.3573,315.4216,0.5474,63.7473,55.8116
Fri Jul 17 2026,0.1836,430.0,0.5813,283.91,313.243,305.1089,0.4723,29.333,21.1989
Fri Jul 17 2026,0.1836,450.0,0.6083,263.19,293.6431,284.97,0.496,30.4531,21.78
Fri Jul 17 2026,0.1836,480.0,0.6489,180.59,263.96,255.1865,0.4499,83.37,74.5965
Fri Jul 17 2026,0.1836,485.0,0.6556,175.84,259.0985,250.1897,0.4526,83.2585,74.3497
Fri Jul 17 2026,0.1836,490.0,0.6624,190.53,254.3093,245.1875,0.4606,63.7793,54.6575
Fri Jul 17 2026,0.1836,495.0,0.6691,223.05,249.2227,240.3867,0.4383,26.1727,17.3367
Fri Jul 17 2026,0.1836,500.0,0.6759,241.35,244.1069,235.7948,0.411,2.7569,-5.5552
Fri Jul 17 2026,0.1836,505.0,0.6827,180.05,239.3975,230.5883,0.4285,59.3475,50.5383
Fri Jul 17 2026,0.1836,510.0,0.6894,216.5,234.2927,225.9739,0.4049,17.7927,9.4739
Fri Jul 17 2026,0.1836,515.0,0.6962,201.0,229.484,220.9459,0.4101,28.484,19.9459
Fri Jul 17 2026,0.1836,520.0,0.7029,213.47,224.2386,216.7647,0.3717,10.7686,3.2947
Fri Jul 17 2026,0.1836,525.0,0.7097,147.5,219.492,211.5104,0.3851,71.992,64.0104
Fri Jul 17 2026,0.1836,530.0,0.7165,196.88,214.634,206.5922,0.3846,17.754,9.7122
Fri Jul 17 2026,0.1836,535.0,0.7232,118.66,209.6456,201.9081,0.3731,90.9856,83.2481
Fri Jul 17 2026,0.1836,540.0,0.73,173.0,204.7832,197.0324,0.3714,31.7832,24.0324
Fri Jul 17 2026,0.1836,545.0,0.7367,171.74,199.9193,192.1888,0.3688,28.1793,20.4488
Fri Jul 17 2026,0.1836,550.0,0.7435,189.99,194.8052,187.758,0.3489,4.8152,-2.232
Fri Jul 17 2026,0.1836,555.0,0.7503,161.71,190.0816,182.7133,0.3554,28.3716,21.0033
Fri Jul 17 2026,0.1836,560.0,0.757,174.41,185.0842,178.1138,0.3439,10.6742,3.7038
Fri Jul 17 2026,0.1836,565.0,0.7638,150.98,180.2833,173.2591,0.3437,29.3033,22.2791
Fri Jul 17 2026,0.1836,570.0,0.7705,152.76,175.5299,168.4014,0.3447,22.7699,15.6414
Fri Jul 17 2026,0.1836,575.0,0.7773,166.1,170.4396,163.9369,0.329,4.3396,-2.1631
Fri Jul 17 2026,0.1836,580.0,0.784,161.9,165.7155,159.088,0.3305,3.8155,-2.812
Fri Jul 17 2026,0.1836,585.0,0.7908,132.09,160.5821,154.7048,0.3134,28.4921,22.6148
Fri Jul 17 2026,0.1836,590.0,0.7976,152.08,155.7664,149.9865,0.3104,3.6864,-2.0935
Fri Jul 17 2026,0.1836,595.0,0.8043,146.43,150.9353,145.317,0.3062,4.5053,-1.113
Fri Jul 17 2026,0.1836,600.0,0.8111,143.2,146.1272,140.656,0.3024,2.9272,-2.544
Fri Jul 17 2026,0.1836,605.0,0.8178,135.84,141.2105,136.1124,0.2944,5.3705,0.2724
Fri Jul 17 2026,0.1836,610.0,0.8246,119.16,136.1664,131.6949,0.282,17.0064,12.5349
Fri Jul 17 2026,0.1836,615.0,0.8314,102.81,131.571,126.9366,0.2843,28.761,24.1266
Fri Jul 17 2026,0.1836,620.0,0.8381,117.23,126.7539,122.3868,0.2788,9.5239,5.1568
Fri Jul 17 2026,0.1836,625.0,0.8449,114.53,121.7032,117.9974,0.2665,7.1732,3.4674
Fri Jul 17 2026,0.1836,630.0,0.8516,113.01,116.9064,113.4703,0.2613,3.8964,0.4603
Fri Jul 17 2026,0.1836,635.0,0.8584,108.39,112.1846,108.9367,0.2576,3.7946,0.5467
Fri Jul 17 2026,0.1836,640.0,0.8652,103.71,107.585,104.3997,0.2561,3.875,0.6897
Fri Jul 17 2026,0.1836,645.0,0.8719,97.95,102.8198,99.9596,0.2502,4.8698,2.0096
Fri Jul 17 2026,0.1836,650.0,0.8787,93.51,98.0467,95.5474,0.2438,4.5367,2.0374
Fri Jul 17 2026,0.1836,655.0,0.8854,89.31,93.2165,91.1683,0.236,3.9065,1.8583
Fri Jul 17 2026,0.1836,660.0,0.8922,84.98,88.7705,86.7734,0.2349,3.7905,1.7934
Fri Jul 17 2026,0.1836,665.0,0.899,81.65,83.7097,82.4523,0.2225,2.0597,0.8023
Fri Jul 17 2026,0.1836,670.0,0.9057,77.1,78.9888,78.1293,0.2158,1.8888,1.0293
Fri Jul 17 2026,0.1836,675.0,0.9125,73.07,74.1944,73.8262,0.2076,1.1244,0.7562
Fri Jul 17 2026,0.1836,680.0,0.9192,67.52,69.8283,69.5908,0.2054,2.3083,2.0708
Fri Jul 17 2026,0.1836,685.0,0.926,62.65,65.3637,65.3978,0.2009,2.7137,2.7478
Fri Jul 17 2026,0.1836,690.0,0.9327,58.99,60.7658,61.2178,0.194,1.7758,2.2278
Fri Jul 17 2026,0.1836,695.0,0.9395,54.65,56.5772,57.1833,0.1915,1.9272,2.5333
Fri Jul 17 2026,0.1836,700.0,0.9463,50.8,52.9186,53.3894,0.1938,2.1186,2.5894
Fri Jul 17 2026,0.1836,705.0,0.953,47.07,48.7003,49.4857,0.1887,1.6303,2.4157
Fri Jul 17 2026,0.1836,710.0,0.9598,43.05,45.1993,45.923,0.1898,2.1493,2.873
Fri Jul 17 2026,0.1836,715.0,0.9665,39.06,40.5883,41.9684,0.1791,1.5283,2.9084
Fri Jul 17 2026,0.1836,720.0,0.9733,35.36,36.6999,38.372,0.1744,1.3399,3.012
Fri Jul 17 2026,0.1836,725.0,0.9801,31.75,32.9449,34.9027,0.1698,1.1949,3.1527
Fri Jul 17 2026,0.1836,730.0,0.9868,27.49,29.3618,31.5877,0.1655,1.8718,4.0977
Fri Jul 17 2026,0.1836,735.0,0.9936,24.91,25.9438,28.4317,0.1613,1.0338,3.5217
Fri Jul 17 2026,0.1836,740.0,1.0003,21.74,22.7063,25.45,0.1572,0.9663,3.71
Fri Jul 17 2026,0.1836,745.0,1.0071,18.59,19.677,22.6647,0.1533,1.087,4.0747
Fri Jul 17 2026,0.1836,750.0,1.0139,16.05,16.8958,20.1044,0.1498,0.8458,4.0544
Fri Jul 17 2026,0.1836,755.0,1.0206,13.54,14.3365,17.7601,0.1464,0.7965,4.2201
Fri Jul 17 2026,0.1836,760.0,1.0274,11.04,12.0445,15.6604,0.1434,1.0045,4.6204
Fri Jul 17 2026,0.1836,765.0,1.0341,8.93,10.0099,13.8013,0.1407,1.0799,4.8713
Fri Jul 17 2026,0.1836,770.0,1.0409,7.47,8.2298,12.1803,0.1383,0.7598,4.7103
Fri Jul 17 2026,0.1836,775.0,1.0477,6.17,6.6959,10.7891,0.1362,0.5259,4.6191
Fri Jul 17 2026,0.1836,780.0,1.0544,5.0,5.4134,9.622,0.1346,0.4134,4.622
Fri Jul 17 2026,0.1836,785.0,1.0612,3.84,4.333,8.6464,0.1332,0.493,4.8064
Fri Jul 17 2026,0.1836,790.0,1.0679,3.2,3.4435,7.8455,0.1321,0.2435,4.6455
Fri Jul 17 2026,0.1836,795.0,1.0747,2.5,2.7282,7.1971,0.1314,0.2282,4.6971
Fri Jul 17 2026,0.1836,800.0,1.0814,1.91,2.1549,6.6742,0.131,0.2449,4.7642
Fri Jul 17 2026,0.1836,805.0,1.0882,1.55,1.7005,6.2537,0.1309,0.1505,4.7037
Fri Jul 17 2026,0.1836,810.0,1.095,1.15,1.3396,5.9154,0.131,0.1896,4.7654
Fri Jul 17 2026,0.1836,815.0,1.1017,0.94,1.0665,5.6364,0.1316,0.1265,4.6964
Fri Jul 17 2026,0.1836,820.0,1.1085,0.75,0.8486,5.4063,0.1323,0.0986,4.6563
Fri Jul 17 2026,0.1836,825.0,1.1152,0.58,0.6838,5.2053,0.1334,0.1038,4.6253
Fri Jul 17 2026,0.1836,830.0,1.122,0.5,0.5525,5.0309,0.1346,0.0525,4.5309
Fri Jul 17 2026,0.1836,835.0,1.1288,0.39,0.4462,4.8802,0.1358,0.0562,4.4902
Fri Jul 17 2026,0.1836,840.0,1.1355,0.32,0.3687,4.7269,0.1375,0.0487,4.4069
Fri Jul 17 2026,0.1836,845.0,1.1423,0.26,0.3128,4.5623,0.1397,0.0528,4.3023
Fri Jul 17 2026,0.1836,850.0,1.149,0.23,0.2558,4.4437,0.1411,0.0258,4.2137
Fri Jul 17 2026,0.1836,855.0,1.1558,0.18,0.2228,4.2716,0.1437,0.0428,4.0916
Fri Jul 17 2026,0.1836,860.0,1.1626,0.17,0.1889,4.1335,0.1457,0.0189,3.9635
Fri Jul 17 2026,0.1836,865.0,1.1693,0.13,0.1668,3.959,0.1484,0.0368,3.829
Fri Jul 17 2026,0.1836,870.0,1.1761,0.12,0.144,3.8129,0.1506,0.024,3.6929
Fri Jul 17 2026,0.1836,875.0,1.1828,0.11,0.1325,3.6011,0.1539,0.0225,3.4911
Fri Jul 17 2026,0.1836,880.0,1.1896,0.1,0.1211,3.3977,0.157,0.0211,3.2977
Fri Jul 17 2026,0.1836,885.0,1.1964,0.09,0.1094,3.2101,0.1598,0.0194,3.1201
Fri Jul 17 2026,0.1836,890.0,1.2031,0.08,0.0987,3.0263,0.1625,0.0187,2.9463
Fri Jul 17 2026,0.1836,895.0,1.2099,0.08,0.0874,2.8668,0.1648,0.0074,2.7868
Fri Jul 17 2026,0.1836,900.0,1.2166,0.08,0.0859,2.5824,0.1689,0.0059,2.5024
Fri Jul 17 2026,0.1836,905.0,1.2234,0.06,0.0758,2.4309,0.171,0.0158,2.3709
Fri Jul 17 2026,0.1836,910.0,1.2301,0.06,0.0754,2.1283,0.1752,0.0154,2.0683
Fri Jul 17 2026,0.1836,915.0,1.2369,0.05,0.0641,2.0293,0.1765,0.0141,1.9793
Fri Jul 17 2026,0.1836,920.0,1.2437,0.05,0.0639,1.7237,0.1806,0.0139,1.6737
Fri Jul 17 2026,0.1836,925.0,1.2504,0.05,0.0638,1.4111,0.1847,0.0138,1.3611
Fri Jul 17 2026,0.1836,930.0,1.2572,0.04,0.0524,1.3674,0.1852,0.0124,1.3274
Fri Jul 17 2026,0.1836,935.0,1.2639,0.04,0.0516,1.0771,0.1889,0.0116,1.0371
Fri Jul 17 2026,0.1836,940.0,1.2707,0.04,0.0522,0.7416,0.1931,0.0122,0.7016
Fri Jul 17 2026,0.1836,945.0,1.2775,0.04,0.0524,0.4154,0.1971,0.0124,0.3754
Fri Jul 17 2026,0.1836,950.0,1.2842,0.02,0.0402,0.4884,0.1961,0.0202,0.4684
Fri Jul 17 2026,0.1836,955.0,1.291,0.03,0.0402,0.172,0.1999,0.0102,0.142
Fri Jul 17 2026,0.1836,960.0,1.2977,0.03,0.0402,0.0,0.2037,0.0102,-0.03
Fri Jul 17 2026,0.1836,965.0,1.3045,0.03,0.0401,0.0,0.2074,0.0101,-0.03
Fri Jul 17 2026,0.1836,970.0,1.3113,0.03,0.0292,0.0,0.2053,-0.0008,-0.03
Fri Jul 17 2026,0.1836,975.0,1.318,0.02,0.0289,0.0,0.2087,0.0089,-0.02
Fri Jul 17 2026,0.1836,1000.0,1.3518,0.02,0.0234,0.0,0.2224,0.0034,-0.02
Fri Jul 31 2026,0.2219,375.0,0.5069,324.5,368.345,361.2302,0.4749,43.845,36.7302
Fri Jul 31 2026,0.2219,435.0,0.588,224.74,309.3282,300.9516,0.4939,84.5882,76.2116
Fri Jul 31 2026,0.2219,445.0,0.6016,212.0,299.4646,290.9742,0.4805,87.4646,78.9742
Fri Jul 31 2026,0.2219,450.0,0.6083,214.85,294.5402,286.0054,0.4746,79.6902,71.1554
Fri Jul 31 2026,0.2219,465.0,0.6286,222.62,279.7529,271.1813,0.4546,57.1329,48.5613
Fri Jul 31 2026,0.2219,470.0,0.6353,192.74,274.8387,266.2577,0.4493,82.0987,73.5177
Fri Jul 31 2026,0.2219,475.0,0.6421,240.12,269.914,261.3528,0.4428,29.794,21.2328
Fri Jul 31 2026,0.2219,485.0,0.6556,178.4,260.0695,251.5778,0.43,81.6695,73.1778
Fri Jul 31 2026,0.2219,490.0,0.6624,158.96,255.1548,246.7029,0.4241,96.1948,87.7429
Fri Jul 31 2026,0.2219,495.0,0.6691,224.03,250.2355,241.8443,0.4177,26.2055,17.8143
Fri Jul 31 2026,0.2219,500.0,0.6759,227.75,245.3199,236.9953,0.4115,17.5699,9.2453
Fri Jul 31 2026,0.2219,505.0,0.6827,165.9,240.2977,232.2695,0.3972,74.3977,66.3695
Fri Jul 31 2026,0.2219,510.0,0.6894,167.3,235.505,227.322,0.3999,68.205,60.022
Fri Jul 31 2026,0.2219,515.0,0.6962,191.93,230.2935,222.8883,0.3718,38.3635,30.9583
Fri Jul 31 2026,0.2219,520.0,0.7029,197.17,225.5572,217.8376,0.3792,28.3872,20.6676
Fri Jul 31 2026,0.2219,525.0,0.7097,216.77,220.6426,213.0565,0.3729,3.8726,-3.7135
Fri Jul 31 2026,0.2219,530.0,0.7165,186.97,215.7326,208.2845,0.3668,28.7626,21.3145
Fri Jul 31 2026,0.2219,535.0,0.7232,172.69,210.9484,203.3983,0.3677,38.2584,30.7083
Fri Jul 31 2026,0.2219,540.0,0.73,148.05,205.9344,198.7615,0.3555,57.8844,50.7115
Fri Jul 31 2026,0.2219,545.0,0.7367,143.51,201.083,193.9746,0.3521,57.573,50.4646
Fri Jul 31 2026,0.2219,550.0,0.7435,185.33,196.1419,189.2959,0.3439,10.8119,3.9659
Fri Jul 31 2026,0.2219,555.0,0.7503,125.99,191.4025,184.4451,0.3451,65.4125,58.4551
Fri Jul 31 2026,0.2219,560.0,0.757,157.46,186.4083,179.8397,0.3344,28.9483,22.3797
Fri Jul 31 2026,0.2219,565.0,0.7638,171.35,181.5112,175.1661,0.328,10.1612,3.8161
Fri Jul 31 2026,0.2219,570.0,0.7705,137.96,176.6967,170.4405,0.3248,38.7367,32.4805
Fri Jul 31 2026,0.2219,575.0,0.7773,144.64,171.8083,165.7947,0.3184,27.1683,21.1547
Fri Jul 31 2026,0.2219,580.0,0.784,163.06,166.9452,161.147,0.3128,3.8852,-1.913
Fri Jul 31 2026,0.2219,585.0,0.7908,154.58,162.0875,156.5141,0.3072,7.5075,1.9341
Fri Jul 31 2026,0.2219,590.0,0.7976,131.11,157.3882,151.8072,0.3064,26.2782,20.6972
Fri Jul 31 2026,0.2219,595.0,0.8043,143.5,152.3541,147.3143,0.2949,8.8541,3.8143
Fri Jul 31 2026,0.2219,600.0,0.8111,141.85,147.579,142.6913,0.2912,5.729,0.8413
Fri Jul 31 2026,0.2219,605.0,0.8178,126.76,142.7419,138.1236,0.2854,15.9819,11.3636
Fri Jul 31 2026,0.2219,610.0,0.8246,122.02,137.893,133.5799,0.2791,15.873,11.5599
Fri Jul 31 2026,0.2219,615.0,0.8314,111.22,133.2931,128.9668,0.2787,22.0731,17.7468
Fri Jul 31 2026,0.2219,620.0,0.8381,124.22,128.5442,124.4399,0.2741,4.3242,0.2199
Fri Jul 31 2026,0.2219,621.0,0.8395,105.55,127.4322,123.5803,0.2695,21.8822,18.0303
Fri Jul 31 2026,0.2219,622.0,0.8408,84.27,126.3431,122.7175,0.2654,42.0731,38.4475
Fri Jul 31 2026,0.2219,623.0,0.8422,69.08,125.5183,121.7788,0.2673,56.4383,52.6988
Fri Jul 31 2026,0.2219,624.0,0.8435,74.94,124.5078,120.8932,0.265,49.5678,45.9532
Fri Jul 31 2026,0.2219,625.0,0.8449,121.64,123.6201,119.9769,0.2654,1.9801,-1.6631
Fri Jul 31 2026,0.2219,626.0,0.8462,113.17,122.6464,119.0832,0.2639,9.4764,5.9132
Fri Jul 31 2026,0.2219,627.0,0.8476,83.32,121.7434,118.1745,0.2639,38.4234,34.8545
Fri Jul 31 2026,0.2219,628.0,0.8489,77.64,120.7801,117.2802,0.2626,43.1401,39.6402
Fri Jul 31 2026,0.2219,629.0,0.8503,76.37,119.7693,116.3962,0.2603,43.3993,40.0262
Fri Jul 31 2026,0.2219,630.0,0.8516,95.43,118.8304,115.4982,0.2595,23.4004,20.0682
Fri Jul 31 2026,0.2219,631.0,0.853,91.44,117.9663,114.5883,0.2602,26.5263,23.1483
Fri Jul 31 2026,0.2219,632.0,0.8543,41.89,116.9902,113.6995,0.2586,75.1002,71.8095
Fri Jul 31 2026,0.2219,633.0,0.8557,89.0,115.9991,112.8137,0.2567,26.9991,23.8137
Fri Jul 31 2026,0.2219,634.0,0.857,70.0,115.2697,111.8931,0.2599,45.2697,41.8931
Fri Jul 31 2026,0.2219,635.0,0.8584,97.0,114.1085,111.0298,0.2547,17.1085,14.0298
Fri Jul 31 2026,0.2219,636.0,0.8597,86.67,113.2059,110.134,0.2545,26.5359,23.464
Fri Jul 31 2026,0.2219,637.0,0.8611,67.16,112.2051,109.2514,0.2524,45.0451,42.0914
Fri Jul 31 2026,0.2219,638.0,0.8625,62.48,111.4607,108.344,0.2551,48.9807,45.864
Fri Jul 31 2026,0.2219,639.0,0.8638,85.11,110.3684,107.4702,0.2513,25.2584,22.3602
Fri Jul 31 2026,0.2219,640.0,0.8652,106.87,109.4112,106.585,0.25,2.5412,-0.285
Fri Jul 31 2026,0.2219,641.0,0.8665,35.62,108.5317,105.6952,0.2501,72.9117,70.0752
Fri Jul 31 2026,0.2219,642.0,0.8679,54.37,107.6945,104.8062,0.2509,53.3245,50.4362
Fri Jul 31 2026,0.2219,643.0,0.8692,72.1,106.8095,103.9227,0.2508,34.7095,31.8227
Fri Jul 31 2026,0.2219,644.0,0.8706,56.2,105.8742,103.0422,0.2498,49.6742,46.8422
Fri Jul 31 2026,0.2219,645.0,0.8719,97.48,104.9397,102.1626,0.2488,7.4597,4.6826
Fri Jul 31 2026,0.2219,646.0,0.8733,50.51,104.0062,101.2843,0.2478,53.4962,50.7743
Fri Jul 31 2026,0.2219,647.0,0.8746,79.0,103.0856,100.4071,0.247,24.0856,21.4071
Fri Jul 31 2026,0.2219,648.0,0.876,67.83,102.154,99.5311,0.246,34.324,31.7011
Fri Jul 31 2026,0.2219,649.0,0.8773,96.59,101.1618,98.6544,0.244,4.5718,2.0644
Fri Jul 31 2026,0.2219,650.0,0.8787,89.6,100.1266,97.7769,0.2413,10.5266,8.1769
Fri Jul 31 2026,0.2219,651.0,0.88,48.17,99.3524,96.9092,0.2428,51.1824,48.7392
Fri Jul 31 2026,0.2219,652.0,0.8814,72.0,98.2916,96.0308,0.2397,26.2916,24.0308
Fri Jul 31 2026,0.2219,653.0,0.8827,71.68,97.4978,95.1674,0.2408,25.8178,23.4874
Fri Jul 31 2026,0.2219,654.0,0.8841,92.9,96.3273,94.2821,0.236,3.4273,1.3821
Fri Jul 31 2026,0.2219,655.0,0.8854,79.78,95.6473,93.4304,0.2388,15.8673,13.6504
Fri Jul 31 2026,0.2219,656.0,0.8868,69.61,94.7504,92.5663,0.2382,25.1404,22.9563
Fri Jul 31 2026,0.2219,657.0,0.8881,89.51,93.8417,91.7025,0.2374,4.3317,2.1925
Fri Jul 31 2026,0.2219,658.0,0.8895,70.89,92.9344,90.8405,0.2366,22.0444,19.9505
Fri Jul 31 2026,0.2219,659.0,0.8908,31.5,91.2265,89.9023,0.2238,59.7265,58.4023
Fri Jul 31 2026,0.2219,660.0,0.8922,87.29,90.3057,89.0337,0.2229,3.0157,1.7437
Fri Jul 31 2026,0.2219,661.0,0.8935,70.29,89.3862,88.1664,0.222,19.0962,17.8764
Fri Jul 31 2026,0.2219,662.0,0.8949,82.42,88.4747,87.3012,0.2212,6.0547,4.8812
Fri Jul 31 2026,0.2219,663.0,0.8962,84.81,87.5579,86.437,0.2203,2.7479,1.627
Fri Jul 31 2026,0.2219,664.0,0.8976,83.5,86.6425,85.5741,0.2194,3.1425,2.0741
Fri Jul 31 2026,0.2219,665.0,0.899,82.53,86.4712,84.8249,0.2289,3.9412,2.2949
Fri Jul 31 2026,0.2219,666.0,0.9003,79.63,84.8228,83.8539,0.2177,5.1928,4.2239
Fri Jul 31 2026,0.2219,667.0,0.9017,60.17,84.6497,83.1206,0.2269,24.4797,22.9506
Fri Jul 31 2026,0.2219,668.0,0.903,26.71,83.0093,82.1404,0.216,56.2993,55.4304
Fri Jul 31 2026,0.2219,669.0,0.9044,34.2,82.8337,81.4222,0.2249,48.6337,47.2222
Fri Jul 31 2026,0.2219,670.0,0.9057,79.32,81.9589,80.5821,0.2243,2.6389,1.2621
Fri Jul 31 2026,0.2219,671.0,0.9071,74.73,80.3271,79.5875,0.2138,5.5971,4.8575
Fri Jul 31 2026,0.2219,672.0,0.9084,73.96,79.3562,78.7244,0.212,5.3962,4.7644
Fri Jul 31 2026,0.2219,673.0,0.9098,42.59,79.2193,78.0446,0.2209,36.6293,35.4546
Fri Jul 31 2026,0.2219,674.0,0.9111,75.0,77.5846,77.0358,0.2106,2.5846,2.0358
Fri Jul 31 2026,0.2219,675.0,0.9125,70.97,76.6628,76.1858,0.2094,5.6928,5.2158
Fri Jul 31 2026,0.2219,676.0,0.9138,72.4,75.7896,75.3483,0.2088,3.3896,2.9483
Fri Jul 31 2026,0.2219,677.0,0.9152,51.84,74.9028,74.5092,0.208,23.0628,22.6692
Fri Jul 31 2026,0.2219,678.0,0.9165,71.06,74.0098,73.6702,0.2071,2.9498,2.6102
Fri Jul 31 2026,0.2219,679.0,0.9179,52.69,73.1187,72.8331,0.2062,20.4287,20.1431
Fri Jul 31 2026,0.2219,680.0,0.9192,69.43,72.8867,72.1801,0.2131,3.4567,2.7501
Fri Jul 31 2026,0.2219,681.0,0.9206,68.57,71.3423,71.165,0.2044,2.7723,2.595
Fri Jul 31 2026,0.2219,682.0,0.9219,68.67,70.457,70.3339,0.2035,1.787,1.6639
Fri Jul 31 2026,0.2219,683.0,0.9233,67.8,69.5566,69.4999,0.2024,1.7566,1.6999
Fri Jul 31 2026,0.2219,684.0,0.9246,64.63,68.7619,68.6991,0.2025,4.1319,4.0691
Fri Jul 31 2026,0.2219,685.0,0.926,66.1,67.7958,67.848,0.2006,1.6958,1.748
Fri Jul 31 2026,0.2219,686.0,0.9273,63.0,66.9186,67.0254,0.1997,3.9186,4.0254
Fri Jul 31 2026,0.2219,687.0,0.9287,58.18,66.0615,66.2108,0.199,7.8815,8.0308
Fri Jul 31 2026,0.2219,688.0,0.93,61.13,65.189,65.3929,0.1981,4.059,4.2629
Fri Jul 31 2026,0.2219,689.0,0.9314,61.68,65.0901,64.8433,0.2055,3.4101,3.1633
Fri Jul 31 2026,0.2219,690.0,0.9327,60.9,63.4786,63.7738,0.1966,2.5786,2.8738
Fri Jul 31 2026,0.2219,691.0,0.9341,47.88,62.5759,62.9502,0.1953,14.6959,15.0702
Fri Jul 31 2026,0.2219,692.0,0.9355,60.88,61.7316,62.1487,0.1946,0.8516,1.2687
Fri Jul 31 2026,0.2219,693.0,0.9368,58.67,60.8711,61.3431,0.1937,2.2011,2.6731
Fri Jul 31 2026,0.2219,694.0,0.9382,47.28,59.9938,60.5329,0.1926,12.7138,13.2529
Fri Jul 31 2026,0.2219,695.0,0.9395,57.5,59.1382,59.7324,0.1917,1.6382,2.2324
Fri Jul 31 2026,0.2219,696.0,0.9409,50.41,58.305,58.9422,0.191,7.895,8.5322
Fri Jul 31 2026,0.2219,697.0,0.9422,50.33,57.4649,58.1513,0.1902,7.1349,7.8213
Fri Jul 31 2026,0.2219,698.0,0.9436,54.47,56.6178,57.3593,0.1893,2.1478,2.8893
Fri Jul 31 2026,0.2219,699.0,0.9449,48.28,55.7633,56.566,0.1883,7.4833,8.286
Fri Jul 31 2026,0.2219,700.0,0.9463,52.58,55.7002,56.1039,0.1949,3.1202,3.5239
Fri Jul 31 2026,0.2219,701.0,0.9476,51.33,54.8586,55.3239,0.1939,3.5286,3.9939
Fri Jul 31 2026,0.2219,702.0,0.949,50.84,53.2581,54.2207,0.1857,2.4181,3.3807
Fri Jul 31 2026,0.2219,703.0,0.9503,49.74,52.5529,53.4989,0.186,2.8129,3.7589
Fri Jul 31 2026,0.2219,704.0,0.9517,48.85,51.5965,52.6699,0.1839,2.7465,3.8199
Fri Jul 31 2026,0.2219,705.0,0.953,50.18,50.8137,51.9185,0.1834,0.6337,1.7385
Fri Jul 31 2026,0.2219,706.0,0.9544,48.16,50.0896,51.196,0.1834,1.9296,3.036
Fri Jul 31 2026,0.2219,707.0,0.9557,46.46,49.2936,50.4435,0.1827,2.8336,3.9835
Fri Jul 31 2026,0.2219,708.0,0.9571,47.52,49.1288,49.9844,0.1876,1.6088,2.4644
Fri Jul 31 2026,0.2219,709.0,0.9584,45.71,48.3122,49.2297,0.1866,2.6022,3.5197
Fri Jul 31 2026,0.2219,710.0,0.9598,46.0,47.5105,48.4841,0.1857,1.5105,2.4841
Fri Jul 31 2026,0.2219,711.0,0.9611,43.54,45.9657,47.3859,0.1783,2.4257,3.8459
Fri Jul 31 2026,0.2219,712.0,0.9625,42.73,45.3726,46.7409,0.1792,2.6426,4.0109
Fri Jul 31 2026,0.2219,713.0,0.9638,40.97,44.5424,45.9844,0.178,3.5724,5.0144
Fri Jul 31 2026,0.2219,714.0,0.9652,41.25,43.5983,45.1733,0.1758,2.3483,3.9233
Fri Jul 31 2026,0.2219,715.0,0.9665,41.27,43.5455,44.8053,0.1811,2.2755,3.5353
Fri Jul 31 2026,0.2219,716.0,0.9679,39.78,42.2272,43.8127,0.1757,2.4472,4.0327
Fri Jul 31 2026,0.2219,717.0,0.9692,39.01,41.2437,42.9857,0.1731,2.2337,3.9757
Fri Jul 31 2026,0.2219,718.0,0.9706,36.95,41.233,42.655,0.1785,4.283,5.705
Fri Jul 31 2026,0.2219,719.0,0.9719,37.62,40.4542,41.9384,0.1775,2.8342,4.3184
Fri Jul 31 2026,0.2219,720.0,0.9733,38.0,39.7167,41.245,0.1768,1.7167,3.245
Fri Jul 31 2026,0.2219,721.0,0.9747,36.03,38.9466,40.5372,0.1758,2.9166,4.5072
Fri Jul 31 2026,0.2219,722.0,0.976,36.51,38.206,39.8466,0.175,1.696,3.3366
Fri Jul 31 2026,0.2219,725.0,0.9801,32.43,35.9872,37.7905,0.1724,3.5572,5.3605
Fri Jul 31 2026,0.2219,726.0,0.9814,33.18,35.8723,37.4437,0.1763,2.6923,4.2637
Fri Jul 31 2026,0.2219,727.0,0.9828,30.58,35.1467,36.7746,0.1754,4.5667,6.1946
Fri Jul 31 2026,0.2219,728.0,0.9841,31.56,33.8126,35.7786,0.1698,2.2526,4.2186
Fri Jul 31 2026,0.2219,729.0,0.9855,28.93,33.1068,35.123,0.169,4.1768,6.193
Fri Jul 31 2026,0.2219,730.0,0.9868,30.75,32.4063,34.4728,0.1682,1.6563,3.7228
Fri Jul 31 2026,0.2219,731.0,0.9882,28.67,31.7113,33.828,0.1674,3.0413,5.158
Fri Jul 31 2026,0.2219,732.0,0.9895,29.4,31.0085,33.1815,0.1665,1.6085,3.7815
Fri Jul 31 2026,0.2219,733.0,0.9909,28.83,30.3247,32.5478,0.1657,1.4947,3.7178
Fri Jul 31 2026,0.2219,734.0,0.9922,27.93,29.66,31.9276,0.165,1.73,3.9976
Fri Jul 31 2026,0.2219,735.0,0.9936,27.37,28.9878,31.3056,0.1642,1.6178,3.9356
Fri Jul 31 2026,0.2219,736.0,0.9949,25.75,27.55,30.2501,0.1577,1.8,4.5001
Fri Jul 31 2026,0.2219,737.0,0.9963,25.98,26.9276,29.6602,0.1572,0.9476,3.6802
Fri Jul 31 2026,0.2219,738.0,0.9976,25.86,27.0209,29.4837,0.1619,1.1609,3.6237
Fri Jul 31 2026,0.2219,739.0,0.999,25.25,26.3868,28.894,0.1612,1.1368,3.644
Fri Jul 31 2026,0.2219,740.0,1.0003,24.1,25.7042,28.2792,0.1601,1.6042,4.1792
Fri Jul 31 2026,0.2219,741.0,1.0017,23.48,25.1241,27.7261,0.1597,1.6441,4.2461
Fri Jul 31 2026,0.2219,742.0,1.003,21.96,24.5095,27.1558,0.159,2.5495,5.1958
Fri Jul 31 2026,0.2219,743.0,1.0044,22.01,23.8877,26.5844,0.1582,1.8777,4.5744
Fri Jul 31 2026,0.2219,744.0,1.0057,21.65,23.2864,26.0275,0.1575,1.6364,4.3775
Fri Jul 31 2026,0.2219,745.0,1.0071,21.13,22.692,25.4776,0.1568,1.562,4.3476
Fri Jul 31 2026,0.2219,746.0,1.0084,19.65,22.1045,24.9345,0.1561,2.4545,5.2845
Fri Jul 31 2026,0.2219,747.0,1.0098,19.86,21.5241,24.3985,0.1554,1.6641,4.5385
Fri Jul 31 2026,0.2219,748.0,1.0112,18.67,20.9507,23.8696,0.1547,2.2807,5.1996
Fri Jul 31 2026,0.2219,749.0,1.0125,15.16,20.3846,23.3479,0.154,5.2246,8.1879
Fri Jul 31 2026,0.2219,750.0,1.0139,18.51,19.8257,22.8334,0.1533,1.3157,4.3234
Fri Jul 31 2026,0.2219,751.0,1.0152,16.99,19.2741,22.3264,0.1526,2.2841,5.3364
Fri Jul 31 2026,0.2219,752.0,1.0166,17.25,18.7438,21.8347,0.152,1.4938,4.5847
Fri Jul 31 2026,0.2219,753.0,1.0179,16.09,18.221,21.3506,0.1514,2.131,5.2606
Fri Jul 31 2026,0.2219,754.0,1.0193,13.66,17.6919,20.8659,0.1507,4.0319,7.2059
Fri Jul 31 2026,0.2219,755.0,1.0206,15.88,17.1843,20.397,0.1501,1.3043,4.517
Fri Jul 31 2026,0.2219,756.0,1.022,14.32,16.6842,19.9357,0.1495,2.3642,5.6157
Fri Jul 31 2026,0.2219,757.0,1.0233,13.89,16.1919,19.482,0.1489,2.3019,5.592
Fri Jul 31 2026,0.2219,758.0,1.0247,13.59,15.7074,19.0362,0.1483,2.1174,5.4462
Fri Jul 31 2026,0.2219,759.0,1.026,13.1,15.2306,18.5982,0.1477,2.1306,5.4982
Fri Jul 31 2026,0.2219,760.0,1.0274,14.0,14.7617,18.168,0.1471,0.7617,4.168
Fri Jul 31 2026,0.2219,761.0,1.0287,12.3,14.3142,17.7535,0.1466,2.0142,5.4535
Fri Jul 31 2026,0.2219,762.0,1.0301,11.91,13.861,17.3391,0.146,1.951,5.4291
Fri Jul 31 2026,0.2219,763.0,1.0314,11.67,13.4292,16.9404,0.1455,1.7592,5.2704
Fri Jul 31 2026,0.2219,764.0,1.0328,10.93,12.992,16.5419,0.1449,2.062,5.6119
Fri Jul 31 2026,0.2219,765.0,1.0341,11.5,12.5759,16.1589,0.1444,1.0759,4.6589
Fri Jul 31 2026,0.2219,766.0,1.0355,9.34,12.1678,15.7839,0.1439,2.8278,6.4439
Fri Jul 31 2026,0.2219,767.0,1.0368,10.16,11.7676,15.4167,0.1434,1.6076,5.2567
Fri Jul 31 2026,0.2219,768.0,1.0382,9.42,11.3753,15.0575,0.1429,1.9553,5.6375
Fri Jul 31 2026,0.2219,769.0,1.0395,7.25,10.9908,14.7063,0.1424,3.7408,7.4563
Fri Jul 31 2026,0.2219,770.0,1.0409,9.51,10.627,14.3699,0.142,1.117,4.8599
Fri Jul 31 2026,0.2219,771.0,1.0422,7.68,10.2583,14.0343,0.1415,2.5783,6.3543
Fri Jul 31 2026,0.2219,772.0,1.0436,9.27,9.9099,13.7134,0.1411,0.6399,4.4434
Fri Jul 31 2026,0.2219,773.0,1.0449,4.15,9.5691,13.4002,0.1407,5.4191,9.2502
Fri Jul 31 2026,0.2219,774.0,1.0463,2.69,9.2237,13.088,0.1402,6.5337,10.398
Fri Jul 31 2026,0.2219,775.0,1.0477,8.28,8.8983,12.7901,0.1398,0.6183,4.5101
Fri Jul 31 2026,0.2219,776.0,1.049,7.78,8.5923,12.5061,0.1395,0.8123,4.7261
Fri Jul 31 2026,0.2219,777.0,1.0504,6.86,8.2699,12.217,0.139,1.4099,5.357
Fri Jul 31 2026,0.2219,778.0,1.0517,6.95,7.9786,11.9477,0.1387,1.0286,4.9977
Fri Jul 31 2026,0.2219,779.0,1.0531,5.98,7.6828,11.6795,0.1383,1.7028,5.6995
Fri Jul 31 2026,0.2219,780.0,1.0544,6.31,7.4058,11.4246,0.138,1.0958,5.1146
Fri Jul 31 2026,0.2219,781.0,1.0558,6.1,7.1246,11.171,0.1376,1.0246,5.071
Fri Jul 31 2026,0.2219,782.0,1.0571,6.07,6.8616,10.9301,0.1373,0.7916,4.8601
Fri Jul 31 2026,0.2219,783.0,1.0585,5.71,6.6055,10.696,0.137,0.8955,4.986
Fri Jul 31 2026,0.2219,784.0,1.0598,5.65,6.3562,10.4689,0.1367,0.7062,4.8189
Fri Jul 31 2026,0.2219,785.0,1.0612,5.43,6.1135,10.2483,0.1364,0.6835,4.8183
Fri Jul 31 2026,0.2219,790.0,1.0679,4.5,5.0175,9.252,0.1351,0.5175,4.752
Fri Jul 31 2026,0.2219,795.0,1.0747,3.79,4.0993,8.4171,0.1341,0.3093,4.6271
Fri Jul 31 2026,0.2219,800.0,1.0814,2.93,3.3311,7.7213,0.1333,0.4011,4.7913
Fri Jul 31 2026,0.2219,805.0,1.0882,2.15,2.7091,7.1494,0.1329,0.5591,4.9994
Fri Jul 31 2026,0.2219,810.0,1.095,1.78,2.1921,6.6771,0.1326,0.4121,4.8971
Fri Jul 31 2026,0.2219,815.0,1.1017,1.6,1.7823,6.2892,0.1327,0.1823,4.6892
Fri Jul 31 2026,0.2219,820.0,1.1085,1.32,1.4505,5.9678,0.133,0.1305,4.6478
Fri Jul 31 2026,0.2219,825.0,1.1152,1.03,1.1835,5.6992,0.1335,0.1535,4.6692
Fri Jul 31 2026,0.2219,830.0,1.122,0.83,0.9658,5.4737,0.1341,0.1358,4.6437
Fri Aug 21 2026,0.2795,360.0,0.4867,333.54,384.3719,377.6553,0.5589,50.8319,44.1153
Fri Aug 21 2026,0.2795,365.0,0.4934,328.7,379.449,372.5895,0.5525,50.749,43.8895
Fri Aug 21 2026,0.2795,370.0,0.5002,343.98,374.531,367.5365,0.5469,30.551,23.5565
Fri Aug 21 2026,0.2795,375.0,0.5069,288.49,369.5881,362.4334,0.5368,81.0981,73.9434
Fri Aug 21 2026,0.2795,400.0,0.5407,286.15,345.0169,337.29,0.5096,58.8669,51.14
Fri Aug 21 2026,0.2795,420.0,0.5678,282.45,325.3589,317.3134,0.4853,42.9089,34.8634
Fri Aug 21 2026,0.2795,440.0,0.5948,222.24,305.7193,297.5169,0.4615,83.4793,75.2769
Fri Aug 21 2026,0.2795,445.0,0.6016,238.46,300.8112,292.5955,0.4555,62.3512,54.1355
Fri Aug 21 2026,0.2795,450.0,0.6083,197.55,295.9065,287.6844,0.4497,98.3565,90.1344
Fri Aug 21 2026,0.2795,460.0,0.6218,181.28,286.0849,277.8993,0.4369,104.8049,96.6193
Fri Aug 21 2026,0.2795,465.0,0.6286,248.56,281.1859,273.0186,0.4313,32.6259,24.4586
Fri Aug 21 2026,0.2795,475.0,0.6421,192.09,271.3971,263.2846,0.4204,79.3071,71.1946
Fri Aug 21 2026,0.2795,480.0,0.6489,187.48,266.4873,258.441,0.4138,79.0073,70.961
Fri Aug 21 2026,0.2795,485.0,0.6556,252.28,261.6026,253.5963,0.4087,9.3226,1.3163
Fri Aug 21 2026,0.2795,490.0,0.6624,237.99,256.6206,248.8174,0.3977,18.6306,10.8274
Fri Aug 21 2026,0.2795,495.0,0.6691,192.43,251.7257,244.0009,0.392,59.2957,51.5709
Fri Aug 21 2026,0.2795,500.0,0.6759,217.0,246.9188,239.1447,0.391,29.9188,22.1447
Fri Aug 21 2026,0.2795,505.0,0.6827,161.53,241.9767,234.378,0.3825,80.4467,72.848
Fri Aug 21 2026,0.2795,510.0,0.6894,135.4,237.0607,229.6104,0.3754,101.6607,94.2104
Fri Aug 21 2026,0.2795,515.0,0.6962,205.8,232.221,224.8092,0.372,26.421,19.0092
Fri Aug 21 2026,0.2795,520.0,0.7029,209.83,227.3199,220.0572,0.3655,17.4899,10.2272
Fri Aug 21 2026,0.2795,525.0,0.7097,192.4,222.4263,215.3141,0.3593,30.0263,22.9141
Fri Aug 21 2026,0.2795,530.0,0.7165,194.71,217.5601,210.5684,0.3542,22.8501,15.8584
Fri Aug 21 2026,0.2795,535.0,0.7232,118.87,212.68,205.8444,0.3484,93.81,86.9744
Fri Aug 21 2026,0.2795,540.0,0.73,201.08,207.8704,201.0972,0.3452,6.7904,0.0172
Fri Aug 21 2026,0.2795,545.0,0.7367,184.59,202.9429,196.4251,0.3374,18.3529,11.8351
Fri Aug 21 2026,0.2795,550.0,0.7435,194.9,197.8973,191.8386,0.3253,2.9973,-3.0614
Fri Aug 21 2026,0.2795,555.0,0.7503,164.11,193.2486,187.0422,0.3274,29.1386,22.9322
Fri Aug 21 2026,0.2795,560.0,0.757,159.63,188.4885,182.3375,0.3249,28.8585,22.7075
Fri Aug 21 2026,0.2795,565.0,0.7638,176.11,183.5746,177.7118,0.3174,7.4646,1.6018
Fri Aug 21 2026,0.2795,570.0,0.7705,171.1,178.7461,173.0669,0.3124,7.6461,1.9669
Fri Aug 21 2026,0.2795,575.0,0.7773,145.17,173.9275,168.4348,0.3075,28.7575,23.2648
Fri Aug 21 2026,0.2795,580.0,0.784,161.65,169.2086,163.7912,0.305,7.5586,2.1412
Fri Aug 21 2026,0.2795,585.0,0.7908,136.84,164.3156,159.2131,0.2978,27.4756,22.3731
Fri Aug 21 2026,0.2795,590.0,0.7976,136.59,159.5281,154.6235,0.2931,22.9381,18.0335
Fri Aug 21 2026,0.2795,595.0,0.8043,137.07,154.899,150.0259,0.2917,17.829,12.9559
Fri Aug 21 2026,0.2795,600.0,0.8111,146.13,149.894,145.5065,0.2818,3.764,-0.6235
Fri Aug 21 2026,0.2795,605.0,0.8178,136.43,145.1375,140.9633,0.2772,8.7075,4.5333
Fri Aug 21 2026,0.2795,610.0,0.8246,135.0,140.4394,136.4344,0.2735,5.4394,1.4344
Fri Aug 21 2026,0.2795,615.0,0.8314,118.33,135.7541,131.9283,0.2697,17.4241,13.5983
Fri Aug 21 2026,0.2795,620.0,0.8381,122.22,130.9848,127.4445,0.2641,8.7648,5.2245
Fri Aug 21 2026,0.2795,625.0,0.8449,120.77,126.3694,122.9835,0.2609,5.5994,2.2135
Fri Aug 21 2026,0.2795,630.0,0.8516,118.06,121.6403,118.5395,0.2555,3.5803,0.4795
Fri Aug 21 2026,0.2795,635.0,0.8584,90.65,116.991,114.1226,0.2511,26.341,23.4726
Fri Aug 21 2026,0.2795,640.0,0.8652,109.91,112.3629,109.7312,0.2467,2.4529,-0.1788
Fri Aug 21 2026,0.2795,645.0,0.8719,102.33,107.9575,105.4062,0.245,5.6275,3.0762
Fri Aug 21 2026,0.2795,650.0,0.8787,101.0,102.6037,100.9112,0.2303,1.6037,-0.0888
Fri Aug 21 2026,0.2795,655.0,0.8854,95.76,98.0604,96.5887,0.2264,2.3004,0.8287
Fri Aug 21 2026,0.2795,660.0,0.8922,91.91,94.2732,92.5063,0.2311,2.3632,0.5963
Fri Aug 21 2026,0.2795,665.0,0.899,86.23,89.8631,88.302,0.2275,3.6331,2.072
Fri Aug 21 2026,0.2795,670.0,0.9057,81.84,84.5664,83.8219,0.2139,2.7264,1.9819
Fri Aug 21 2026,0.2795,675.0,0.9125,78.27,80.1596,79.6525,0.2099,1.8896,1.3825
Fri Aug 21 2026,0.2795,680.0,0.9192,74.63,75.7881,75.5264,0.2058,1.1581,0.8964
Fri Aug 21 2026,0.2795,685.0,0.926,70.35,71.4863,71.4598,0.2019,1.1363,1.1098
Fri Aug 21 2026,0.2795,690.0,0.9327,64.56,67.2727,67.4651,0.1983,2.7127,2.9051
Fri Aug 21 2026,0.2795,695.0,0.9395,61.43,62.9495,63.4531,0.1932,1.5195,2.0231
Fri Aug 21 2026,0.2795,700.0,0.9463,57.21,58.7884,59.5501,0.189,1.5784,2.3401
Fri Aug 21 2026,0.2795,705.0,0.953,53.79,56.2277,56.5109,0.1969,2.4377,2.7209
Fri Aug 21 2026,0.2795,710.0,0.9598,49.0,51.5032,52.4039,0.1869,2.5032,3.4039
Fri Aug 21 2026,0.2795,715.0,0.9665,45.53,47.5993,48.7623,0.1827,2.0693,3.2323
Fri Aug 21 2026,0.2795,720.0,0.9733,41.71,43.0437,44.7871,0.1732,1.3337,3.0771
Fri Aug 21 2026,0.2795,725.0,0.9801,38.12,40.1124,41.784,0.1746,1.9924,3.664
Fri Aug 21 2026,0.2795,730.0,0.9868,35.4,36.5634,38.475,0.1708,1.1634,3.075
Fri Aug 21 2026,0.2795,735.0,0.9936,32.0,33.1784,35.3127,0.1673,1.1784,3.3127
Fri Aug 21 2026,0.2795,740.0,1.0003,28.6,29.8768,32.252,0.1635,1.2768,3.652
Fri Aug 21 2026,0.2795,745.0,1.0071,25.78,26.7592,29.3576,0.16,0.9792,3.5776
Fri Aug 21 2026,0.2795,750.0,1.0139,22.2,23.8205,26.6306,0.1567,1.6205,4.4306
Fri Aug 21 2026,0.2795,755.0,1.0206,19.85,21.0695,24.0799,0.1536,1.2195,4.2299
Fri Aug 21 2026,0.2795,760.0,1.0274,17.27,18.5134,21.7127,0.1507,1.2434,4.4427
Fri Aug 21 2026,0.2795,765.0,1.0341,15.0,16.1575,19.5344,0.148,1.1575,4.5344
Fri Aug 21 2026,0.2795,770.0,1.0409,12.94,14.0192,17.5568,0.1456,1.0792,4.6168
Fri Aug 21 2026,0.2795,775.0,1.0477,11.23,12.083,15.7703,0.1434,0.853,4.5403
Fri Aug 21 2026,0.2795,780.0,1.0544,9.46,10.346,14.1718,0.1414,0.886,4.7118
Fri Aug 21 2026,0.2795,785.0,1.0612,8.08,8.8153,12.7631,0.1397,0.7353,4.6831
Fri Aug 21 2026,0.2795,790.0,1.0679,6.73,7.4559,11.5205,0.1381,0.7259,4.7905
Fri Aug 21 2026,0.2795,795.0,1.0747,5.66,6.2824,10.447,0.1368,0.6224,4.787
Fri Aug 21 2026,0.2795,800.0,1.0814,4.88,5.2794,9.5276,0.1358,0.3994,4.6476
Fri Aug 21 2026,0.2795,805.0,1.0882,3.95,4.4114,8.7377,0.1349,0.4614,4.7877
Fri Aug 21 2026,0.2795,810.0,1.095,3.28,3.6749,8.0683,0.1342,0.3949,4.7883
Fri Aug 21 2026,0.2795,815.0,1.1017,2.54,3.0551,7.5045,0.1337,0.5151,4.9645
Fri Aug 21 2026,0.2795,820.0,1.1085,2.22,2.5445,7.0329,0.1335,0.3245,4.8129
Fri Aug 21 2026,0.2795,825.0,1.1152,1.94,2.1143,6.6358,0.1334,0.1743,4.6958
Fri Aug 21 2026,0.2795,830.0,1.122,1.61,1.7594,6.3025,0.1335,0.1494,4.6925
Fri Aug 21 2026,0.2795,835.0,1.1288,1.28,1.4681,6.0209,0.1338,0.1881,4.7409
Fri Aug 21 2026,0.2795,840.0,1.1355,1.13,1.2257,5.7819,0.1342,0.0957,4.6519
Fri Aug 21 2026,0.2795,850.0,1.149,0.71,0.8682,5.394,0.1356,0.1582,4.684
Fri Aug 21 2026,0.2795,860.0,1.1626,0.57,0.6174,5.0978,0.1372,0.0474,4.5278
Fri Aug 21 2026,0.2795,870.0,1.1761,0.42,0.4589,4.8279,0.1398,0.0389,4.4079
Fri Aug 21 2026,0.2795,880.0,1.1896,0.31,0.3394,4.6041,0.1422,0.0294,4.2941
Fri Aug 21 2026,0.2795,890.0,1.2031,0.16,0.2697,4.3386,0.1459,0.1097,4.1786
Fri Aug 21 2026,0.2795,900.0,1.2166,0.19,0.2153,4.0861,0.1495,0.0253,3.8961
Fri Aug 21 2026,0.2795,905.0,1.2234,0.15,0.1932,3.9614,0.1513,0.0432,3.8114
Fri Aug 21 2026,0.2795,910.0,1.2301,0.12,0.1756,3.825,0.1533,0.0556,3.705
Fri Aug 21 2026,0.2795,915.0,1.2369,0.07,0.1591,3.6942,0.1552,0.0891,3.6242
Fri Aug 21 2026,0.2795,920.0,1.2437,0.09,0.1478,3.5374,0.1575,0.0578,3.4474
Fri Aug 21 2026,0.2795,925.0,1.2504,0.07,0.1369,3.385,0.1597,0.0669,3.315
Fri Aug 21 2026,0.2795,930.0,1.2572,0.09,0.1251,3.2508,0.1616,0.0351,3.1608
Fri Aug 21 2026,0.2795,935.0,1.2639,0.09,0.1139,3.1224,0.1634,0.0239,3.0324
Fri Aug 21 2026,0.2795,940.0,1.2707,0.1,0.1082,2.944,0.1659,0.0082,2.844
Fri Aug 21 2026,0.2795,945.0,1.2775,0.07,0.0968,2.8408,0.1673,0.0268,2.7708
Fri Aug 21 2026,0.2795,950.0,1.2842,0.09,0.0971,2.5927,0.1707,0.0071,2.5027
Fri Aug 21 2026,0.2795,955.0,1.291,0.07,0.0853,2.5157,0.1717,0.0153,2.4457
Fri Aug 21 2026,0.2795,960.0,1.2977,0.06,0.0855,2.2671,0.175,0.0255,2.2071
Fri Aug 21 2026,0.2795,965.0,1.3045,0.06,0.0799,2.1122,0.177,0.0199,2.0522
Fri Aug 21 2026,0.2795,970.0,1.3113,0.05,0.0744,1.963,0.1789,0.0244,1.913
Fri Aug 21 2026,0.2795,975.0,1.318,0.06,0.069,1.8197,0.1807,0.009,1.7597
Fri Aug 21 2026,0.2795,980.0,1.3248,0.05,0.0685,1.5794,0.1837,0.0185,1.5294
Fri Aug 21 2026,0.2795,985.0,1.3315,0.03,0.0631,1.4474,0.1853,0.0331,1.4174
Fri Aug 21 2026,0.2795,990.0,1.3383,0.03,0.0572,1.3386,0.1866,0.0272,1.3086
Fri Aug 21 2026,0.2795,995.0,1.345,0.04,0.0572,1.0885,0.1896,0.0172,1.0485
Fri Aug 21 2026,0.2795,1000.0,1.3518,0.04,0.0573,0.8341,0.1926,0.0173,0.7941
Mon Aug 31 2026,0.3068,420.0,0.5678,283.7,325.967,317.9916,0.4757,42.267,34.2916
Mon Aug 31 2026,0.3068,485.0,0.6556,237.01,262.1401,254.6439,0.3894,25.1301,17.6339
Mon Aug 31 2026,0.3068,495.0,0.6691,173.95,252.3633,245.0393,0.3784,78.4133,71.0893
Mon Aug 31 2026,0.3068,500.0,0.6759,170.16,247.5729,240.1967,0.3777,77.4129,70.0367
Mon Aug 31 2026,0.3068,505.0,0.6827,183.54,242.6548,235.439,0.3704,59.1148,51.899
Mon Aug 31 2026,0.3068,515.0,0.6962,209.34,233.0186,225.8567,0.3646,23.6786,16.5167
Mon Aug 31 2026,0.3068,520.0,0.7029,206.96,228.1156,221.125,0.3578,21.1556,14.165
Mon Aug 31 2026,0.3068,525.0,0.7097,192.55,223.2407,216.3932,0.3521,30.6907,23.8432
Mon Aug 31 2026,0.3068,530.0,0.7165,189.1,218.5075,211.6175,0.3515,29.4075,22.5175
Mon Aug 31 2026,0.3068,535.0,0.7232,187.84,213.5959,206.9248,0.3442,25.7559,19.0848
Mon Aug 31 2026,0.3068,540.0,0.73,180.47,208.6426,202.263,0.3355,28.1726,21.793
Mon Aug 31 2026,0.3068,545.0,0.7367,187.08,203.844,197.5526,0.332,16.764,10.4726
Mon Aug 31 2026,0.3068,550.0,0.7435,182.28,198.8476,192.9346,0.322,16.5676,10.6546
Mon Aug 31 2026,0.3068,555.0,0.7503,177.48,194.2614,188.1787,0.3246,16.7814,10.6987
Mon Aug 31 2026,0.3068,560.0,0.757,172.69,189.3508,183.549,0.3172,16.6608,10.859
Mon Aug 31 2026,0.3068,565.0,0.7638,167.9,184.5277,178.9077,0.3122,16.6277,11.0077
Mon Aug 31 2026,0.3068,570.0,0.7705,162.2,179.7024,174.2816,0.307,17.5024,12.0816
Mon Aug 31 2026,0.3068,575.0,0.7773,157.94,174.9273,169.6594,0.3029,16.9873,11.7194
Mon Aug 31 2026,0.3068,580.0,0.784,160.74,170.0469,165.0736,0.2961,9.3069,4.3336
Mon Aug 31 2026,0.3068,585.0,0.7908,158.27,165.3489,160.4703,0.2934,7.0789,2.2003
Mon Aug 31 2026,0.3068,590.0,0.7976,153.65,160.7272,155.8846,0.2919,7.0772,2.2346
Mon Aug 31 2026,0.3068,595.0,0.8043,146.5,155.9743,151.3321,0.2873,9.4743,4.8321
Mon Aug 31 2026,0.3068,600.0,0.8111,141.89,151.2323,146.7965,0.2827,9.3423,4.9065
Mon Aug 31 2026,0.3068,605.0,0.8178,137.21,146.2768,142.2773,0.274,9.0668,5.0673
Mon Aug 31 2026,0.3068,610.0,0.8246,135.56,141.7894,137.779,0.2736,6.2294,2.219
Mon Aug 31 2026,0.3068,615.0,0.8314,109.79,136.9393,133.287,0.2666,27.1493,23.497
Mon Aug 31 2026,0.3068,618.0,0.8354,107.18,134.2916,130.6216,0.2666,27.1116,23.4416
Mon Aug 31 2026,0.3068,619.0,0.8368,86.44,133.3557,129.7306,0.2657,46.9157,43.2906
Mon Aug 31 2026,0.3068,620.0,0.8381,124.62,132.217,128.8184,0.2616,7.597,4.1984
Mon Aug 31 2026,0.3068,622.0,0.8408,75.2,130.3573,127.0389,0.26,55.1573,51.8389
Mon Aug 31 2026,0.3068,624.0,0.8435,87.68,128.4876,125.2616,0.2582,40.8076,37.5816
Mon Aug 31 2026,0.3068,625.0,0.8449,101.09,127.5537,124.3742,0.2573,26.4637,23.2842
Mon Aug 31 2026,0.3068,626.0,0.8462,100.01,126.8292,123.5182,0.2595,26.8192,23.5082
Mon Aug 31 2026,0.3068,628.0,0.8489,98.91,124.9688,121.751,0.2577,26.0588,22.841
Mon Aug 31 2026,0.3068,629.0,0.8503,98.07,124.0398,120.8687,0.2568,25.9698,22.7987
Mon Aug 31 2026,0.3068,630.0,0.8516,93.12,122.9226,119.955,0.2532,29.8026,26.835
Mon Aug 31 2026,0.3068,632.0,0.8543,46.25,121.2643,118.2291,0.2542,75.0143,71.9791
Mon Aug 31 2026,0.3068,633.0,0.8557,103.99,120.23,117.3297,0.2518,16.24,13.3397
Mon Aug 31 2026,0.3068,634.0,0.857,101.87,119.4204,116.4748,0.2525,17.5504,14.6048
Mon Aug 31 2026,0.3068,635.0,0.8584,90.51,118.4961,115.5985,0.2516,27.9861,25.0885
Mon Aug 31 2026,0.3068,636.0,0.8597,50.06,117.5726,114.7231,0.2507,67.5126,64.6631
Mon Aug 31 2026,0.3068,639.0,0.8638,43.57,114.8072,112.1031,0.248,71.2372,68.5331
Mon Aug 31 2026,0.3068,640.0,0.8652,111.46,113.8949,111.2337,0.2472,2.4349,-0.2263
Mon Aug 31 2026,0.3068,641.0,0.8665,103.3,112.9757,110.3635,0.2463,9.6757,7.0635
Mon Aug 31 2026,0.3068,642.0,0.8679,102.21,112.0575,109.4944,0.2454,9.8475,7.2844
Mon Aug 31 2026,0.3068,643.0,0.8692,101.38,110.411,108.4535,0.2351,9.031,7.0735
Mon Aug 31 2026,0.3068,644.0,0.8706,100.51,109.5031,107.5839,0.2344,8.9931,7.0739
Mon Aug 31 2026,0.3068,645.0,0.8719,99.5,108.5886,106.7138,0.2336,9.0886,7.2138
Mon Aug 31 2026,0.3068,646.0,0.8733,98.91,107.6752,105.8451,0.2328,8.7652,6.9351
Mon Aug 31 2026,0.3068,647.0,0.8746,96.44,106.7629,104.9774,0.232,10.3229,8.5374
Mon Aug 31 2026,0.3068,648.0,0.876,96.85,105.8516,104.1109,0.2312,9.0016,7.2609
Mon Aug 31 2026,0.3068,649.0,0.8773,95.98,104.9415,103.2456,0.2304,8.9615,7.2656
Mon Aug 31 2026,0.3068,650.0,0.8787,95.25,104.0325,102.3817,0.2296,8.7825,7.1317
Mon Aug 31 2026,0.3068,651.0,0.88,94.5,103.1247,101.5191,0.2288,8.6247,7.0191
Mon Aug 31 2026,0.3068,652.0,0.8814,93.54,102.218,100.6576,0.228,8.678,7.1176
Mon Aug 31 2026,0.3068,653.0,0.8827,92.55,101.3125,99.7976,0.2272,8.7625,7.2476
Mon Aug 31 2026,0.3068,654.0,0.8841,91.68,100.4166,98.9413,0.2265,8.7366,7.2613
Mon Aug 31 2026,0.3068,655.0,0.8854,98.17,99.5137,98.0839,0.2257,1.3437,-0.0861
Mon Aug 31 2026,0.3068,656.0,0.8868,72.64,98.6033,97.2254,0.2248,25.9633,24.5854
Mon Aug 31 2026,0.3068,657.0,0.8881,71.94,97.7028,96.3706,0.224,25.7628,24.4306
Mon Aug 31 2026,0.3068,658.0,0.8895,48.44,96.7772,95.5091,0.2229,48.3372,47.0691
Mon Aug 31 2026,0.3068,659.0,0.8908,47.25,95.9056,94.6655,0.2224,48.6556,47.4155
Mon Aug 31 2026,0.3068,660.0,0.8922,93.11,95.0448,93.8268,0.222,1.9348,0.7168
Mon Aug 31 2026,0.3068,661.0,0.8935,91.75,94.1138,92.9661,0.2208,2.3638,1.2161
Mon Aug 31 2026,0.3068,662.0,0.8949,66.95,93.1925,92.1094,0.2197,26.2425,25.1594
Mon Aug 31 2026,0.3068,663.0,0.8962,71.91,92.3274,91.2727,0.2192,20.4174,19.3627
Mon Aug 31 2026,0.3068,664.0,0.8976,60.95,91.4643,90.4381,0.2187,30.5143,29.4881
Mon Aug 31 2026,0.3068,665.0,0.899,87.43,90.5656,89.5921,0.2178,3.1356,2.1621
Mon Aug 31 2026,0.3068,666.0,0.9003,57.35,89.6587,88.7441,0.2168,32.3087,31.3941
Mon Aug 31 2026,0.3068,667.0,0.9017,40.37,88.7625,87.9008,0.2159,48.3925,47.5308
Mon Aug 31 2026,0.3068,668.0,0.903,84.68,87.8677,87.0591,0.215,3.1877,2.3791
Mon Aug 31 2026,0.3068,669.0,0.9044,56.52,86.9937,86.2261,0.2143,30.4737,29.7061
Mon Aug 31 2026,0.3068,670.0,0.9057,77.78,86.8708,85.6893,0.2211,9.0908,7.9093
Mon Aug 31 2026,0.3068,671.0,0.9071,66.54,85.2312,84.5582,0.2127,18.6912,18.0182
Mon Aug 31 2026,0.3068,672.0,0.9084,74.35,84.3524,83.7268,0.2119,10.0024,9.3768
Mon Aug 31 2026,0.3068,673.0,0.9098,79.66,83.4753,82.8971,0.2111,3.8153,3.2371
Mon Aug 31 2026,0.3068,674.0,0.9111,79.61,82.5693,82.0567,0.21,2.9593,2.4467
Mon Aug 31 2026,0.3068,675.0,0.9125,73.98,81.7158,81.2389,0.2094,7.7358,7.2589
Mon Aug 31 2026,0.3068,676.0,0.9138,60.4,80.8438,80.4145,0.2086,20.4438,20.0145
Mon Aug 31 2026,0.3068,677.0,0.9152,75.86,79.9525,79.5832,0.2076,4.0925,3.7232
Mon Aug 31 2026,0.3068,678.0,0.9165,71.12,79.105,78.7715,0.207,7.985,7.6515
Mon Aug 31 2026,0.3068,679.0,0.9179,69.5,78.2384,77.9528,0.2062,8.7384,8.4528
Mon Aug 31 2026,0.3068,680.0,0.9192,69.4,77.3521,77.1266,0.2052,7.9521,7.7266
Mon Aug 31 2026,0.3068,681.0,0.9206,61.65,76.5108,76.3213,0.2046,14.8608,14.6713
Mon Aug 31 2026,0.3068,682.0,0.9219,51.75,75.6389,75.5038,0.2037,23.8889,23.7538
Mon Aug 31 2026,0.3068,683.0,0.9233,58.17,74.7799,74.693,0.2029,16.6099,16.523
Mon Aug 31 2026,0.3068,684.0,0.9246,50.0,73.9228,73.8844,0.2021,23.9228,23.8844
Mon Aug 31 2026,0.3068,685.0,0.926,68.0,73.0679,73.0777,0.2013,5.0679,5.0777
Mon Aug 31 2026,0.3068,686.0,0.9273,50.75,72.215,72.2733,0.2005,21.465,21.5233
Mon Aug 31 2026,0.3068,687.0,0.9287,47.93,71.3527,71.4658,0.1996,23.4227,23.5358
Mon Aug 31 2026,0.3068,688.0,0.93,49.33,70.6777,70.7484,0.2003,21.3477,21.4184
Mon Aug 31 2026,0.3068,689.0,0.9314,48.58,69.6458,69.8622,0.1979,21.0658,21.2822
Mon Aug 31 2026,0.3068,690.0,0.9327,66.59,68.8367,69.0836,0.1974,2.2467,2.4936
Mon Aug 31 2026,0.3068,691.0,0.9341,60.78,67.9711,68.279,0.1964,7.1911,7.499
Mon Aug 31 2026,0.3068,692.0,0.9355,52.19,67.1314,67.488,0.1956,14.9414,15.298
Mon Aug 31 2026,0.3068,693.0,0.9368,61.61,66.294,66.6996,0.1948,4.684,5.0896
Mon Aug 31 2026,0.3068,694.0,0.9382,50.99,65.4591,65.9136,0.194,14.4691,14.9236
Mon Aug 31 2026,0.3068,695.0,0.9395,61.33,64.602,65.1177,0.193,3.272,3.7877
Mon Aug 31 2026,0.3068,696.0,0.9409,50.28,63.7964,64.3492,0.1924,13.5164,14.0692
Mon Aug 31 2026,0.3068,697.0,0.9422,49.01,62.9564,63.5643,0.1915,13.9464,14.5543
Mon Aug 31 2026,0.3068,698.0,0.9436,45.32,62.1313,62.7885,0.1907,16.8113,17.4685
Mon Aug 31 2026,0.3068,699.0,0.9449,52.5,61.3089,62.0153,0.1899,8.8089,9.5153
Mon Aug 31 2026,0.3068,700.0,0.9463,59.27,60.489,61.2447,0.1891,1.219,1.9747
Mon Aug 31 2026,0.3068,701.0,0.9476,57.16,60.4605,60.8953,0.1944,3.3005,3.7353
Mon Aug 31 2026,0.3068,702.0,0.949,50.26,59.639,60.1294,0.1935,9.379,9.8694
Mon Aug 31 2026,0.3068,703.0,0.9503,51.24,58.8201,59.3662,0.1926,7.5801,8.1262
Mon Aug 31 2026,0.3068,704.0,0.9517,52.23,57.2241,58.1835,0.1858,4.9941,5.9535
Mon Aug 31 2026,0.3068,705.0,0.953,54.32,56.4315,57.4343,0.1851,2.1115,3.1143
Mon Aug 31 2026,0.3068,706.0,0.9544,49.22,55.6286,56.681,0.1843,6.4086,7.461
Mon Aug 31 2026,0.3068,707.0,0.9557,52.24,54.8287,55.9307,0.1835,2.5887,3.6907
Mon Aug 31 2026,0.3068,708.0,0.9571,51.35,54.059,55.1986,0.1829,2.709,3.8486
Mon Aug 31 2026,0.3068,709.0,0.9584,46.65,53.3883,54.5235,0.183,6.7383,7.8735
Mon Aug 31 2026,0.3068,710.0,0.9598,50.25,52.4889,53.7219,0.1814,2.2389,3.4719
Mon Aug 31 2026,0.3068,711.0,0.9611,50.6,52.4657,53.4164,0.1861,1.8657,2.8164
Mon Aug 31 2026,0.3068,712.0,0.9625,44.17,51.6871,52.6876,0.1853,7.5171,8.5176
Mon Aug 31 2026,0.3068,713.0,0.9638,43.97,51.6771,52.3977,0.1899,7.7071,8.4277
Mon Aug 31 2026,0.3068,714.0,0.9652,43.23,50.1397,51.2405,0.1837,6.9097,8.0105
Mon Aug 31 2026,0.3068,715.0,0.9665,45.84,49.3569,50.5138,0.1828,3.5169,4.6738
Mon Aug 31 2026,0.3068,716.0,0.9679,43.21,48.606,49.807,0.1821,5.396,6.597
Mon Aug 31 2026,0.3068,717.0,0.9692,40.66,47.0217,48.6153,0.1756,6.3617,7.9553
Mon Aug 31 2026,0.3068,718.0,0.9706,43.6,46.2876,47.9193,0.175,2.6876,4.3193
Mon Aug 31 2026,0.3068,719.0,0.9719,43.3,46.332,47.6836,0.1797,3.032,4.3836
Mon Aug 31 2026,0.3068,720.0,0.9733,43.3,44.8169,46.5306,0.1737,1.5169,3.2306
Mon Aug 31 2026,0.3068,725.0,0.9801,39.09,41.0847,43.0544,0.1696,1.9947,3.9644
Mon Aug 31 2026,0.3068,730.0,0.9868,36.81,37.5176,39.7199,0.1659,0.7076,2.9099
Mon Aug 31 2026,0.3068,735.0,0.9936,33.68,34.9188,37.0352,0.1676,1.2388,3.3552
Mon Aug 31 2026,0.3068,740.0,1.0003,30.33,31.6208,33.9663,0.164,1.2908,3.6363
Mon Aug 31 2026,0.3068,745.0,1.0071,26.91,28.5178,31.069,0.1608,1.6078,4.159
Mon Aug 31 2026,0.3068,750.0,1.0139,24.43,25.5378,28.301,0.1575,1.1078,3.871
Mon Aug 31 2026,0.3068,755.0,1.0206,20.63,22.754,25.7118,0.1545,2.124,5.0818
Mon Aug 31 2026,0.3068,760.0,1.0274,19.0,20.1406,23.2876,0.1516,1.1406,4.2876
Mon Aug 31 2026,0.3068,765.0,1.0341,16.36,17.7355,21.0545,0.149,1.3755,4.6945
Mon Aug 31 2026,0.3068,770.0,1.0409,13.56,15.5094,18.9952,0.1465,1.9494,5.4352
Mon Aug 31 2026,0.3068,775.0,1.0477,12.49,13.4949,17.1304,0.1443,1.0049,4.6404
Mon Aug 31 2026,0.3068,780.0,1.0544,10.0,11.674,15.4483,0.1423,1.674,5.4483
Mon Aug 31 2026,0.3068,785.0,1.0612,8.47,10.0563,13.9526,0.1406,1.5863,5.4826
Mon Aug 31 2026,0.3068,790.0,1.0679,7.15,8.6063,12.6194,0.139,1.4563,5.4694
Mon Aug 31 2026,0.3068,795.0,1.0747,6.12,7.3296,11.4486,0.1376,1.2096,5.3286
Mon Aug 31 2026,0.3068,800.0,1.0814,5.54,6.227,10.4351,0.1365,0.687,4.8951
Mon Aug 31 2026,0.3068,805.0,1.0882,4.65,5.262,9.5539,0.1355,0.612,4.9039
Mon Aug 31 2026,0.3068,810.0,1.095,4.07,4.4436,8.8026,0.1348,0.3736,4.7326
Mon Aug 31 2026,0.3068,815.0,1.1017,3.34,3.7374,8.158,0.1342,0.3974,4.818
Mon Aug 31 2026,0.3068,820.0,1.1085,2.73,3.1402,7.6112,0.1338,0.4102,4.8812
Mon Aug 31 2026,0.3068,825.0,1.1152,1.85,2.6312,7.147,0.1335,0.7812,5.297
Mon Aug 31 2026,0.3068,830.0,1.122,1.94,2.2132,6.7563,0.1335,0.2732,4.8163
Fri Sep 18 2026,0.3562,300.0,0.4055,441.73,444.5383,439.1465,0.5889,2.8083,-2.5835
Fri Sep 18 2026,0.3562,305.0,0.4123,418.77,439.6408,434.1378,0.5858,20.8708,15.3678
Fri Sep 18 2026,0.3562,310.0,0.4191,362.4,434.7362,429.1054,0.5805,72.3362,66.7054
Fri Sep 18 2026,0.3562,315.0,0.4258,361.14,429.8204,424.0404,0.5725,68.6804,62.9004
Fri Sep 18 2026,0.3562,320.0,0.4326,368.0,424.915,419.0013,0.5668,56.915,51.0013
Fri Sep 18 2026,0.3562,325.0,0.4393,381.2,420.0143,413.9723,0.5619,38.8143,32.7723
Fri Sep 18 2026,0.3562,330.0,0.4461,315.5,415.1193,408.9545,0.5578,99.6193,93.4545
Fri Sep 18 2026,0.3562,335.0,0.4529,360.23,410.214,403.9121,0.5516,49.984,43.6821
Fri Sep 18 2026,0.3562,340.0,0.4596,373.13,405.2325,398.7207,0.5317,32.1025,25.5907
Fri Sep 18 2026,0.3562,345.0,0.4664,355.41,400.406,393.838,0.5394,44.996,38.428
Fri Sep 18 2026,0.3562,350.0,0.4731,343.75,395.4272,388.6847,0.5212,51.6772,44.9347
Fri Sep 18 2026,0.3562,355.0,0.4799,358.5,390.6028,383.7859,0.5276,32.1028,25.2859
Fri Sep 18 2026,0.3562,360.0,0.4867,364.22,385.5304,378.5953,0.4948,21.3104,14.3753
Fri Sep 18 2026,0.3562,365.0,0.4934,292.84,380.8154,373.7748,0.5175,87.9754,80.9348
Fri Sep 18 2026,0.3562,370.0,0.5002,299.26,375.9142,368.7678,0.5113,76.6542,69.5078
Fri Sep 18 2026,0.3562,375.0,0.5069,284.2,371.0185,363.7748,0.5057,86.8185,79.5748
Fri Sep 18 2026,0.3562,380.0,0.5137,338.72,366.1283,358.7937,0.5006,27.4083,20.0737
Fri Sep 18 2026,0.3562,385.0,0.5204,258.6,361.2289,353.8135,0.4944,102.6289,95.2135
Fri Sep 18 2026,0.3562,390.0,0.5272,329.54,356.3348,348.8462,0.4887,26.7948,19.3062
Fri Sep 18 2026,0.3562,395.0,0.534,270.8,351.4363,343.8866,0.4825,80.6363,73.0866
Fri Sep 18 2026,0.3562,400.0,0.5407,319.49,346.5579,338.9435,0.4781,27.0679,19.4535
Fri Sep 18 2026,0.3562,405.0,0.5475,260.53,341.6505,334.0013,0.471,81.1205,73.4713
Fri Sep 18 2026,0.3562,410.0,0.5542,307.0,336.769,329.0745,0.4661,29.769,22.0745
Fri Sep 18 2026,0.3562,415.0,0.561,288.59,331.8816,324.1559,0.4606,43.2916,35.5659
Fri Sep 18 2026,0.3562,420.0,0.5678,295.82,326.9899,319.2465,0.4547,31.1699,23.4265
Fri Sep 18 2026,0.3562,425.0,0.5745,302.75,322.1044,314.3464,0.4492,19.3544,11.5964
Fri Sep 18 2026,0.3562,430.0,0.5813,297.77,317.2184,309.4556,0.4436,19.4484,11.6856
Fri Sep 18 2026,0.3562,435.0,0.588,304.81,312.338,304.5731,0.4383,7.528,-0.2369
Fri Sep 18 2026,0.3562,440.0,0.5948,299.92,307.4542,299.7001,0.4327,7.5342,-0.2199
Fri Sep 18 2026,0.3562,445.0,0.6016,248.87,302.5763,294.8351,0.4274,53.7063,45.9651
Fri Sep 18 2026,0.3562,450.0,0.6083,286.0,297.6777,289.9837,0.4208,11.6777,3.9837
Fri Sep 18 2026,0.3562,455.0,0.6151,239.18,292.7107,285.165,0.4102,53.5307,45.985
Fri Sep 18 2026,0.3562,460.0,0.6218,261.4,287.6431,280.4279,0.3934,26.2431,19.0279
Fri Sep 18 2026,0.3562,465.0,0.6286,220.4,283.0676,275.4656,0.4056,62.6676,55.0656
Fri Sep 18 2026,0.3562,470.0,0.6353,270.72,278.1469,270.6595,0.3978,7.4269,-0.0605
Fri Sep 18 2026,0.3562,475.0,0.6421,266.31,273.1368,265.904,0.3855,6.8268,-0.406
Fri Sep 18 2026,0.3562,480.0,0.6489,243.16,268.4554,261.0337,0.3895,25.2954,17.8737
Fri Sep 18 2026,0.3562,485.0,0.6556,166.88,263.4014,256.3102,0.3756,96.5214,89.4302
Fri Sep 18 2026,0.3562,490.0,0.6624,229.14,258.7441,251.4547,0.3797,29.6041,22.3147
Fri Sep 18 2026,0.3562,495.0,0.6691,228.62,253.7824,246.7127,0.3703,25.1624,18.0927
Fri Sep 18 2026,0.3562,500.0,0.6759,244.03,248.84,241.981,0.3618,4.81,-2.049
Fri Sep 18 2026,0.3562,505.0,0.6827,234.69,244.0513,237.2032,0.3595,9.3613,2.5132
Fri Sep 18 2026,0.3562,510.0,0.6894,234.83,239.21,232.4571,0.3549,4.38,-2.3729
Fri Sep 18 2026,0.3562,515.0,0.6962,216.98,234.398,227.7141,0.3512,17.418,10.7341
Fri Sep 18 2026,0.3562,520.0,0.7029,211.75,229.6444,222.9703,0.3492,17.8944,11.2203
Fri Sep 18 2026,0.3562,525.0,0.7097,220.2,224.6319,218.3054,0.3386,4.4319,-1.8946
Fri Sep 18 2026,0.3562,530.0,0.7165,201.28,219.8606,213.5869,0.3358,18.5806,12.3069
Fri Sep 18 2026,0.3562,535.0,0.7232,185.07,214.9948,208.9066,0.3299,29.9248,23.8366
Fri Sep 18 2026,0.3562,540.0,0.73,206.11,210.318,204.1984,0.3293,4.208,-1.9116
Fri Sep 18 2026,0.3562,545.0,0.7367,201.61,205.4125,199.5487,0.3221,3.8025,-2.0613
Fri Sep 18 2026,0.3562,550.0,0.7435,198.47,200.5669,194.9003,0.3165,2.0969,-3.5697
Fri Sep 18 2026,0.3562,555.0,0.7503,170.95,195.7878,190.2533,0.3125,24.8378,19.3033
Fri Sep 18 2026,0.3562,560.0,0.757,181.05,191.0126,185.6207,0.3084,9.9626,4.5707
Fri Sep 18 2026,0.3562,565.0,0.7638,176.75,186.219,181.0042,0.3037,9.469,4.2542
Fri Sep 18 2026,0.3562,570.0,0.7705,171.24,181.4686,176.3984,0.2998,10.2286,5.1584
Fri Sep 18 2026,0.3562,575.0,0.7773,172.75,176.7381,171.8076,0.2961,3.9881,-0.9424
Fri Sep 18 2026,0.3562,580.0,0.784,144.15,171.9477,167.2331,0.291,27.7977,23.0831
Fri Sep 18 2026,0.3562,585.0,0.7908,162.84,167.2004,162.6724,0.2866,4.3604,-0.1676
Fri Sep 18 2026,0.3562,590.0,0.7976,158.1,162.4961,158.129,0.2828,4.3961,0.029
Fri Sep 18 2026,0.3562,595.0,0.8043,142.06,157.6944,153.5945,0.2771,15.6344,11.5345
Fri Sep 18 2026,0.3562,600.0,0.8111,148.0,153.0427,149.0871,0.2738,5.0427,1.0871
Fri Sep 18 2026,0.3562,605.0,0.8178,132.73,148.3578,144.5942,0.2697,15.6278,11.8642
Fri Sep 18 2026,0.3562,610.0,0.8246,141.05,143.9168,140.1609,0.269,2.8668,-0.8891
Fri Sep 18 2026,0.3562,615.0,0.8314,112.09,139.0459,135.6691,0.2617,26.9559,23.5791
Fri Sep 18 2026,0.3562,620.0,0.8381,130.79,134.6068,131.282,0.2603,3.8168,0.492
Fri Sep 18 2026,0.3562,625.0,0.8449,120.4,130.0262,126.8868,0.2566,9.6262,6.4868
Fri Sep 18 2026,0.3562,630.0,0.8516,121.3,125.3297,122.478,0.2512,4.0297,1.178
Fri Sep 18 2026,0.3562,635.0,0.8584,116.83,120.8987,118.1646,0.2488,4.0687,1.3346
Fri Sep 18 2026,0.3562,640.0,0.8652,112.09,116.3432,113.8352,0.2446,4.2532,1.7452
Fri Sep 18 2026,0.3562,645.0,0.8719,107.75,111.0751,109.2773,0.2323,3.3251,1.5273
Fri Sep 18 2026,0.3562,650.0,0.8787,104.3,106.5545,104.9811,0.2283,2.2545,0.6811
Fri Sep 18 2026,0.3562,655.0,0.8854,100.0,102.11,100.7341,0.2248,2.11,0.7341
Fri Sep 18 2026,0.3562,660.0,0.8922,95.99,98.3192,96.782,0.2273,2.3292,0.792
Fri Sep 18 2026,0.3562,665.0,0.899,90.52,93.2731,92.3298,0.2173,2.7531,1.8098
Fri Sep 18 2026,0.3562,670.0,0.9057,85.98,88.9037,88.1834,0.2135,2.9237,2.2034
Fri Sep 18 2026,0.3562,675.0,0.9125,82.62,84.551,84.068,0.2095,1.931,1.448
Fri Sep 18 2026,0.3562,680.0,0.9192,77.05,80.2877,80.0198,0.2059,3.2377,2.9698
Fri Sep 18 2026,0.3562,685.0,0.926,72.85,76.0603,76.0157,0.2022,3.2103,3.1657
Fri Sep 18 2026,0.3562,690.0,0.9327,70.5,71.8323,72.0369,0.1981,1.3323,1.5369
Fri Sep 18 2026,0.3562,695.0,0.9395,64.83,67.6966,68.1337,0.1943,2.8666,3.3037
Fri Sep 18 2026,0.3562,700.0,0.9463,60.49,63.676,64.3229,0.1909,3.186,3.8329
Fri Sep 18 2026,0.3562,705.0,0.953,57.31,59.7815,60.6153,0.1879,2.4715,3.3053
Fri Sep 18 2026,0.3562,710.0,0.9598,53.69,56.4604,57.2819,0.1882,2.7704,3.5919
Fri Sep 18 2026,0.3562,715.0,0.9665,50.2,52.028,53.3179,0.1806,1.828,3.1179
Fri Sep 18 2026,0.3562,720.0,0.9733,47.13,48.3115,49.8159,0.1772,1.1815,2.6859
Fri Sep 18 2026,0.3562,725.0,0.9801,43.2,44.6697,46.3953,0.1737,1.4697,3.1953
Fri Sep 18 2026,0.3562,730.0,0.9868,40.21,41.1413,43.0828,0.1703,0.9313,2.8728
Fri Sep 18 2026,0.3562,735.0,0.9936,36.05,38.2783,40.2391,0.1702,2.2283,4.1891
Fri Sep 18 2026,0.3562,740.0,1.0003,32.7,34.9574,37.142,0.1667,2.2574,4.442
Fri Sep 18 2026,0.3562,745.0,1.0071,29.82,31.8577,34.231,0.1638,2.0377,4.411
Fri Sep 18 2026,0.3562,750.0,1.0139,27.5,28.8134,31.3995,0.1605,1.3134,3.8995
Fri Sep 18 2026,0.3562,755.0,1.0206,24.75,25.9709,28.7466,0.1576,1.2209,3.9966
Fri Sep 18 2026,0.3562,760.0,1.0274,22.12,23.3017,26.2556,0.1549,1.1817,4.1356
Fri Sep 18 2026,0.3562,765.0,1.0341,19.79,20.7756,23.9082,0.1522,0.9856,4.1182
Fri Sep 18 2026,0.3562,770.0,1.0409,17.14,18.4832,21.7656,0.15,1.3432,4.6256
Fri Sep 18 2026,0.3562,775.0,1.0477,14.93,16.3056,19.75,0.1476,1.3756,4.82
Fri Sep 18 2026,0.3562,780.0,1.0544,13.26,14.3616,17.9393,0.1457,1.1016,4.6793
Fri Sep 18 2026,0.3562,785.0,1.0612,11.29,12.5652,16.2768,0.1438,1.2752,4.9868
Fri Sep 18 2026,0.3562,790.0,1.0679,9.89,10.9611,14.7896,0.1422,1.0711,4.8996
Fri Sep 18 2026,0.3562,795.0,1.0747,8.57,9.5118,13.4519,0.1407,0.9418,4.8819
Fri Sep 18 2026,0.3562,800.0,1.0814,7.6,8.2386,12.2734,0.1395,0.6386,4.6734
Fri Sep 18 2026,0.3562,805.0,1.0882,6.53,7.1166,11.2351,0.1385,0.5866,4.7051
Fri Sep 18 2026,0.3562,810.0,1.095,5.42,6.0989,10.3073,0.1374,0.6789,4.8873
Fri Sep 18 2026,0.3562,815.0,1.1017,4.63,5.2595,9.523,0.1369,0.6295,4.893
Fri Sep 18 2026,0.3562,820.0,1.1085,4.0,4.4833,8.8201,0.1361,0.4833,4.8201
Fri Sep 18 2026,0.3562,825.0,1.1152,3.52,3.8464,8.2273,0.1358,0.3264,4.7073
Fri Sep 18 2026,0.3562,830.0,1.122,2.85,3.2602,7.7032,0.1352,0.4102,4.8532
Fri Sep 18 2026,0.3562,835.0,1.1288,2.46,2.7954,7.2651,0.1352,0.3354,4.8051
Fri Sep 18 2026,0.3562,840.0,1.1355,2.16,2.382,6.8844,0.1351,0.222,4.7244
Fri Sep 18 2026,0.3562,845.0,1.1423,1.71,2.0224,6.5577,0.135,0.3124,4.8477
Fri Sep 18 2026,0.3562,850.0,1.149,1.53,1.7399,6.2778,0.1354,0.2099,4.7478
Fri Sep 18 2026,0.3562,855.0,1.1558,1.28,1.4786,6.0371,0.1355,0.1986,4.7571
Fri Sep 18 2026,0.3562,860.0,1.1626,1.09,1.2624,5.8292,0.1358,0.1724,4.7392
Fri Sep 18 2026,0.3562,865.0,1.1693,0.79,1.0967,5.6405,0.1366,0.3067,4.8505
Fri Sep 18 2026,0.3562,870.0,1.1761,0.83,0.9411,5.4799,0.1371,0.1111,4.6499
Fri Sep 18 2026,0.3562,875.0,1.1828,0.61,0.8135,5.3343,0.1378,0.2035,4.7243
Fri Sep 18 2026,0.3562,880.0,1.1896,0.62,0.7152,5.1919,0.1389,0.0952,4.5719
Fri Sep 18 2026,0.3562,885.0,1.1964,0.47,0.6209,5.0716,0.1397,0.1509,4.6016
Fri Sep 18 2026,0.3562,890.0,1.2031,0.31,0.5466,4.9511,0.1408,0.2366,4.6411
Fri Sep 18 2026,0.3562,895.0,1.2099,0.35,0.4816,4.8387,0.1419,0.1316,4.4887
Fri Sep 18 2026,0.3562,900.0,1.2166,0.33,0.4247,4.7333,0.143,0.0947,4.4033
Fri Sep 18 2026,0.3562,905.0,1.2234,0.22,0.3787,4.6241,0.1443,0.1587,4.4041
Fri Sep 18 2026,0.3562,910.0,1.2301,0.15,0.3467,4.4936,0.1461,0.1967,4.3436
Fri Sep 18 2026,0.3562,915.0,1.2369,0.22,0.3134,4.38,0.1476,0.0934,4.16
Fri Sep 18 2026,0.3562,920.0,1.2437,0.22,0.2766,4.2961,0.1486,0.0566,4.0761
Fri Sep 18 2026,0.3562,925.0,1.2504,0.15,0.2535,4.1755,0.1503,0.1035,4.0255
Fri Sep 18 2026,0.3562,930.0,1.2572,0.1,0.2316,4.0612,0.1519,0.1316,3.9612
Fri Sep 18 2026,0.3562,935.0,1.2639,0.19,0.2108,3.9533,0.1534,0.0208,3.7633
Fri Sep 18 2026,0.3562,940.0,1.2707,0.13,0.1986,3.8084,0.1555,0.0686,3.6784
Fri Sep 18 2026,0.3562,945.0,1.2775,0.09,0.1806,3.7065,0.1569,0.0906,3.6165
Fri Sep 18 2026,0.3562,950.0,1.2842,0.14,0.169,3.5722,0.1588,0.029,3.4322
Fri Sep 18 2026,0.3562,955.0,1.291,0.11,0.1517,3.49,0.1599,0.0417,3.38
Fri Sep 18 2026,0.3562,960.0,1.2977,0.11,0.1465,3.3197,0.1623,0.0365,3.2097
Fri Sep 18 2026,0.3562,965.0,1.3045,0.13,0.1357,3.2021,0.1639,0.0057,3.0721
Fri Sep 18 2026,0.3562,970.0,1.3113,0.07,0.1295,3.048,0.166,0.0595,2.978
Fri Sep 18 2026,0.3562,975.0,1.318,0.11,0.1177,2.9568,0.1672,0.0077,2.8468
Fri Sep 18 2026,0.3562,980.0,1.3248,0.07,0.1121,2.8065,0.1692,0.0421,2.7365
Fri Sep 18 2026,0.3562,985.0,1.3315,0.08,0.1118,2.5942,0.172,0.0318,2.5142
Fri Sep 18 2026,0.3562,990.0,1.3383,0.05,0.1005,2.5221,0.1729,0.0505,2.4721
Fri Sep 18 2026,0.3562,995.0,1.345,0.06,0.0946,2.3887,0.1746,0.0346,2.3287
Fri Sep 18 2026,0.3562,1000.0,1.3518,0.08,0.0882,2.2693,0.1761,0.0082,2.1893
Wed Sep 30 2026,0.389,375.0,0.5069,364.75,371.7325,364.4902,0.5039,6.9825,-0.2598
Wed Sep 30 2026,0.389,380.0,0.5137,356.75,366.8411,359.5134,0.4974,10.0911,2.7634
Wed Sep 30 2026,0.389,410.0,0.5542,307.28,337.5578,329.8987,0.4629,30.2778,22.6187
Wed Sep 30 2026,0.389,415.0,0.561,302.0,332.6852,324.9977,0.4575,30.6852,22.9977
Wed Sep 30 2026,0.389,420.0,0.5678,296.0,327.8074,320.1051,0.4517,31.8074,24.1051
Wed Sep 30 2026,0.389,425.0,0.5745,291.0,322.9186,315.2209,0.4452,31.9186,24.2209
Wed Sep 30 2026,0.389,440.0,0.5948,304.3,308.3118,300.6269,0.429,4.0118,-3.6731
Wed Sep 30 2026,0.389,460.0,0.6218,229.77,288.9199,281.2866,0.4104,59.1499,51.5166
Wed Sep 30 2026,0.389,470.0,0.6353,216.47,279.2012,271.6702,0.3995,62.7312,55.2002
Wed Sep 30 2026,0.389,475.0,0.6421,218.1,274.3477,266.8759,0.3942,56.2477,48.7759
Wed Sep 30 2026,0.389,480.0,0.6489,212.0,269.4985,262.0907,0.389,57.4985,50.0907
Wed Sep 30 2026,0.389,485.0,0.6556,216.1,264.6457,257.3157,0.3836,48.5457,41.2157
Wed Sep 30 2026,0.389,490.0,0.6624,200.07,259.8059,252.5498,0.3786,59.7359,52.4798
Wed Sep 30 2026,0.389,495.0,0.6691,212.11,254.9538,247.7948,0.3731,42.8438,35.6848
Wed Sep 30 2026,0.389,500.0,0.6759,222.99,250.1123,243.0496,0.3679,27.1223,20.0596
Wed Sep 30 2026,0.389,505.0,0.6827,193.96,245.2794,238.3143,0.3629,51.3194,44.3543
Wed Sep 30 2026,0.389,510.0,0.6894,180.99,240.4394,233.5904,0.3576,59.4494,52.6004
Wed Sep 30 2026,0.389,515.0,0.6962,204.46,235.6187,228.8759,0.3528,31.1587,24.4159
Wed Sep 30 2026,0.389,520.0,0.7029,132.73,230.7979,224.1728,0.3479,98.0679,91.4428
Wed Sep 30 2026,0.389,525.0,0.7097,194.0,225.988,219.4805,0.3432,31.988,25.4805
Wed Sep 30 2026,0.389,530.0,0.7165,215.45,221.1785,214.7998,0.3384,5.7285,-0.6502
Wed Sep 30 2026,0.389,535.0,0.7232,157.15,216.369,210.1309,0.3335,59.219,52.9809
Wed Sep 30 2026,0.389,540.0,0.73,187.8,211.5719,205.4735,0.3288,23.7719,17.6735
Wed Sep 30 2026,0.389,545.0,0.7367,176.69,206.7753,200.8284,0.324,30.0853,24.1384
Wed Sep 30 2026,0.389,550.0,0.7435,171.41,201.988,196.1954,0.3193,30.578,24.7854
Wed Sep 30 2026,0.389,555.0,0.7503,136.4,197.2156,191.5753,0.3148,60.8156,55.1753
Wed Sep 30 2026,0.389,560.0,0.757,181.24,192.4545,186.9685,0.3104,11.2145,5.7285
Wed Sep 30 2026,0.389,565.0,0.7638,111.0,187.7111,182.3761,0.3062,76.7111,71.3761
Wed Sep 30 2026,0.389,570.0,0.7705,169.44,182.9708,177.7977,0.3019,13.5308,8.3577
Wed Sep 30 2026,0.389,575.0,0.7773,154.34,178.2335,173.2331,0.2975,23.8935,18.8931
Wed Sep 30 2026,0.389,580.0,0.784,146.05,173.5107,168.6842,0.2932,27.4607,22.6342
Wed Sep 30 2026,0.389,585.0,0.7908,159.96,168.8037,164.1515,0.289,8.8437,4.1915
Wed Sep 30 2026,0.389,590.0,0.7976,144.47,164.1011,159.6341,0.2847,19.6311,15.1641
Wed Sep 30 2026,0.389,594.0,0.803,137.05,160.3627,156.035,0.2815,23.3127,18.985
Wed Sep 30 2026,0.389,595.0,0.8043,152.13,159.4294,155.1371,0.2807,7.2994,3.0071
Wed Sep 30 2026,0.389,596.0,0.8057,136.88,158.4967,154.2398,0.2799,21.6167,17.3598
Wed Sep 30 2026,0.389,597.0,0.807,128.64,157.5644,153.3434,0.2791,28.9244,24.7034
Wed Sep 30 2026,0.389,598.0,0.8084,137.77,156.6396,152.449,0.2784,18.8696,14.679
Wed Sep 30 2026,0.389,599.0,0.8097,127.28,155.7085,151.554,0.2776,28.4285,24.274
Wed Sep 30 2026,0.389,600.0,0.8111,140.86,154.7711,150.6583,0.2767,13.9111,9.7983
Wed Sep 30 2026,0.389,601.0,0.8124,124.49,153.8411,149.7649,0.2759,29.3511,25.2749
Wed Sep 30 2026,0.389,602.0,0.8138,116.2,152.9116,148.8721,0.2751,36.7116,32.6721
Wed Sep 30 2026,0.389,603.0,0.8151,130.55,151.9899,147.9818,0.2744,21.4399,17.4318
Wed Sep 30 2026,0.389,604.0,0.8165,118.93,151.0546,147.0889,0.2735,32.1246,28.1589
Wed Sep 30 2026,0.389,605.0,0.8178,133.16,150.1269,146.1986,0.2727,16.9669,13.0386
Wed Sep 30 2026,0.389,606.0,0.8192,120.35,149.1926,145.3072,0.2718,28.8426,24.9572
Wed Sep 30 2026,0.389,607.0,0.8205,90.31,148.2661,144.4183,0.271,57.9561,54.1083
Wed Sep 30 2026,0.389,608.0,0.8219,93.35,147.3402,143.5303,0.2702,53.9902,50.1803
Wed Sep 30 2026,0.389,609.0,0.8233,135.06,146.4074,142.6411,0.2693,11.3474,7.5811
Wed Sep 30 2026,0.389,610.0,0.8246,141.52,145.4903,141.7566,0.2686,3.9703,0.2366
Wed Sep 30 2026,0.389,611.0,0.826,116.06,144.5587,140.8691,0.2677,28.4987,24.8091
Wed Sep 30 2026,0.389,612.0,0.8273,86.8,143.6354,139.9843,0.2669,56.8354,53.1843
Wed Sep 30 2026,0.389,613.0,0.8287,137.05,142.7126,139.1004,0.2661,5.6626,2.0504
Wed Sep 30 2026,0.389,614.0,0.83,62.43,141.7906,138.2171,0.2653,79.3606,75.7871
Wed Sep 30 2026,0.389,615.0,0.8314,111.98,140.8692,137.3349,0.2645,28.8892,25.3549
Wed Sep 30 2026,0.389,616.0,0.8327,66.32,139.9485,136.4535,0.2637,73.6285,70.1335
Wed Sep 30 2026,0.389,617.0,0.8341,112.17,139.0286,135.573,0.2629,26.8586,23.403
Wed Sep 30 2026,0.389,618.0,0.8354,91.86,138.1093,134.6933,0.2621,46.2493,42.8333
Wed Sep 30 2026,0.389,619.0,0.8368,104.58,137.1826,133.8121,0.2612,32.6026,29.2321
Wed Sep 30 2026,0.389,620.0,0.8381,128.02,136.2729,132.9368,0.2605,8.2529,4.9168
Wed Sep 30 2026,0.389,621.0,0.8395,108.48,135.3558,132.0597,0.2597,26.8758,23.5797
Wed Sep 30 2026,0.389,622.0,0.8408,123.26,134.4394,131.1838,0.2589,11.1794,7.9238
Wed Sep 30 2026,0.389,623.0,0.8422,65.3,133.5238,130.3087,0.2581,68.2238,65.0087
Wed Sep 30 2026,0.389,624.0,0.8435,96.47,132.6089,129.4345,0.2573,36.1389,32.9645
Wed Sep 30 2026,0.389,625.0,0.8449,104.22,131.7034,128.5641,0.2566,27.4834,24.3441
Wed Sep 30 2026,0.389,626.0,0.8462,102.28,130.7902,127.6918,0.2558,28.5102,25.4118
Wed Sep 30 2026,0.389,627.0,0.8476,108.07,129.8778,126.8206,0.255,21.8078,18.7506
Wed Sep 30 2026,0.389,628.0,0.8489,112.36,128.9662,125.9502,0.2542,16.6062,13.5902
Wed Sep 30 2026,0.389,629.0,0.8503,101.7,128.0642,125.084,0.2535,26.3642,23.384
Wed Sep 30 2026,0.389,630.0,0.8516,122.0,127.1543,124.2157,0.2527,5.1543,2.2157
Wed Sep 30 2026,0.389,631.0,0.853,98.15,126.2453,123.3485,0.2519,28.0953,25.1985
Wed Sep 30 2026,0.389,632.0,0.8543,87.28,125.3371,122.4821,0.2511,38.0571,35.2021
Wed Sep 30 2026,0.389,633.0,0.8557,54.65,124.4297,121.6169,0.2503,69.7797,66.9669
Wed Sep 30 2026,0.389,634.0,0.857,91.63,123.5233,120.7527,0.2495,31.8933,29.1227
Wed Sep 30 2026,0.389,635.0,0.8584,112.46,122.6084,119.8861,0.2486,10.1484,7.4261
Wed Sep 30 2026,0.389,636.0,0.8597,96.9,121.7036,119.0239,0.2478,24.8036,22.1239
Wed Sep 30 2026,0.389,637.0,0.8611,93.04,119.9962,117.8695,0.2383,26.9562,24.8295
Wed Sep 30 2026,0.389,638.0,0.8625,93.26,119.0958,117.0068,0.2376,25.8358,23.7468
Wed Sep 30 2026,0.389,639.0,0.8638,92.56,118.9949,116.4438,0.2454,26.4349,23.8838
Wed Sep 30 2026,0.389,640.0,0.8652,111.69,118.0939,115.5859,0.2446,6.4039,3.8959
Wed Sep 30 2026,0.389,641.0,0.8665,90.79,117.2035,114.733,0.2439,26.4135,23.943
Wed Sep 30 2026,0.389,642.0,0.8679,108.45,116.2947,113.8735,0.243,7.8447,5.4235
Wed Sep 30 2026,0.389,643.0,0.8692,90.3,115.3966,113.0191,0.2422,25.0966,22.7191
Wed Sep 30 2026,0.389,644.0,0.8706,88.74,114.4995,112.1657,0.2414,25.7595,23.4257
Wed Sep 30 2026,0.389,645.0,0.8719,109.59,112.794,110.9904,0.2324,3.204,1.4004
Wed Sep 30 2026,0.389,646.0,0.8733,84.98,112.7185,110.4667,0.2399,27.7385,25.4867
Wed Sep 30 2026,0.389,647.0,0.8746,101.64,111.8246,109.6169,0.2391,10.1846,7.9769
Wed Sep 30 2026,0.389,648.0,0.876,70.49,110.9318,108.7684,0.2383,40.4418,38.2784
Wed Sep 30 2026,0.389,649.0,0.8773,83.9,110.04,107.921,0.2375,26.14,24.021
Wed Sep 30 2026,0.389,650.0,0.8787,105.0,109.1493,107.0749,0.2367,4.1493,2.0749
Wed Sep 30 2026,0.389,651.0,0.88,82.33,108.2703,106.2345,0.236,25.9403,23.9045
Wed Sep 30 2026,0.389,652.0,0.8814,81.74,107.3819,105.3911,0.2352,25.6419,23.6511
Wed Sep 30 2026,0.389,653.0,0.8827,79.23,106.4947,104.5488,0.2344,27.2647,25.3188
Wed Sep 30 2026,0.389,654.0,0.8841,79.95,105.5871,103.6982,0.2334,25.6371,23.7482
Wed Sep 30 2026,0.389,655.0,0.8854,99.7,104.5611,102.7956,0.2313,4.8611,3.0956
Wed Sep 30 2026,0.389,656.0,0.8868,87.01,103.6761,101.956,0.2305,16.6661,14.946
Wed Sep 30 2026,0.389,657.0,0.8881,53.55,102.8034,101.1228,0.2298,49.2534,47.5728
Wed Sep 30 2026,0.389,658.0,0.8895,73.25,101.9209,100.286,0.229,28.6709,27.036
Wed Sep 30 2026,0.389,659.0,0.8908,85.25,101.0397,99.4505,0.2282,15.7897,14.2005
Wed Sep 30 2026,0.389,660.0,0.8922,95.17,100.1598,98.6166,0.2274,4.9898,3.4466
Wed Sep 30 2026,0.389,661.0,0.8935,90.37,99.2924,97.7892,0.2267,8.9224,7.4192
Wed Sep 30 2026,0.389,662.0,0.8949,82.84,98.4037,96.9527,0.2258,15.5637,14.1127
Wed Sep 30 2026,0.389,663.0,0.8962,72.2,97.5392,96.1284,0.2251,25.3392,23.9284
Wed Sep 30 2026,0.389,664.0,0.8976,70.52,96.6646,95.3,0.2243,26.1446,24.78
Wed Sep 30 2026,0.389,665.0,0.899,91.25,95.803,94.4789,0.2236,4.553,3.2289
Wed Sep 30 2026,0.389,666.0,0.9003,89.76,94.9311,93.6536,0.2228,5.1711,3.8936
Wed Sep 30 2026,0.389,667.0,0.9017,77.72,94.0607,92.8299,0.222,16.3407,15.1099
Wed Sep 30 2026,0.389,668.0,0.903,88.23,93.2276,92.0253,0.2215,4.9976,3.7953
Wed Sep 30 2026,0.389,669.0,0.9044,54.79,92.3241,91.1869,0.2204,37.5341,36.3969
Wed Sep 30 2026,0.389,670.0,0.9057,87.02,91.4823,90.38,0.2198,4.4623,3.36
Wed Sep 30 2026,0.389,671.0,0.9071,81.91,90.6423,89.5748,0.2192,8.7323,7.6648
Wed Sep 30 2026,0.389,672.0,0.9084,85.03,89.7672,88.7531,0.2183,4.7372,3.7231
Wed Sep 30 2026,0.389,673.0,0.9098,80.02,88.8935,87.9327,0.2174,8.8735,7.9127
Wed Sep 30 2026,0.389,674.0,0.9111,79.25,88.0211,87.1139,0.2165,8.7711,7.8639
Wed Sep 30 2026,0.389,675.0,0.9125,83.45,87.2131,86.329,0.2161,3.7631,2.879
Wed Sep 30 2026,0.389,676.0,0.9138,63.72,85.6272,85.1434,0.2095,21.9072,21.4234
Wed Sep 30 2026,0.389,677.0,0.9152,61.33,84.8047,84.3506,0.209,23.4747,23.0206
Wed Sep 30 2026,0.389,678.0,0.9165,70.0,83.9338,83.5337,0.2081,13.9338,13.5337
Wed Sep 30 2026,0.389,679.0,0.9179,64.12,83.8102,83.1108,0.213,19.6902,18.9908
Wed Sep 30 2026,0.389,680.0,0.9192,80.0,82.9474,82.302,0.2121,2.9474,2.302
Wed Sep 30 2026,0.389,681.0,0.9206,65.77,82.1125,81.5091,0.2114,16.3425,15.7391
Wed Sep 30 2026,0.389,682.0,0.9219,55.6,80.5434,80.3235,0.2051,24.9434,24.7235
Wed Sep 30 2026,0.389,683.0,0.9233,75.84,79.707,79.5292,0.2044,3.867,3.6892
Wed Sep 30 2026,0.389,684.0,0.9246,70.95,78.8593,78.7299,0.2036,7.9093,7.7799
Wed Sep 30 2026,0.389,685.0,0.926,72.3,78.0134,77.9324,0.2028,5.7134,5.6324
Wed Sep 30 2026,0.389,686.0,0.9273,62.79,77.1828,77.1442,0.2021,14.3928,14.3542
Wed Sep 30 2026,0.389,687.0,0.9287,68.61,76.3408,76.3507,0.2013,7.7308,7.7407
Wed Sep 30 2026,0.389,688.0,0.93,65.15,75.5007,75.5592,0.2005,10.3507,10.4092
Wed Sep 30 2026,0.389,689.0,0.9314,51.84,74.7036,74.7926,0.2,22.8636,22.9526
Wed Sep 30 2026,0.389,690.0,0.9327,69.53,73.8401,73.99,0.199,4.3101,4.46
Wed Sep 30 2026,0.389,691.0,0.9341,65.02,73.0199,73.2126,0.1983,7.9999,8.1926
Wed Sep 30 2026,0.389,695.0,0.9395,66.89,70.4519,70.5233,0.2003,3.5619,3.6333
Wed Sep 30 2026,0.389,700.0,0.9463,62.81,66.3962,66.7081,0.1964,3.5862,3.8981
Wed Sep 30 2026,0.389,705.0,0.953,58.34,61.7412,62.5569,0.1882,3.4012,4.2169
Wed Sep 30 2026,0.389,710.0,0.9598,57.2,58.4999,59.2848,0.1888,1.2999,2.0848
Wed Sep 30 2026,0.389,715.0,0.9665,51.38,54.1188,55.3424,0.1817,2.7388,3.9624
Wed Sep 30 2026,0.389,720.0,0.9733,48.13,50.9183,52.1687,0.1814,2.7883,4.0387
Wed Sep 30 2026,0.389,725.0,0.9801,44.6,47.2993,48.7656,0.178,2.6993,4.1656
Wed Sep 30 2026,0.389,730.0,0.9868,40.92,43.7359,45.4312,0.1744,2.8159,4.5112
Wed Sep 30 2026,0.389,735.0,0.9936,37.79,40.3034,42.2162,0.171,2.5134,4.4262
Wed Sep 30 2026,0.389,740.0,1.0003,34.16,37.0102,39.1289,0.1678,2.8502,4.9689
Wed Sep 30 2026,0.389,745.0,1.0071,31.09,33.8457,36.1653,0.1647,2.7557,5.0753
Wed Sep 30 2026,0.389,750.0,1.0139,27.78,30.7987,33.3195,0.1616,3.0187,5.5395
Wed Sep 30 2026,0.389,755.0,1.0206,25.03,27.9122,30.6227,0.1587,2.8822,5.5927
Wed Sep 30 2026,0.389,760.0,1.0274,23.02,25.1922,28.0812,0.156,2.1722,5.0612
Wed Sep 30 2026,0.389,765.0,1.0341,20.45,22.6255,25.6875,0.1534,2.1755,5.2375
Wed Sep 30 2026,0.389,770.0,1.0409,18.7,20.234,23.4577,0.151,1.534,4.7577
Wed Sep 30 2026,0.389,775.0,1.0477,15.75,18.0198,21.394,0.1488,2.2698,5.644
Wed Sep 30 2026,0.389,780.0,1.0544,13.89,15.9831,19.4966,0.1468,2.0931,5.6066
Wed Sep 30 2026,0.389,785.0,1.0612,12.43,14.1222,17.7638,0.145,1.6922,5.3338
Wed Sep 30 2026,0.389,790.0,1.0679,11.05,12.4173,16.1817,0.1433,1.3673,5.1317
Wed Sep 30 2026,0.389,795.0,1.0747,9.6,10.8961,14.7664,0.1419,1.2961,5.1664
Wed Sep 30 2026,0.389,800.0,1.0814,8.61,9.5348,13.4997,0.1407,0.9248,4.8897
Wed Sep 30 2026,0.389,805.0,1.0882,6.65,8.3107,12.3649,0.1396,1.6607,5.7149
Wed Sep 30 2026,0.389,810.0,1.095,6.31,7.2165,11.3547,0.1386,0.9065,5.0447
Wed Sep 30 2026,0.389,815.0,1.1017,5.32,6.2566,10.4674,0.1378,0.9366,5.1474
Wed Sep 30 2026,0.389,820.0,1.1085,4.8,5.4199,9.692,0.1372,0.6199,4.892
Wed Sep 30 2026,0.389,825.0,1.1152,4.1,4.6842,9.0119,0.1367,0.5842,4.9119
Wed Sep 30 2026,0.389,830.0,1.122,3.48,4.0306,8.4143,0.1362,0.5506,4.9343
Wed Sep 30 2026,0.389,835.0,1.1288,2.97,3.4618,7.8958,0.1358,0.4918,4.9258
Wed Sep 30 2026,0.389,840.0,1.1355,2.5,2.9857,7.4523,0.1357,0.4857,4.9523
Wed Sep 30 2026,0.389,845.0,1.1423,2.17,2.5669,7.0661,0.1356,0.3969,4.8961
Wed Sep 30 2026,0.389,850.0,1.149,1.86,2.2067,6.7325,0.1356,0.3467,4.8725
Wed Sep 30 2026,0.389,855.0,1.1558,1.6,1.9041,6.4443,0.1358,0.3041,4.8443
Wed Sep 30 2026,0.389,860.0,1.1626,1.35,1.6395,6.194,0.136,0.2895,4.844
Wed Sep 30 2026,0.389,865.0,1.1693,1.17,1.4191,5.9752,0.1364,0.2491,4.8052
Wed Sep 30 2026,0.389,870.0,1.1761,1.0,1.2358,5.7809,0.137,0.2358,4.7809
Wed Sep 30 2026,0.389,875.0,1.1828,0.89,1.0713,5.6111,0.1375,0.1813,4.7211
Wed Sep 30 2026,0.389,880.0,1.1896,0.76,0.9317,5.4593,0.1381,0.1717,4.6993
Wed Sep 30 2026,0.389,885.0,1.1964,0.66,0.8133,5.3218,0.1388,0.1533,4.6618
Wed Sep 30 2026,0.389,890.0,1.2031,0.59,0.7191,5.1885,0.1398,0.1291,4.5985
Wed Sep 30 2026,0.389,895.0,1.2099,0.46,0.625,5.0803,0.1404,0.165,4.6203
Wed Sep 30 2026,0.389,900.0,1.2166,0.46,0.5531,4.9676,0.1414,0.0931,4.5076
Fri Oct 30 2026,0.4712,570.0,0.7705,176.7,185.9942,181.2209,0.2938,9.2942,4.5209
Fri Oct 30 2026,0.4712,585.0,0.7908,165.7,172.0456,167.7259,0.2826,6.3456,2.0259
Fri Oct 30 2026,0.4712,590.0,0.7976,156.5,167.423,163.2621,0.2789,10.923,6.7621
Fri Oct 30 2026,0.4712,600.0,0.8111,134.16,158.2279,154.3919,0.2716,24.0679,20.2319
Fri Oct 30 2026,0.4712,610.0,0.8246,138.41,149.0949,145.6005,0.2643,10.6849,7.1905
Fri Oct 30 2026,0.4712,615.0,0.8314,125.37,144.5683,141.2422,0.2608,19.1983,15.8722
Fri Oct 30 2026,0.4712,620.0,0.8381,116.68,139.3376,136.6111,0.2498,22.6576,19.9311
Fri Oct 30 2026,0.4712,630.0,0.8516,125.21,130.3596,127.9779,0.2431,5.1496,2.7679
Fri Oct 30 2026,0.4712,635.0,0.8584,115.61,125.911,123.7033,0.2398,10.301,8.0933
Fri Oct 30 2026,0.4712,640.0,0.8652,117.88,121.4547,119.4416,0.2362,3.5747,1.5616
Fri Oct 30 2026,0.4712,641.0,0.8665,98.59,120.6021,118.6094,0.2358,22.0121,20.0194
Fri Oct 30 2026,0.4712,650.0,0.8787,91.67,112.6778,111.033,0.2295,21.0078,19.363
Fri Oct 30 2026,0.4712,651.0,0.88,92.82,111.803,110.1973,0.2288,18.983,17.3773
Fri Oct 30 2026,0.4712,652.0,0.8814,91.89,110.9414,109.3692,0.2282,19.0514,17.4792
Fri Oct 30 2026,0.4712,655.0,0.8854,91.96,108.365,106.8934,0.2264,16.405,14.9334
Fri Oct 30 2026,0.4712,660.0,0.8922,100.16,104.7879,103.1662,0.2287,4.6279,3.0062
Fri Oct 30 2026,0.4712,661.0,0.8935,94.52,103.1864,101.9485,0.2223,8.6664,7.4285
Fri Oct 30 2026,0.4712,662.0,0.8949,93.83,102.3259,101.1283,0.2216,8.4959,7.2983
Fri Oct 30 2026,0.4712,666.0,0.9003,91.66,98.9107,97.8693,0.2189,7.2507,6.2093
Fri Oct 30 2026,0.4712,668.0,0.903,88.65,97.2052,96.2454,0.2175,8.5552,7.5954
Fri Oct 30 2026,0.4712,670.0,0.9057,87.7,96.2412,95.0414,0.2214,8.5412,7.3414
Fri Oct 30 2026,0.4712,675.0,0.9125,86.92,92.0578,91.0574,0.218,5.1378,4.1374
Fri Oct 30 2026,0.4712,677.0,0.9152,70.03,89.6197,89.0258,0.2113,19.5897,18.9958
Fri Oct 30 2026,0.4712,680.0,0.9192,84.33,87.7966,87.0471,0.2138,3.4666,2.7171
Fri Oct 30 2026,0.4712,685.0,0.926,67.09,82.962,82.7104,0.2056,15.872,15.6204
Fri Oct 30 2026,0.4712,686.0,0.9273,66.0,82.1549,81.9396,0.205,16.1549,15.9396
Fri Oct 30 2026,0.4712,688.0,0.93,71.03,80.516,80.3857,0.2036,9.486,9.3557
Fri Oct 30 2026,0.4712,690.0,0.9327,74.68,78.9317,78.8683,0.2025,4.2517,4.1883
Fri Oct 30 2026,0.4712,692.0,0.9355,66.56,77.2613,77.3018,0.2008,10.7013,10.7418
Fri Oct 30 2026,0.4712,694.0,0.9382,68.07,75.63,75.7624,0.1993,7.56,7.6924
Fri Oct 30 2026,0.4712,695.0,0.9395,72.17,74.8415,75.0108,0.1987,2.6715,2.8408
Fri Oct 30 2026,0.4712,699.0,0.9449,62.73,71.6446,71.9866,0.1959,8.9146,9.2566
Fri Oct 30 2026,0.4712,700.0,0.9463,66.44,70.8675,71.2467,0.1953,4.4275,4.8067
Fri Oct 30 2026,0.4712,702.0,0.949,61.42,70.0453,70.2349,0.1984,8.6253,8.8149
Fri Oct 30 2026,0.4712,703.0,0.9503,64.84,68.4833,68.9989,0.1931,3.6433,4.1589
Fri Oct 30 2026,0.4712,704.0,0.9517,62.2,67.7158,68.2688,0.1925,5.5158,6.0688
Fri Oct 30 2026,0.4712,705.0,0.953,64.75,67.6699,68.0025,0.1961,2.9199,3.2525
Fri Oct 30 2026,0.4712,707.0,0.9557,45.78,65.3769,66.0607,0.1904,19.5969,20.2807
Fri Oct 30 2026,0.4712,708.0,0.9571,61.06,64.5848,65.3186,0.1896,3.5248,4.2586
Fri Oct 30 2026,0.4712,710.0,0.9598,60.61,63.2004,63.9669,0.1891,2.5904,3.3569
Fri Oct 30 2026,0.4712,711.0,0.9611,54.72,62.2931,63.1524,0.1876,7.5731,8.4324
Fri Oct 30 2026,0.4712,712.0,0.9625,59.45,61.5994,62.4781,0.1873,2.1494,3.0281
Fri Oct 30 2026,0.4712,713.0,0.9638,46.04,60.7845,61.7256,0.1863,14.7445,15.6856
Fri Oct 30 2026,0.4712,714.0,0.9652,56.75,60.0254,61.0106,0.1856,3.2754,4.2606
Fri Oct 30 2026,0.4712,715.0,0.9665,55.36,59.2511,60.2864,0.1848,3.8911,4.9264
Fri Oct 30 2026,0.4712,716.0,0.9679,52.86,58.5155,59.5888,0.1842,5.6555,6.7288
Fri Oct 30 2026,0.4712,717.0,0.9692,54.14,57.9097,58.9785,0.1843,3.7697,4.8385
Fri Oct 30 2026,0.4712,718.0,0.9706,49.42,57.0349,58.1906,0.1829,7.6149,8.7706
Fri Oct 30 2026,0.4712,719.0,0.9719,48.74,57.0594,58.0022,0.1864,8.3194,9.2622
Fri Oct 30 2026,0.4712,720.0,0.9733,53.79,56.3206,57.3079,0.1857,2.5306,3.5179
Fri Oct 30 2026,0.4712,721.0,0.9747,51.35,55.5847,56.6165,0.185,4.2347,5.2665
Fri Oct 30 2026,0.4712,722.0,0.976,48.53,54.8518,55.928,0.1843,6.3218,7.398
Fri Oct 30 2026,0.4712,723.0,0.9774,49.5,53.3578,54.7291,0.1795,3.8578,5.2291
Fri Oct 30 2026,0.4712,724.0,0.9787,44.91,53.4137,54.5728,0.183,8.5037,9.6628
Fri Oct 30 2026,0.4712,725.0,0.9801,50.1,52.6899,53.8937,0.1823,2.5899,3.7937
Fri Oct 30 2026,0.4712,726.0,0.9814,43.68,51.1959,52.6945,0.1775,7.5159,9.0145
Fri Oct 30 2026,0.4712,727.0,0.9828,45.07,50.4943,52.0315,0.1769,5.4243,6.9615
Fri Oct 30 2026,0.4712,728.0,0.9841,45.71,50.5563,51.888,0.1803,4.8463,6.178
Fri Oct 30 2026,0.4712,729.0,0.9855,45.22,50.4374,51.6231,0.1827,5.2174,6.4031
Fri Oct 30 2026,0.4712,730.0,0.9868,45.73,48.3717,50.0366,0.1749,2.6417,4.3066
Fri Oct 30 2026,0.4712,731.0,0.9882,42.29,47.6837,49.3872,0.1743,5.3937,7.0972
Fri Oct 30 2026,0.4712,732.0,0.9895,43.68,47.1726,48.8603,0.1746,3.4926,5.1803
Fri Oct 30 2026,0.4712,733.0,0.9909,41.91,47.0919,48.6295,0.1771,5.1819,6.7195
Fri Oct 30 2026,0.4712,734.0,0.9922,42.35,46.3977,47.9802,0.1764,4.0477,5.6302
Fri Oct 30 2026,0.4712,735.0,0.9936,43.14,45.7264,47.3478,0.1758,2.5864,4.2078
Fri Oct 30 2026,0.4712,736.0,0.9949,41.39,45.0588,46.7191,0.1752,3.6688,5.3291
Fri Oct 30 2026,0.4712,737.0,0.9963,41.88,44.3753,46.0806,0.1745,2.4953,4.2006
Fri Oct 30 2026,0.4712,738.0,0.9976,41.17,43.7149,45.4592,0.1739,2.5449,4.2892
Fri Oct 30 2026,0.4712,739.0,0.999,40.25,43.0387,44.8281,0.1732,2.7887,4.5781
Fri Oct 30 2026,0.4712,740.0,1.0003,39.25,42.4056,44.2279,0.1727,3.1556,4.9779
Fri Oct 30 2026,0.4712,741.0,1.0017,39.65,41.7369,43.6043,0.172,2.0869,3.9543
Fri Oct 30 2026,0.4712,742.0,1.003,35.51,41.0917,42.9983,0.1714,5.5817,7.4883
Fri Oct 30 2026,0.4712,743.0,1.0044,36.58,40.4505,42.3962,0.1708,3.8705,5.8162
Fri Oct 30 2026,0.4712,744.0,1.0057,33.87,39.8132,41.7981,0.1702,5.9432,7.9281
Fri Oct 30 2026,0.4712,745.0,1.0071,35.58,39.18,41.2039,0.1696,3.6,5.6239
Fri Oct 30 2026,0.4712,746.0,1.0084,35.21,38.5707,40.6278,0.1691,3.3607,5.4178
Fri Oct 30 2026,0.4712,750.0,1.0139,33.27,36.095,38.3092,0.1667,2.825,5.0392
Fri Oct 30 2026,0.4712,755.0,1.0206,29.77,33.1161,35.5212,0.1638,3.3461,5.7512
Fri Oct 30 2026,0.4712,760.0,1.0274,27.77,30.2888,32.8733,0.1611,2.5188,5.1033
Fri Oct 30 2026,0.4712,765.0,1.0341,24.88,27.5976,30.3561,0.1585,2.7176,5.4761
Fri Oct 30 2026,0.4712,770.0,1.0409,23.3,25.0666,27.9876,0.1561,1.7666,4.6876
Fri Oct 30 2026,0.4712,775.0,1.0477,19.65,22.6784,25.7566,0.1538,3.0284,6.1066
Fri Oct 30 2026,0.4712,780.0,1.0544,18.9,20.4549,23.6787,0.1517,1.5549,4.7787
Fri Oct 30 2026,0.4712,785.0,1.0612,16.66,18.3768,21.741,0.1497,1.7168,5.081
Fri Oct 30 2026,0.4712,790.0,1.0679,14.96,16.4816,19.9688,0.148,1.5216,5.0088
Fri Oct 30 2026,0.4712,795.0,1.0747,13.23,14.7285,18.3334,0.1464,1.4985,5.1034
Fri Oct 30 2026,0.4712,800.0,1.0814,11.74,13.115,16.8322,0.1449,1.375,5.0922
Fri Oct 30 2026,0.4712,805.0,1.0882,10.32,11.6543,15.4724,0.1436,1.3343,5.1524
Fri Oct 30 2026,0.4712,810.0,1.095,9.24,10.3398,14.2473,0.1425,1.0998,5.0073
Fri Oct 30 2026,0.4712,815.0,1.1017,6.36,9.1482,13.1397,0.1415,2.7882,6.7797
Fri Oct 30 2026,0.4712,820.0,1.1085,6.82,8.0877,12.1518,0.1407,1.2677,5.3318
Fri Oct 30 2026,0.4712,825.0,1.1152,6.21,7.1217,11.2586,0.1399,0.9117,5.0486
Fri Oct 30 2026,0.4712,830.0,1.122,5.61,6.2711,10.4694,0.1393,0.6611,4.8594
Fri Oct 30 2026,0.4712,835.0,1.1288,4.53,5.514,9.7678,0.1388,0.984,5.2378
Fri Oct 30 2026,0.4712,840.0,1.1355,4.17,4.8315,9.1412,0.1383,0.6615,4.9712
Fri Oct 30 2026,0.4712,845.0,1.1423,3.43,4.2397,8.5933,0.138,0.8097,5.1633
Fri Oct 30 2026,0.4712,850.0,1.149,3.16,3.7189,8.1106,0.1378,0.5589,4.9506
Fri Oct 30 2026,0.4712,855.0,1.1558,2.08,3.2443,7.6802,0.1375,1.1643,5.6002
Fri Oct 30 2026,0.4712,860.0,1.1626,2.35,2.8382,7.3063,0.1374,0.4882,4.9563
Fri Oct 30 2026,0.4712,865.0,1.1693,1.9,2.4845,6.9786,0.1374,0.5845,5.0786
Fri Oct 30 2026,0.4712,870.0,1.1761,1.76,2.1773,6.6912,0.1375,0.4173,4.9312
Fri Dec 18 2026,0.6055,200.0,0.2704,524.79,545.077,541.641,0.6327,20.287,16.851
Fri Dec 18 2026,0.6055,210.0,0.2839,513.86,535.3908,531.768,0.6273,21.5308,17.908
Fri Dec 18 2026,0.6055,220.0,0.2974,515.9,525.6592,521.7944,0.6083,9.7592,5.8944
Fri Dec 18 2026,0.6055,230.0,0.3109,509.19,515.9624,511.8743,0.598,6.7724,2.6843
Fri Dec 18 2026,0.6055,240.0,0.3244,440.12,506.2643,501.9384,0.5866,66.1443,61.8184
Fri Dec 18 2026,0.6055,245.0,0.3312,422.0,501.4408,497.0171,0.5852,79.4408,75.0171
Fri Dec 18 2026,0.6055,250.0,0.338,463.67,496.5921,492.0425,0.579,32.9221,28.3725
Fri Dec 18 2026,0.6055,255.0,0.3447,423.67,491.7183,487.0175,0.5688,68.0483,63.3475
Fri Dec 18 2026,0.6055,260.0,0.3515,445.54,486.9025,482.1023,0.5676,41.3625,36.5623
Fri Dec 18 2026,0.6055,265.0,0.3582,427.58,482.0616,477.1374,0.5623,54.4816,49.5574
Fri Dec 18 2026,0.6055,270.0,0.365,424.5,477.1935,472.1239,0.5533,52.6935,47.6239
Fri Dec 18 2026,0.6055,275.0,0.3717,452.18,472.3412,467.1405,0.5465,20.1612,14.9605
Fri Dec 18 2026,0.6055,280.0,0.3785,435.2,467.526,462.2188,0.5442,32.326,27.0188
Fri Dec 18 2026,0.6055,285.0,0.3853,353.65,462.6905,457.2639,0.5392,109.0405,103.6139
Fri Dec 18 2026,0.6055,290.0,0.392,369.0,457.8412,452.2905,0.5326,88.8412,83.2905
Fri Dec 18 2026,0.6055,295.0,0.3988,404.0,453.0072,447.3425,0.5276,49.0072,43.3425
Fri Dec 18 2026,0.6055,300.0,0.4055,436.57,448.1436,442.3608,0.5196,11.5736,5.7908
Fri Dec 18 2026,0.6055,305.0,0.4123,411.19,443.3307,437.4457,0.5165,32.1407,26.2557
Fri Dec 18 2026,0.6055,310.0,0.4191,415.84,438.4668,432.4783,0.5086,22.6268,16.6383
Fri Dec 18 2026,0.6055,315.0,0.4258,332.28,433.6408,427.557,0.5041,101.3608,95.277
Fri Dec 18 2026,0.6055,320.0,0.4326,396.65,428.8053,422.6319,0.4987,32.1553,25.9819
Fri Dec 18 2026,0.6055,325.0,0.4393,362.82,423.9716,417.7148,0.4934,61.1516,54.8948
Fri Dec 18 2026,0.6055,330.0,0.4461,366.75,419.1602,412.8199,0.4897,52.4102,46.0699
Fri Dec 18 2026,0.6055,335.0,0.4529,308.5,414.3047,407.9007,0.4827,105.8047,99.4007
Fri Dec 18 2026,0.6055,340.0,0.4596,308.13,409.4948,403.0175,0.4789,101.3648,94.8875
Fri Dec 18 2026,0.6055,345.0,0.4664,319.23,404.6689,398.1306,0.4739,85.4389,78.9006
Fri Dec 18 2026,0.6055,350.0,0.4731,381.19,399.8247,393.2421,0.4677,18.6347,12.0521
Fri Dec 18 2026,0.6055,355.0,0.4799,388.0,395.0148,388.3762,0.4636,7.0148,0.3762
Fri Dec 18 2026,0.6055,360.0,0.4867,366.0,390.1966,383.5127,0.4589,24.1966,17.5127
Fri Dec 18 2026,0.6055,365.0,0.4934,366.74,385.3578,378.6485,0.453,18.6178,11.9085
Fri Dec 18 2026,0.6055,370.0,0.5002,375.07,380.5545,373.8031,0.449,5.4845,-1.2669
Fri Dec 18 2026,0.6055,375.0,0.5069,339.86,375.7417,368.9607,0.4444,35.8817,29.1007
Fri Dec 18 2026,0.6055,380.0,0.5137,323.45,370.9242,364.1232,0.4395,47.4742,40.6732
Fri Dec 18 2026,0.6055,385.0,0.5204,317.28,366.1012,359.2908,0.4343,48.8212,42.0108
Fri Dec 18 2026,0.6055,390.0,0.5272,326.7,361.2852,354.4669,0.4294,34.5852,27.7669
Fri Dec 18 2026,0.6055,395.0,0.534,299.58,356.4495,349.6451,0.4236,56.8695,50.0651
Fri Dec 18 2026,0.6055,400.0,0.5407,331.57,351.656,344.8394,0.4196,20.086,13.2694
Fri Dec 18 2026,0.6055,405.0,0.5475,248.66,346.8205,340.0314,0.4138,98.1605,91.3714
Fri Dec 18 2026,0.6055,410.0,0.5542,307.65,342.0458,335.2423,0.4104,34.3958,27.5923
Fri Dec 18 2026,0.6055,415.0,0.561,326.89,337.2402,330.4535,0.4057,10.3502,3.5635
Fri Dec 18 2026,0.6055,420.0,0.5678,322.86,332.4024,325.6658,0.3998,9.5424,2.8058
Fri Dec 18 2026,0.6055,425.0,0.5745,298.64,327.6066,320.8927,0.3954,28.9666,22.2527
Fri Dec 18 2026,0.6055,430.0,0.5813,313.26,322.8186,316.1279,0.3912,9.5586,2.8679
Fri Dec 18 2026,0.6055,435.0,0.588,292.88,318.0206,311.3685,0.3866,25.1406,18.4885
Fri Dec 18 2026,0.6055,440.0,0.5948,307.05,313.224,306.6166,0.382,6.174,-0.4334
Fri Dec 18 2026,0.6055,445.0,0.6016,300.44,308.4355,301.8734,0.3776,7.9955,1.4334
Fri Dec 18 2026,0.6055,450.0,0.6083,275.23,303.6524,297.1386,0.3733,28.4224,21.9086
Fri Dec 18 2026,0.6055,455.0,0.6151,268.33,298.8681,292.4112,0.3689,30.5381,24.0812
Fri Dec 18 2026,0.6055,460.0,0.6218,273.76,294.0895,287.6925,0.3646,20.3295,13.9325
Fri Dec 18 2026,0.6055,465.0,0.6286,284.56,289.3248,282.9841,0.3606,4.7648,-1.5759
Fri Dec 18 2026,0.6055,470.0,0.6353,244.77,284.5635,278.2843,0.3566,39.7935,33.5143
Fri Dec 18 2026,0.6055,475.0,0.6421,273.76,279.8056,273.5933,0.3526,6.0456,-0.1667
Fri Dec 18 2026,0.6055,480.0,0.6489,263.88,275.0555,268.9122,0.3487,11.1755,5.0322
Fri Dec 18 2026,0.6055,485.0,0.6556,262.34,270.3003,264.2383,0.3446,7.9603,1.8983
Fri Dec 18 2026,0.6055,490.0,0.6624,257.14,265.5485,259.5737,0.3405,8.4085,2.4337
Fri Dec 18 2026,0.6055,495.0,0.6691,256.01,260.8051,254.9193,0.3365,4.7951,-1.0907
Fri Dec 18 2026,0.6055,500.0,0.6759,249.86,256.0808,250.278,0.3328,6.2208,0.418
Fri Dec 18 2026,0.6055,505.0,0.6827,245.1,251.3513,245.6442,0.3289,6.2513,0.5442
Fri Dec 18 2026,0.6055,510.0,0.6894,236.64,246.6318,241.0219,0.3251,9.9918,4.3819
Fri Dec 18 2026,0.6055,515.0,0.6962,237.27,241.9345,236.4145,0.3216,4.6645,-0.8555
Fri Dec 18 2026,0.6055,520.0,0.7029,227.5,237.2498,231.8198,0.3182,9.7498,4.3198
Fri Dec 18 2026,0.6055,525.0,0.7097,223.0,232.5604,227.2338,0.3146,9.5604,4.2338
Fri Dec 18 2026,0.6055,530.0,0.7165,207.68,227.8779,222.6592,0.311,20.1979,14.9792
Fri Dec 18 2026,0.6055,535.0,0.7232,195.63,223.2025,218.0964,0.3074,27.5725,22.4664
Fri Dec 18 2026,0.6055,540.0,0.73,212.96,218.5346,213.546,0.3038,5.5746,0.586
Fri Dec 18 2026,0.6055,545.0,0.7367,209.2,213.8886,209.0126,0.3004,4.6886,-0.1874
Fri Dec 18 2026,0.6055,550.0,0.7435,205.09,209.2371,204.4875,0.2968,4.1471,-0.6025
Fri Dec 18 2026,0.6055,555.0,0.7503,198.0,204.6397,199.9921,0.2938,6.6397,1.9921
Fri Dec 18 2026,0.6055,560.0,0.757,179.0,200.0389,195.5066,0.2906,21.0389,16.5066
Fri Dec 18 2026,0.6055,565.0,0.7638,187.45,195.4415,191.0334,0.2873,7.9915,3.5834
Fri Dec 18 2026,0.6055,570.0,0.7705,184.85,190.8558,186.5757,0.284,6.0058,1.7257
Fri Dec 18 2026,0.6055,575.0,0.7773,181.78,186.2734,182.1305,0.2806,4.4934,0.3505
Fri Dec 18 2026,0.6055,580.0,0.784,175.38,181.7214,177.7092,0.2774,6.3414,2.3292
Fri Dec 18 2026,0.6055,585.0,0.7908,170.9,177.1835,173.3055,0.2742,6.2835,2.4055
Fri Dec 18 2026,0.6055,590.0,0.7976,166.84,172.67,168.9248,0.2711,5.83,2.0848
Fri Dec 18 2026,0.6055,595.0,0.8043,150.12,168.183,164.5682,0.2681,18.063,14.4482
Fri Dec 18 2026,0.6055,600.0,0.8111,159.17,163.6924,160.2224,0.2649,4.5224,1.0524
Fri Dec 18 2026,0.6055,605.0,0.8178,153.65,158.497,155.5471,0.255,4.847,1.8971
Fri Dec 18 2026,0.6055,610.0,0.8246,150.24,154.0378,151.2319,0.252,3.7978,0.9919
Fri Dec 18 2026,0.6055,615.0,0.8314,143.77,149.6098,146.9449,0.2491,5.8398,3.1749
Fri Dec 18 2026,0.6055,620.0,0.8381,141.22,145.1797,142.6703,0.246,3.9597,1.4503
Fri Dec 18 2026,0.6055,625.0,0.8449,135.25,140.8074,138.4389,0.2432,5.5574,3.1889
Fri Dec 18 2026,0.6055,630.0,0.8516,132.28,136.4725,134.2417,0.2405,4.1925,1.9617
Fri Dec 18 2026,0.6055,635.0,0.8584,126.63,132.1384,130.0593,0.2376,5.5084,3.4293
Fri Dec 18 2026,0.6055,640.0,0.8652,125.0,127.8036,125.8905,0.2345,2.8036,0.8905
Fri Dec 18 2026,0.6055,645.0,0.8719,118.23,123.5089,121.7586,0.2315,5.2789,3.5286
Fri Dec 18 2026,0.6055,650.0,0.8787,113.33,119.2427,117.6575,0.2285,5.9127,4.3275
Fri Dec 18 2026,0.6055,655.0,0.8854,110.63,115.7878,114.0583,0.2307,5.1578,3.4283
Fri Dec 18 2026,0.6055,660.0,0.8922,107.35,111.6228,110.0555,0.2278,4.2728,2.7055
Fri Dec 18 2026,0.6055,665.0,0.899,103.3,107.396,106.0294,0.2243,4.096,2.7294
Fri Dec 18 2026,0.6055,670.0,0.9057,97.86,102.4946,101.5928,0.2165,4.6346,3.7328
Fri Dec 18 2026,0.6055,675.0,0.9125,95.28,98.3789,97.6593,0.2134,3.0989,2.3793
Fri Dec 18 2026,0.6055,680.0,0.9192,89.77,94.3016,93.7662,0.2103,4.5316,3.9962
Fri Dec 18 2026,0.6055,685.0,0.926,87.67,91.0304,90.4173,0.2115,3.3604,2.7473
Fri Dec 18 2026,0.6055,690.0,0.9327,82.2,87.0563,86.6305,0.2084,4.8563,4.4305
Fri Dec 18 2026,0.6055,695.0,0.9395,80.0,82.378,82.3881,0.2013,2.378,2.3881
Fri Dec 18 2026,0.6055,700.0,0.9463,75.03,78.4212,78.6411,0.1979,3.3912,3.6111
Fri Dec 18 2026,0.6055,705.0,0.953,70.05,74.6103,75.0107,0.195,4.5603,4.9607
Fri Dec 18 2026,0.6055,710.0,0.9598,67.53,70.8549,71.4373,0.1921,3.3249,3.9073
Fri Dec 18 2026,0.6055,715.0,0.9665,63.42,67.0761,67.8665,0.1888,3.6561,4.4465
Fri Dec 18 2026,0.6055,720.0,0.9733,59.96,63.5017,64.4583,0.1862,3.5417,4.4983
Fri Dec 18 2026,0.6055,725.0,0.9801,57.09,59.9521,61.0883,0.1834,2.8621,3.9983
Fri Dec 18 2026,0.6055,730.0,0.9868,54.48,56.5366,57.8351,0.1809,2.0566,3.3551
Fri Dec 18 2026,0.6055,735.0,0.9936,50.49,53.6345,54.9729,0.1804,3.1445,4.4829
Fri Dec 18 2026,0.6055,740.0,1.0003,47.54,49.5108,51.2537,0.174,1.9708,3.7137
Fri Dec 18 2026,0.6055,745.0,1.0071,43.98,47.0662,48.7715,0.1748,3.0862,4.7915
Fri Dec 18 2026,0.6055,750.0,1.0139,41.44,43.9499,45.8278,0.1722,2.5099,4.3878
Fri Dec 18 2026,0.6055,755.0,1.0206,37.8,40.8754,42.939,0.1694,3.0754,5.139
Fri Dec 18 2026,0.6055,760.0,1.0274,35.0,37.9144,40.1582,0.1667,2.9144,5.1582
Fri Dec 18 2026,0.6055,765.0,1.0341,32.82,35.1399,37.5402,0.1644,2.3199,4.7202
Fri Dec 18 2026,0.6055,770.0,1.0409,30.37,32.4179,34.9875,0.1619,2.0479,4.6175
Fri Dec 18 2026,0.6055,775.0,1.0477,27.23,29.8431,32.5705,0.1596,2.6131,5.3405
Fri Dec 18 2026,0.6055,780.0,1.0544,24.92,27.3951,30.275,0.1574,2.4751,5.355
Fri Dec 18 2026,0.6055,785.0,1.0612,22.7,25.0984,28.1191,0.1554,2.3984,5.4191
Fri Dec 18 2026,0.6055,790.0,1.0679,20.67,22.909,26.0711,0.1534,2.239,5.4011
Fri Dec 18 2026,0.6055,795.0,1.0747,17.78,20.8936,24.1795,0.1517,3.1136,6.3995
Fri Dec 18 2026,0.6055,800.0,1.0814,17.5,19.0068,22.411,0.1501,1.5068,4.911
Fri Dec 18 2026,0.6055,805.0,1.0882,15.6,17.2263,20.7495,0.1485,1.6263,5.1495
Fri Dec 18 2026,0.6055,810.0,1.095,14.1,15.6124,19.2368,0.1472,1.5124,5.1368
Fri Dec 18 2026,0.6055,815.0,1.1017,11.89,14.1194,17.8394,0.146,2.2294,5.9494
Fri Dec 18 2026,0.6055,820.0,1.1085,11.34,12.7248,16.541,0.1448,1.3848,5.201
Fri Dec 18 2026,0.6055,825.0,1.1152,10.4,11.4808,15.3754,0.1439,1.0808,4.9754
Fri Dec 18 2026,0.6055,830.0,1.122,8.96,10.3608,14.3221,0.1432,1.4008,5.3621
Fri Dec 18 2026,0.6055,835.0,1.1288,8.31,9.2907,13.3311,0.1423,0.9807,5.0211
Fri Dec 18 2026,0.6055,840.0,1.1355,7.23,8.3509,12.4526,0.1417,1.1209,5.2226
Fri Dec 18 2026,0.6055,845.0,1.1423,6.16,7.5008,11.6578,0.1412,1.3408,5.4978
Fri Dec 18 2026,0.6055,850.0,1.149,6.0,6.7057,10.9247,0.1406,0.7057,4.9247
Fri Dec 18 2026,0.6055,855.0,1.1558,5.31,6.0049,10.2736,0.1402,0.6949,4.9636
Fri Dec 18 2026,0.6055,860.0,1.1626,4.6,5.3771,9.6895,0.1399,0.7771,5.0895
Fri Dec 18 2026,0.6055,865.0,1.1693,3.76,4.8044,9.1608,0.1396,1.0444,5.4008
Fri Dec 18 2026,0.6055,870.0,1.1761,3.58,4.2721,8.679,0.1392,0.6921,5.099
Fri Dec 18 2026,0.6055,875.0,1.1828,3.27,3.831,8.2632,0.1392,0.561,4.9932
Fri Dec 18 2026,0.6055,880.0,1.1896,2.8,3.4109,7.8812,0.139,0.6109,5.0812
Fri Dec 18 2026,0.6055,885.0,1.1964,2.58,3.0399,7.542,0.1389,0.4599,4.962
Fri Dec 18 2026,0.6055,890.0,1.2031,2.3,2.7215,7.2426,0.139,0.4215,4.9426
Fri Dec 18 2026,0.6055,895.0,1.2099,2.06,2.4178,6.9708,0.1389,0.3578,4.9108
Fri Dec 18 2026,0.6055,900.0,1.2166,1.84,2.1516,6.7301,0.1389,0.3116,4.8901
Fri Dec 18 2026,0.6055,905.0,1.2234,1.63,1.9187,6.516,0.139,0.2887,4.886
Fri Dec 18 2026,0.6055,910.0,1.2301,1.41,1.7277,6.324,0.1394,0.3177,4.914
Fri Dec 18 2026,0.6055,915.0,1.2369,1.27,1.5379,6.1528,0.1395,0.2679,4.8828
Fri Dec 18 2026,0.6055,920.0,1.2437,1.12,1.378,5.998,0.1398,0.258,4.878
Fri Dec 18 2026,0.6055,925.0,1.2504,0.81,1.234,5.8589,0.1401,0.424,5.0489
Fri Dec 18 2026,0.6055,930.0,1.2572,0.82,1.109,5.7318,0.1405,0.289,4.9118
Fri Dec 18 2026,0.6055,935.0,1.2639,0.82,0.9922,5.6194,0.1408,0.1722,4.7994
Fri Dec 18 2026,0.6055,940.0,1.2707,0.63,0.8912,5.5157,0.1412,0.2612,4.8857
Fri Dec 18 2026,0.6055,945.0,1.2775,0.52,0.8074,5.4149,0.1418,0.2874,4.8949
Fri Dec 18 2026,0.6055,950.0,1.2842,0.47,0.7284,5.3253,0.1423,0.2584,4.8553
Fri Dec 18 2026,0.6055,955.0,1.291,0.45,0.6572,5.2431,0.1428,0.2072,4.7931
Fri Dec 18 2026,0.6055,960.0,1.2977,0.42,0.5986,5.1589,0.1435,0.1786,4.7389
Fri Dec 18 2026,0.6055,965.0,1.3045,0.32,0.5403,5.0886,0.144,0.2203,4.7686
Fri Dec 18 2026,0.6055,970.0,1.3113,0.23,0.4926,5.0141,0.1447,0.2626,4.7841
Fri Dec 18 2026,0.6055,975.0,1.318,0.31,0.4493,4.9433,0.1454,0.1393,4.6333
Fri Dec 18 2026,0.6055,980.0,1.3248,0.33,0.4122,4.8707,0.1462,0.0822,4.5407
Fri Dec 18 2026,0.6055,985.0,1.3315,0.27,0.3784,4.8006,0.147,0.1084,4.5306
Fri Dec 18 2026,0.6055,990.0,1.3383,0.25,0.3514,4.7215,0.148,0.1014,4.4715
Fri Dec 18 2026,0.6055,995.0,1.345,0.22,0.3163,4.6785,0.1484,0.0963,4.4585
Fri Dec 18 2026,0.6055,1000.0,1.3518,0.23,0.2879,4.6266,0.149,0.0579,4.3966
Thu Dec 31 2026,0.6411,460.0,0.6218,212.64,295.2171,288.768,0.3663,82.5771,76.128
Thu Dec 31 2026,0.6411,470.0,0.6353,253.11,285.7212,279.3931,0.3581,32.6112,26.2831
Thu Dec 31 2026,0.6411,480.0,0.6489,197.45,276.2332,270.0517,0.3498,78.7832,72.6017
Thu Dec 31 2026,0.6411,485.0,0.6556,247.4,271.4963,265.3951,0.3457,24.0963,17.9951
Thu Dec 31 2026,0.6411,490.0,0.6624,186.18,266.7629,260.7476,0.3416,80.5829,74.5676
Thu Dec 31 2026,0.6411,495.0,0.6691,182.97,262.0384,256.111,0.3376,79.0684,73.141
Thu Dec 31 2026,0.6411,500.0,0.6759,235.69,257.3289,251.4873,0.3338,21.6389,15.7973
Thu Dec 31 2026,0.6411,505.0,0.6827,170.06,252.6186,246.8719,0.3299,82.5586,76.8119
Thu Dec 31 2026,0.6411,510.0,0.6894,215.49,247.925,242.2704,0.3262,32.435,26.7804
Thu Dec 31 2026,0.6411,520.0,0.7029,158.18,238.5422,233.0952,0.3186,80.3622,74.9152
Thu Dec 31 2026,0.6411,525.0,0.7097,149.89,233.8726,228.5285,0.315,83.9826,78.6385
Thu Dec 31 2026,0.6411,530.0,0.7165,209.63,229.2166,223.9757,0.3115,19.5866,14.3457
Thu Dec 31 2026,0.6411,540.0,0.73,173.51,219.9205,214.9042,0.3044,46.4105,41.3942
Thu Dec 31 2026,0.6411,545.0,0.7367,137.68,215.2958,210.3916,0.301,77.6158,72.7116
Thu Dec 31 2026,0.6411,550.0,0.7435,177.14,210.6723,205.8894,0.2975,33.5323,28.7494
Thu Dec 31 2026,0.6411,555.0,0.7503,166.32,206.0661,201.4039,0.2941,39.7461,35.0839
Thu Dec 31 2026,0.6411,560.0,0.757,195.63,201.4783,196.9361,0.2908,5.8483,1.3061
Thu Dec 31 2026,0.6411,565.0,0.7638,182.58,196.8927,192.4796,0.2874,14.3127,9.8996
Thu Dec 31 2026,0.6411,570.0,0.7705,179.58,192.3271,188.042,0.2841,12.7471,8.462
Thu Dec 31 2026,0.6411,575.0,0.7773,163.02,187.783,183.6246,0.2809,24.763,20.6046
Thu Dec 31 2026,0.6411,580.0,0.784,137.07,183.2424,179.2197,0.2776,46.1724,42.1497
Thu Dec 31 2026,0.6411,585.0,0.7908,140.0,178.715,174.8318,0.2743,38.715,34.8318
Thu Dec 31 2026,0.6411,590.0,0.7976,166.99,174.2118,170.4664,0.2711,7.2218,3.4764
Thu Dec 31 2026,0.6411,595.0,0.8043,140.73,169.7345,166.1252,0.268,29.0045,25.3952
Thu Dec 31 2026,0.6411,600.0,0.8111,159.24,165.8053,162.0782,0.2696,6.5653,2.8382
Thu Dec 31 2026,0.6411,605.0,0.8178,147.45,160.8192,157.4974,0.2617,13.3692,10.0474
Thu Dec 31 2026,0.6411,610.0,0.8246,149.86,156.394,153.218,0.2586,6.534,3.358
Thu Dec 31 2026,0.6411,615.0,0.8314,140.63,151.9878,148.9609,0.2555,11.3578,8.3309
Thu Dec 31 2026,0.6411,620.0,0.8381,139.09,146.8217,144.3007,0.2462,7.7317,5.2107
Thu Dec 31 2026,0.6411,621.0,0.8395,117.07,146.4996,143.7573,0.25,29.4296,26.6873
Thu Dec 31 2026,0.6411,622.0,0.8408,89.68,145.6269,142.9145,0.2494,55.9469,53.2345
Thu Dec 31 2026,0.6411,623.0,0.8422,133.29,144.755,142.0727,0.2488,11.465,8.7827
Thu Dec 31 2026,0.6411,624.0,0.8435,134.04,143.884,141.2319,0.2482,9.844,7.1919
Thu Dec 31 2026,0.6411,625.0,0.8449,134.51,142.4568,140.0825,0.2433,7.9468,5.5725
Thu Dec 31 2026,0.6411,626.0,0.8462,63.85,142.1448,139.5534,0.247,78.2948,75.7034
Thu Dec 31 2026,0.6411,627.0,0.8476,92.19,141.2766,138.7156,0.2464,49.0866,46.5256
Thu Dec 31 2026,0.6411,628.0,0.8489,86.11,140.4893,137.9243,0.2464,54.3793,51.8143
Thu Dec 31 2026,0.6411,629.0,0.8503,111.7,139.7581,137.1658,0.2468,28.0581,25.4658
Thu Dec 31 2026,0.6411,630.0,0.8516,132.48,138.8941,136.3325,0.2462,6.4141,3.8525
Thu Dec 31 2026,0.6411,631.0,0.853,110.6,137.2473,135.0536,0.2398,26.6473,24.4536
Thu Dec 31 2026,0.6411,632.0,0.8543,106.52,136.4206,134.2408,0.2395,29.9006,27.7208
Thu Dec 31 2026,0.6411,633.0,0.8557,64.56,135.5141,133.3833,0.2386,70.9541,68.8233
Thu Dec 31 2026,0.6411,634.0,0.857,99.61,134.6899,132.5732,0.2383,35.0799,32.9632
Thu Dec 31 2026,0.6411,635.0,0.8584,125.71,133.7848,131.7173,0.2374,8.0748,6.0073
Thu Dec 31 2026,0.6411,636.0,0.8597,111.27,132.9354,130.8939,0.2369,21.6654,19.6239
Thu Dec 31 2026,0.6411,637.0,0.8611,111.3,132.0734,130.0639,0.2363,20.7734,18.7639
Thu Dec 31 2026,0.6411,638.0,0.8625,81.55,131.2123,129.2348,0.2357,49.6623,47.6848
Thu Dec 31 2026,0.6411,639.0,0.8638,56.45,130.3523,128.407,0.2351,73.9023,71.957
Thu Dec 31 2026,0.6411,640.0,0.8652,124.2,130.2795,128.0427,0.24,6.0795,3.8427
Thu Dec 31 2026,0.6411,641.0,0.8665,89.63,128.6496,126.763,0.234,39.0196,37.133
Thu Dec 31 2026,0.6411,642.0,0.8679,98.6,127.7928,125.9386,0.2334,29.1928,27.3386
Thu Dec 31 2026,0.6411,643.0,0.8692,115.8,126.966,125.1325,0.233,11.166,9.3325
Thu Dec 31 2026,0.6411,644.0,0.8706,98.1,126.0825,124.2934,0.2322,27.9825,26.1934
Thu Dec 31 2026,0.6411,645.0,0.8719,119.77,125.2435,123.4813,0.2317,5.4735,3.7113
Thu Dec 31 2026,0.6411,646.0,0.8733,119.2,124.3912,122.6618,0.2311,5.1912,3.4618
Thu Dec 31 2026,0.6411,647.0,0.8746,49.22,123.54,121.8434,0.2305,74.32,72.6234
Thu Dec 31 2026,0.6411,648.0,0.876,110.9,122.6899,121.0263,0.2299,11.7899,10.1263
Thu Dec 31 2026,0.6411,649.0,0.8773,92.64,121.8709,120.2286,0.2295,29.2309,27.5886
Thu Dec 31 2026,0.6411,650.0,0.8787,116.5,121.0383,119.4233,0.229,4.5383,2.9233
Thu Dec 31 2026,0.6411,651.0,0.88,54.13,120.1464,118.5826,0.2281,66.0164,64.4526
Thu Dec 31 2026,0.6411,652.0,0.8814,71.33,119.301,117.7705,0.2275,47.971,46.4405
Thu Dec 31 2026,0.6411,653.0,0.8827,90.7,118.4567,116.9597,0.2269,27.7567,26.2597
Thu Dec 31 2026,0.6411,654.0,0.8841,110.03,117.6136,116.1503,0.2263,7.5836,6.1203
Thu Dec 31 2026,0.6411,655.0,0.8854,111.53,117.554,115.8245,0.2307,6.024,4.2945
Thu Dec 31 2026,0.6411,656.0,0.8868,111.5,115.9311,114.5353,0.2251,4.4311,3.0353
Thu Dec 31 2026,0.6411,657.0,0.8881,88.53,115.1074,113.7393,0.2246,26.5774,25.2093
Thu Dec 31 2026,0.6411,658.0,0.8895,106.19,114.2694,112.9352,0.224,8.0794,6.7452
Thu Dec 31 2026,0.6411,659.0,0.8908,67.76,113.4326,112.1324,0.2234,45.6726,44.3724
Thu Dec 31 2026,0.6411,660.0,0.8922,105.39,113.3863,111.825,0.2277,7.9963,6.435
Thu Dec 31 2026,0.6411,661.0,0.8935,95.63,111.7629,110.531,0.2222,16.1329,14.901
Thu Dec 31 2026,0.6411,662.0,0.8949,76.11,111.7282,110.2348,0.2265,35.6182,34.1248
Thu Dec 31 2026,0.6411,663.0,0.8962,60.06,110.0984,108.9352,0.221,50.0384,48.8752
Thu Dec 31 2026,0.6411,664.0,0.8976,80.09,110.0755,108.6503,0.2253,29.9855,28.5603
Thu Dec 31 2026,0.6411,665.0,0.899,103.5,109.2344,107.8496,0.2246,5.7344,4.3496
Thu Dec 31 2026,0.6411,666.0,0.9003,96.6,108.4113,107.061,0.224,11.8113,10.461
Thu Dec 31 2026,0.6411,667.0,0.9017,48.75,107.5896,106.2736,0.2234,58.8396,57.5236
Thu Dec 31 2026,0.6411,668.0,0.903,98.5,105.9607,104.9708,0.218,7.4607,6.4708
Thu Dec 31 2026,0.6411,669.0,0.9044,57.78,105.9504,104.7036,0.2222,48.1704,46.9236
Thu Dec 31 2026,0.6411,670.0,0.9057,100.0,104.996,103.8328,0.2208,4.996,3.8328
Thu Dec 31 2026,0.6411,671.0,0.9071,82.23,104.2825,103.1175,0.2208,22.0525,20.8875
Thu Dec 31 2026,0.6411,672.0,0.9084,89.36,102.6758,101.8259,0.2156,13.3158,12.4659
Thu Dec 31 2026,0.6411,673.0,0.9098,83.15,102.6544,101.5594,0.2196,19.5044,18.4094
Thu Dec 31 2026,0.6411,674.0,0.9111,74.04,101.8426,100.7826,0.219,27.8026,26.7426
Thu Dec 31 2026,0.6411,675.0,0.9125,91.57,101.0323,100.0075,0.2184,9.4623,8.4375
Thu Dec 31 2026,0.6411,676.0,0.9138,94.25,100.2234,99.2338,0.2178,5.9734,4.9838
Thu Dec 31 2026,0.6411,677.0,0.9152,93.5,99.2564,98.3574,0.2163,5.7564,4.8574
Thu Dec 31 2026,0.6411,678.0,0.9165,90.87,98.5926,97.6799,0.2165,7.7226,6.8099
Thu Dec 31 2026,0.6411,679.0,0.9179,79.66,97.7704,96.8993,0.2158,18.1104,17.2393
Thu Dec 31 2026,0.6411,680.0,0.9192,92.69,96.231,95.6468,0.2111,3.541,2.9568
Thu Dec 31 2026,0.6411,681.0,0.9206,90.0,96.1664,95.3667,0.2146,6.1664,5.3667
Thu Dec 31 2026,0.6411,682.0,0.9219,78.0,95.3668,94.6028,0.214,17.3668,16.6028
Thu Dec 31 2026,0.6411,683.0,0.9233,75.51,93.7664,93.3082,0.209,18.2564,17.7982
Thu Dec 31 2026,0.6411,684.0,0.9246,75.56,93.7542,93.0681,0.2127,18.1942,17.5081
Thu Dec 31 2026,0.6411,685.0,0.926,84.98,92.9595,92.3094,0.2121,7.9795,7.3294
Thu Dec 31 2026,0.6411,686.0,0.9273,73.0,92.1664,91.5524,0.2115,19.1664,18.5524
Thu Dec 31 2026,0.6411,687.0,0.9287,74.75,91.3564,90.7847,0.2108,16.6064,16.0347
Thu Dec 31 2026,0.6411,688.0,0.93,66.71,90.5667,90.0311,0.2102,23.8567,23.3211
Thu Dec 31 2026,0.6411,689.0,0.9314,64.5,89.0081,88.7613,0.2055,24.5081,24.2613
Thu Dec 31 2026,0.6411,690.0,0.9327,83.02,88.1804,87.9824,0.2047,5.1604,4.9624
Thu Dec 31 2026,0.6411,691.0,0.9341,54.87,87.4298,87.256,0.2043,32.5598,32.386
Thu Dec 31 2026,0.6411,692.0,0.9355,82.68,86.6624,86.5191,0.2038,3.9824,3.8391
Thu Dec 31 2026,0.6411,693.0,0.9368,63.6,86.6252,86.2781,0.2071,23.0252,22.6781
Thu Dec 31 2026,0.6411,694.0,0.9382,60.92,85.8267,85.5224,0.2064,24.9067,24.6024
Thu Dec 31 2026,0.6411,695.0,0.9395,79.98,84.3143,84.2813,0.202,4.3343,4.3013
Thu Dec 31 2026,0.6411,696.0,0.9409,76.52,84.1764,83.9767,0.2047,7.6564,7.4567
Thu Dec 31 2026,0.6411,697.0,0.9422,75.96,83.461,83.2795,0.2044,7.501,7.3195
Thu Dec 31 2026,0.6411,698.0,0.9436,76.71,82.7284,82.5715,0.204,6.0184,5.8615
Thu Dec 31 2026,0.6411,699.0,0.9449,74.1,81.1313,81.2708,0.1992,7.0313,7.1708
Thu Dec 31 2026,0.6411,700.0,0.9463,78.21,80.4188,80.5771,0.1989,2.2088,2.3671
Thu Dec 31 2026,0.6411,701.0,0.9476,74.77,80.2854,80.2831,0.2015,5.5154,5.5131
Thu Dec 31 2026,0.6411,702.0,0.949,53.28,78.8223,79.0736,0.1974,25.5423,25.7936
Thu Dec 31 2026,0.6411,703.0,0.9503,73.91,78.0567,78.3454,0.1968,4.1467,4.4354
Thu Dec 31 2026,0.6411,704.0,0.9517,71.07,77.2932,77.6191,0.1962,6.2232,6.5491
Thu Dec 31 2026,0.6411,705.0,0.953,71.69,76.5316,76.8951,0.1956,4.8416,5.2051
Thu Dec 31 2026,0.6411,706.0,0.9544,64.85,75.7722,76.1732,0.195,10.9222,11.3232
Thu Dec 31 2026,0.6411,707.0,0.9557,59.59,75.0557,75.4818,0.1946,15.4657,15.8918
Thu Dec 31 2026,0.6411,708.0,0.9571,68.7,74.2598,74.736,0.1938,5.5598,6.036
Thu Dec 31 2026,0.6411,709.0,0.9584,57.33,73.4862,74.0062,0.1931,16.1562,16.6762
Thu Dec 31 2026,0.6411,710.0,0.9598,68.03,72.8178,73.3508,0.1929,4.7878,5.3208
Thu Dec 31 2026,0.6411,711.0,0.9611,56.97,71.9866,72.5822,0.1919,15.0166,15.6122
Thu Dec 31 2026,0.6411,712.0,0.9625,64.03,71.2402,71.8736,0.1913,7.2102,7.8436
Thu Dec 31 2026,0.6411,713.0,0.9638,60.82,71.2067,71.6676,0.1941,10.3867,10.8476
Thu Dec 31 2026,0.6411,714.0,0.9652,61.77,70.4676,70.9664,0.1935,8.6976,9.1964
Thu Dec 31 2026,0.6411,715.0,0.9665,64.02,69.7519,70.2825,0.193,5.7319,6.2625
Thu Dec 31 2026,0.6411,716.0,0.9679,53.94,69.0174,69.5861,0.1924,15.0774,15.6461
Thu Dec 31 2026,0.6411,717.0,0.9692,50.74,68.264,68.877,0.1917,17.524,18.137
Thu Dec 31 2026,0.6411,718.0,0.9706,63.23,67.5555,68.2005,0.1912,4.3255,4.9705
Thu Dec 31 2026,0.6411,719.0,0.9719,57.47,66.7853,67.4809,0.1904,9.3153,10.0109
Thu Dec 31 2026,0.6411,720.0,0.9733,61.75,66.1032,66.8247,0.19,4.3532,5.0747
Thu Dec 31 2026,0.6411,721.0,0.9747,57.0,65.3591,66.125,0.1893,8.3591,9.125
Thu Dec 31 2026,0.6411,722.0,0.976,54.56,64.6389,65.4432,0.1887,10.0789,10.8832
Thu Dec 31 2026,0.6411,723.0,0.9774,56.63,63.9212,64.7639,0.1881,7.2912,8.1339
Thu Dec 31 2026,0.6411,724.0,0.9787,54.19,62.4875,63.5729,0.1842,8.2975,9.3829
Thu Dec 31 2026,0.6411,725.0,0.9801,58.41,61.7724,62.8962,0.1836,3.3624,4.4862
Thu Dec 31 2026,0.6411,730.0,0.9868,54.0,58.2364,59.5534,0.1806,4.2364,5.5534
Thu Dec 31 2026,0.6411,735.0,0.9936,50.14,55.5574,56.8524,0.1811,5.4174,6.7124
Thu Dec 31 2026,0.6411,740.0,1.0003,47.21,52.1949,53.6792,0.1782,4.9849,6.4692
Thu Dec 31 2026,0.6411,745.0,1.0071,45.15,48.9307,50.599,0.1754,3.7807,5.449
Thu Dec 31 2026,0.6411,750.0,1.0139,42.45,45.7924,47.6333,0.1728,3.3424,5.1833
Thu Dec 31 2026,0.6411,755.0,1.0206,38.42,42.7143,44.7347,0.1701,4.2943,6.3147
Thu Dec 31 2026,0.6411,760.0,1.0274,35.06,39.7466,41.9412,0.1675,4.6866,6.8812
Thu Dec 31 2026,0.6411,765.0,1.0341,31.44,36.8933,39.2566,0.165,5.4533,7.8166
Thu Dec 31 2026,0.6411,770.0,1.0409,29.79,34.1577,36.6845,0.1626,4.3677,6.8945
Thu Dec 31 2026,0.6411,775.0,1.0477,28.31,31.543,34.2277,0.1603,3.233,5.9177
Thu Dec 31 2026,0.6411,780.0,1.0544,25.7,29.0518,31.8888,0.1581,3.3518,6.1888
Thu Dec 31 2026,0.6411,785.0,1.0612,22.86,26.7092,29.6872,0.1561,3.8492,6.8272
Thu Dec 31 2026,0.6411,790.0,1.0679,22.0,24.4702,27.5896,0.1541,2.4702,5.5896
Thu Dec 31 2026,0.6411,795.0,1.0747,19.82,22.3813,25.6307,0.1523,2.5613,5.8107
Thu Dec 31 2026,0.6411,800.0,1.0814,18.02,20.4415,23.8091,0.1507,2.4215,5.7891
Thu Dec 31 2026,0.6411,805.0,1.0882,16.35,18.605,22.0916,0.1491,2.255,5.7416
Thu Dec 31 2026,0.6411,810.0,1.095,14.87,16.9352,20.5229,0.1478,2.0652,5.6529
Thu Dec 31 2026,0.6411,815.0,1.1017,13.66,15.3644,19.054,0.1465,1.7044,5.394
Thu Dec 31 2026,0.6411,820.0,1.1085,11.57,13.9313,17.7108,0.1454,2.3613,6.1408
Thu Dec 31 2026,0.6411,825.0,1.1152,10.13,12.6106,16.4746,0.1444,2.4806,6.3446
Thu Dec 31 2026,0.6411,830.0,1.122,10.0,11.3981,15.3409,0.1435,1.3981,5.3409
Thu Dec 31 2026,0.6411,835.0,1.1288,8.2,10.3065,14.3162,0.1428,2.1065,6.1162
Thu Dec 31 2026,0.6411,840.0,1.1355,7.44,9.2944,13.3714,0.1421,1.8544,5.9314
Thu Dec 31 2026,0.6411,845.0,1.1423,6.96,8.3587,12.5034,0.1414,1.3987,5.5434
Thu Dec 31 2026,0.6411,850.0,1.149,6.33,7.5266,11.727,0.1409,1.1966,5.397
Thu Dec 31 2026,0.6411,855.0,1.1558,5.67,6.761,11.0172,0.1404,1.091,5.3472
Thu Dec 31 2026,0.6411,860.0,1.1626,4.7,6.072,10.3782,0.14,1.372,5.6782
Thu Dec 31 2026,0.6411,865.0,1.1693,4.3,5.4408,9.7972,0.1396,1.1408,5.4972
Thu Dec 31 2026,0.6411,870.0,1.1761,4.09,4.8884,9.2827,0.1394,0.7984,5.1927
Thu Dec 31 2026,0.6411,875.0,1.1828,3.66,4.3612,8.8061,0.139,0.7012,5.1461
Thu Dec 31 2026,0.6411,880.0,1.1896,2.91,3.9031,8.3862,0.1388,0.9931,5.4762
Thu Dec 31 2026,0.6411,885.0,1.1964,2.58,3.4966,8.0116,0.1387,0.9166,5.4316
Thu Dec 31 2026,0.6411,890.0,1.2031,2.29,3.1275,7.6744,0.1386,0.8375,5.3844
Thu Dec 31 2026,0.6411,895.0,1.2099,1.1,2.7928,7.3718,0.1385,1.6928,6.2718
Thu Dec 31 2026,0.6411,900.0,1.2166,2.09,2.4981,7.1026,0.1385,0.4081,5.0126
Fri Jan 15 2027,0.6822,180.0,0.2433,476.67,564.9815,561.5687,0.5439,88.3115,84.8987
Fri Jan 15 2027,0.6822,185.0,0.2501,457.22,560.1548,556.7292,0.5652,102.9348,99.5092
Fri Jan 15 2027,0.6822,190.0,0.2568,543.55,555.3268,551.8484,0.5743,11.7768,8.2984
Fri Jan 15 2027,0.6822,200.0,0.2704,481.85,545.6528,541.9829,0.5725,63.8028,60.1329
Fri Jan 15 2027,0.6822,205.0,0.2771,436.75,540.8223,537.0607,0.5725,104.0723,100.3107
Fri Jan 15 2027,0.6822,210.0,0.2839,473.8,535.9812,532.1036,0.5675,62.1812,58.3036
Fri Jan 15 2027,0.6822,215.0,0.2906,408.8,531.1458,527.1593,0.5641,122.3458,118.3593
Fri Jan 15 2027,0.6822,220.0,0.2974,471.91,526.3277,522.253,0.565,54.4177,50.343
Fri Jan 15 2027,0.6822,230.0,0.3109,461.36,516.6596,512.354,0.556,55.2996,50.994
Fri Jan 15 2027,0.6822,240.0,0.3244,440.19,507.0031,502.4727,0.5483,66.8131,62.2827
Fri Jan 15 2027,0.6822,250.0,0.338,464.12,497.3569,492.6047,0.5411,33.2369,28.4847
Fri Jan 15 2027,0.6822,255.0,0.3447,425.25,492.5299,487.6631,0.5364,67.2799,62.4131
Fri Jan 15 2027,0.6822,260.0,0.3515,395.84,487.718,482.7456,0.5337,91.878,86.9056
Fri Jan 15 2027,0.6822,265.0,0.3582,427.58,482.8807,477.7908,0.5272,55.3007,50.2108
Fri Jan 15 2027,0.6822,270.0,0.365,376.33,478.0596,472.8619,0.5228,101.7296,96.5319
Fri Jan 15 2027,0.6822,275.0,0.3717,400.5,473.2493,467.9482,0.5195,72.7493,67.4482
Fri Jan 15 2027,0.6822,280.0,0.3785,435.42,468.4272,463.0221,0.5146,33.0072,27.6021
Fri Jan 15 2027,0.6822,285.0,0.3853,369.87,463.6041,458.0987,0.5095,93.7341,88.2287
Fri Jan 15 2027,0.6822,290.0,0.392,405.2,458.7809,453.1797,0.5043,53.5809,47.9797
Fri Jan 15 2027,0.6822,295.0,0.3988,370.4,453.9677,448.2745,0.5,83.5677,77.8745
Fri Jan 15 2027,0.6822,300.0,0.4055,414.44,449.1596,443.3774,0.496,34.7196,28.9374
Fri Jan 15 2027,0.6822,305.0,0.4123,396.83,444.3321,438.4703,0.4902,47.5021,41.6403
Fri Jan 15 2027,0.6822,310.0,0.4191,391.1,439.5193,433.5796,0.4856,48.4193,42.4796
Fri Jan 15 2027,0.6822,315.0,0.4258,343.62,434.7078,428.6949,0.481,91.0878,85.0749
Fri Jan 15 2027,0.6822,320.0,0.4326,397.86,429.9002,423.8179,0.4766,32.0402,25.9579
Fri Jan 15 2027,0.6822,325.0,0.4393,339.28,425.0955,418.9477,0.4723,85.8155,79.6677
Fri Jan 15 2027,0.6822,330.0,0.4461,315.14,420.2654,414.0715,0.4662,105.1254,98.9315
Fri Jan 15 2027,0.6822,335.0,0.4529,370.5,415.4752,409.2188,0.4627,44.9752,38.7188
Fri Jan 15 2027,0.6822,340.0,0.4596,365.92,410.6663,404.364,0.4579,44.7463,38.444
Fri Jan 15 2027,0.6822,345.0,0.4664,347.0,405.867,399.5186,0.4536,58.867,52.5186
Fri Jan 15 2027,0.6822,350.0,0.4731,394.0,401.0638,394.6774,0.449,7.0638,0.6774
Fri Jan 15 2027,0.6822,355.0,0.4799,362.25,396.26,389.8419,0.4443,34.01,27.5919
Fri Jan 15 2027,0.6822,360.0,0.4867,365.4,391.4551,385.012,0.4395,26.0551,19.612
Fri Jan 15 2027,0.6822,365.0,0.4934,320.04,386.6632,380.1917,0.4353,66.6232,60.1517
Fri Jan 15 2027,0.6822,370.0,0.5002,339.0,381.8582,375.3737,0.4304,42.8582,36.3737
Fri Jan 15 2027,0.6822,375.0,0.5069,317.02,377.0605,370.5635,0.4258,60.0405,53.5435
Fri Jan 15 2027,0.6822,380.0,0.5137,342.53,372.266,365.7602,0.4213,29.736,23.2302
Fri Jan 15 2027,0.6822,385.0,0.5204,312.87,367.4729,360.963,0.4168,54.6029,48.093
Fri Jan 15 2027,0.6822,390.0,0.5272,330.76,362.6884,356.1739,0.4126,31.9284,25.4139
Fri Jan 15 2027,0.6822,395.0,0.534,256.68,357.9057,351.3911,0.4084,101.2257,94.7111
Fri Jan 15 2027,0.6822,400.0,0.5407,346.21,353.1168,346.6132,0.4039,6.9068,0.4032
Fri Jan 15 2027,0.6822,405.0,0.5475,309.26,348.3375,341.8437,0.3997,39.0775,32.5837
Fri Jan 15 2027,0.6822,410.0,0.5542,336.47,343.5484,337.0783,0.3951,7.0784,0.6083
Fri Jan 15 2027,0.6822,415.0,0.561,303.25,338.7845,332.3248,0.3913,35.5345,29.0748
Fri Jan 15 2027,0.6822,420.0,0.5678,307.5,334.0014,327.5738,0.3868,26.5014,20.0738
Fri Jan 15 2027,0.6822,425.0,0.5745,319.0,329.2294,322.8317,0.3826,10.2294,3.8317
Fri Jan 15 2027,0.6822,430.0,0.5813,287.88,324.4694,318.0991,0.3787,36.5894,30.2191
Fri Jan 15 2027,0.6822,435.0,0.588,305.45,319.7052,313.3724,0.3746,14.2552,7.9224
Fri Jan 15 2027,0.6822,440.0,0.5948,288.8,314.9469,308.6542,0.3706,26.1469,19.8542
Fri Jan 15 2027,0.6822,445.0,0.6016,297.64,310.1949,303.9444,0.3667,12.5549,6.3044
Fri Jan 15 2027,0.6822,450.0,0.6083,295.39,305.442,299.2416,0.3627,10.052,3.8516
Fri Jan 15 2027,0.6822,455.0,0.6151,269.83,300.6959,294.5477,0.3588,30.8659,24.7177
Fri Jan 15 2027,0.6822,460.0,0.6218,285.91,295.9528,289.862,0.3549,10.0428,3.952
Fri Jan 15 2027,0.6822,465.0,0.6286,222.42,291.2218,285.1868,0.3512,68.8018,62.7668
Fri Jan 15 2027,0.6822,470.0,0.6353,278.34,286.4992,280.5215,0.3476,8.1592,2.1815
Fri Jan 15 2027,0.6822,475.0,0.6421,271.73,281.7859,275.8664,0.3441,10.0559,4.1364
Fri Jan 15 2027,0.6822,480.0,0.6489,267.08,277.0823,271.2221,0.3407,10.0023,4.1421
Fri Jan 15 2027,0.6822,485.0,0.6556,262.37,272.3842,266.5877,0.3373,10.0142,4.2177
Fri Jan 15 2027,0.6822,490.0,0.6624,243.82,267.6864,261.9616,0.3338,23.8664,18.1416
Fri Jan 15 2027,0.6822,495.0,0.6691,252.97,262.9939,257.3455,0.3303,10.0239,4.3755
Fri Jan 15 2027,0.6822,500.0,0.6759,250.02,257.4502,252.5227,0.3111,7.4302,2.5027
Fri Jan 15 2027,0.6822,505.0,0.6827,243.6,253.65,248.1517,0.3237,10.05,4.5517
Fri Jan 15 2027,0.6822,510.0,0.6894,242.0,248.982,243.5692,0.3203,6.982,1.5692
Fri Jan 15 2027,0.6822,515.0,0.6962,238.21,244.3402,239.0047,0.3172,6.1302,0.7947
Fri Jan 15 2027,0.6822,520.0,0.7029,229.4,239.6866,234.445,0.3138,10.2866,5.045
Fri Jan 15 2027,0.6822,525.0,0.7097,222.52,235.0541,229.9021,0.3106,12.5341,7.3821
Fri Jan 15 2027,0.6822,530.0,0.7165,222.5,230.4084,225.3635,0.3071,7.9084,2.8635
Fri Jan 15 2027,0.6822,535.0,0.7232,196.76,225.8001,220.8485,0.304,29.0401,24.0885
Fri Jan 15 2027,0.6822,540.0,0.73,212.54,221.1859,216.3406,0.3007,8.6459,3.8006
Fri Jan 15 2027,0.6822,545.0,0.7367,207.74,216.5888,211.8493,0.2975,8.8488,4.1093
Fri Jan 15 2027,0.6822,550.0,0.7435,206.75,211.9932,207.3682,0.2942,5.2432,0.6182
Fri Jan 15 2027,0.6822,555.0,0.7503,184.13,207.4075,202.901,0.2909,23.2775,18.771
Fri Jan 15 2027,0.6822,560.0,0.757,195.0,202.8409,198.4519,0.2877,7.8409,3.4519
Fri Jan 15 2027,0.6822,565.0,0.7638,187.2,198.2855,194.0178,0.2845,11.0855,6.8178
Fri Jan 15 2027,0.6822,570.0,0.7705,188.5,193.7516,189.6038,0.2814,5.2516,1.1038
Fri Jan 15 2027,0.6822,575.0,0.7773,183.26,189.2305,185.2063,0.2783,5.9705,1.9463
Fri Jan 15 2027,0.6822,580.0,0.784,172.1,184.7229,180.8258,0.2752,12.6229,8.7258
Fri Jan 15 2027,0.6822,585.0,0.7908,175.0,180.2294,176.4628,0.2721,5.2294,1.4628
Fri Jan 15 2027,0.6822,590.0,0.7976,167.83,174.9407,171.7119,0.2615,7.1107,3.8819
Fri Jan 15 2027,0.6822,595.0,0.8043,164.46,171.3329,167.8157,0.2663,6.8729,3.3557
Fri Jan 15 2027,0.6822,600.0,0.8111,161.62,166.9107,163.5229,0.2634,5.2907,1.9029
Fri Jan 15 2027,0.6822,605.0,0.8178,150.08,162.4948,159.245,0.2604,12.4148,9.165
Fri Jan 15 2027,0.6822,610.0,0.8246,150.62,157.3044,154.5545,0.251,6.6844,3.9345
Fri Jan 15 2027,0.6822,615.0,0.8314,149.37,153.4097,150.5807,0.252,4.0397,1.2107
Fri Jan 15 2027,0.6822,620.0,0.8381,143.46,148.5032,146.0566,0.2449,5.0432,2.5966
Fri Jan 15 2027,0.6822,625.0,0.8449,139.94,144.2202,141.892,0.2425,4.2802,1.952
Fri Jan 15 2027,0.6822,630.0,0.8516,135.1,139.9783,137.7648,0.2402,4.8783,2.6648
Fri Jan 15 2027,0.6822,635.0,0.8584,130.11,135.593,133.5665,0.2367,5.483,3.4565
Fri Jan 15 2027,0.6822,640.0,0.8652,126.46,131.4349,129.5159,0.2346,4.9749,3.0559
Fri Jan 15 2027,0.6822,645.0,0.8719,121.06,127.8659,125.843,0.2361,6.8059,4.783
Fri Jan 15 2027,0.6822,650.0,0.8787,118.6,122.9531,121.356,0.2287,4.3531,2.756
Fri Jan 15 2027,0.6822,655.0,0.8854,114.32,118.6976,117.2859,0.2254,4.3776,2.9659
Fri Jan 15 2027,0.6822,660.0,0.8922,109.42,114.5523,113.2983,0.2226,5.1323,3.8783
Fri Jan 15 2027,0.6822,665.0,0.899,105.91,110.4228,109.3347,0.2197,4.5128,3.4247
Fri Jan 15 2027,0.6822,670.0,0.9057,102.0,106.2918,105.3838,0.2166,4.2918,3.3838
Fri Jan 15 2027,0.6822,675.0,0.9125,97.58,102.2124,101.4806,0.2136,4.6324,3.9006
Fri Jan 15 2027,0.6822,680.0,0.9192,94.61,99.0073,98.1781,0.2151,4.3973,3.5681
Fri Jan 15 2027,0.6822,685.0,0.926,90.17,94.2597,93.8554,0.2081,4.0897,3.6854
Fri Jan 15 2027,0.6822,690.0,0.9327,86.89,90.2977,90.0751,0.2051,3.4077,3.1851
Fri Jan 15 2027,0.6822,695.0,0.9395,82.23,86.4581,86.3943,0.2025,4.2281,4.1643
Fri Jan 15 2027,0.6822,700.0,0.9463,79.0,83.2809,83.1919,0.2029,4.2809,4.1919
Fri Jan 15 2027,0.6822,705.0,0.953,73.37,79.5122,79.597,0.2001,6.1422,6.227
Fri Jan 15 2027,0.6822,710.0,0.9598,71.22,75.0055,75.4953,0.1936,3.7855,4.2753
Fri Jan 15 2027,0.6822,715.0,0.9665,68.07,71.2177,71.9155,0.1903,3.1477,3.8455
Fri Jan 15 2027,0.6822,720.0,0.9733,64.31,67.7704,68.5972,0.1883,3.4604,4.2872
Fri Jan 15 2027,0.6822,725.0,0.9801,60.49,64.8173,65.6562,0.1882,4.3273,5.1662
Fri Jan 15 2027,0.6822,730.0,0.9868,57.4,60.5738,61.7983,0.1821,3.1738,4.3983
Fri Jan 15 2027,0.6822,735.0,0.9936,54.48,57.1628,58.563,0.1794,2.6828,4.083
Fri Jan 15 2027,0.6822,740.0,1.0003,50.58,54.5032,55.9005,0.1796,3.9232,5.3205
Fri Jan 15 2027,0.6822,745.0,1.0071,47.34,51.2194,52.8008,0.1768,3.8794,5.4608
Fri Jan 15 2027,0.6822,750.0,1.0139,45.01,48.1067,49.8483,0.1744,3.0967,4.8383
Fri Jan 15 2027,0.6822,755.0,1.0206,42.02,45.0015,46.9229,0.1717,2.9815,4.9029
Fri Jan 15 2027,0.6822,760.0,1.0274,39.14,42.0272,44.1168,0.1692,2.8872,4.9768
Fri Jan 15 2027,0.6822,765.0,1.0341,35.71,39.139,41.3975,0.1667,3.429,5.6875
Fri Jan 15 2027,0.6822,770.0,1.0409,33.61,36.3644,38.7865,0.1643,2.7544,5.1765
Fri Jan 15 2027,0.6822,775.0,1.0477,29.57,33.7064,36.2866,0.162,4.1364,6.7166
Fri Jan 15 2027,0.6822,780.0,1.0544,28.78,31.192,33.9186,0.1599,2.412,5.1386
Fri Jan 15 2027,0.6822,785.0,1.0612,26.18,28.7745,31.6483,0.1578,2.5945,5.4683
Fri Jan 15 2027,0.6822,790.0,1.0679,23.77,26.48,29.4953,0.1558,2.71,5.7253
Fri Jan 15 2027,0.6822,795.0,1.0747,22.23,24.3327,27.4781,0.154,2.1027,5.2481
Fri Jan 15 2027,0.6822,800.0,1.0814,20.33,22.309,25.5787,0.1523,1.979,5.2487
Fri Jan 15 2027,0.6822,805.0,1.0882,18.5,20.4081,23.7969,0.1507,1.9081,5.2969
Fri Jan 15 2027,0.6822,810.0,1.095,16.83,18.629,22.1311,0.1492,1.799,5.3011
Fri Jan 15 2027,0.6822,815.0,1.1017,14.84,16.9913,20.5951,0.1479,2.1513,5.7551
Fri Jan 15 2027,0.6822,820.0,1.1085,13.84,15.4699,19.1697,0.1467,1.6299,5.3297
Fri Jan 15 2027,0.6822,825.0,1.1152,12.42,14.0816,17.8657,0.1457,1.6616,5.4457
Fri Jan 15 2027,0.6822,830.0,1.122,11.22,12.7813,16.6503,0.1447,1.5613,5.4303
Fri Jan 15 2027,0.6822,835.0,1.1288,9.53,11.6048,15.5465,0.1439,2.0748,6.0165
Fri Jan 15 2027,0.6822,840.0,1.1355,8.93,10.5086,14.5237,0.1431,1.5786,5.5937
Fri Jan 15 2027,0.6822,845.0,1.1423,8.06,9.5248,13.6012,0.1425,1.4648,5.5412
Fri Jan 15 2027,0.6822,850.0,1.149,7.55,8.6126,12.7507,0.1419,1.0626,5.2007
Fri Jan 15 2027,0.6822,855.0,1.1558,6.07,7.7689,11.9689,0.1413,1.6989,5.8989
Fri Jan 15 2027,0.6822,860.0,1.1626,5.93,7.0205,11.2702,0.1409,1.0905,5.3402
Fri Jan 15 2027,0.6822,865.0,1.1693,5.47,6.3168,10.6228,0.1404,0.8468,5.1528
Fri Jan 15 2027,0.6822,870.0,1.1761,4.92,5.6973,10.0472,0.1401,0.7773,5.1272
Fri Jan 15 2027,0.6822,875.0,1.1828,4.3,5.1287,9.5228,0.1398,0.8287,5.2228
Fri Jan 15 2027,0.6822,880.0,1.1896,3.53,4.608,9.0464,0.1395,1.078,5.5164
Fri Jan 15 2027,0.6822,885.0,1.1964,3.43,4.1434,8.6199,0.1393,0.7134,5.1899
Fri Jan 15 2027,0.6822,890.0,1.2031,2.73,3.7193,8.234,0.1391,0.9893,5.504
Fri Jan 15 2027,0.6822,895.0,1.2099,2.7,3.3427,7.8892,0.139,0.6427,5.1892
Fri Jan 15 2027,0.6822,900.0,1.2166,2.53,3.0091,7.581,0.139,0.4791,5.051
Fri Jan 15 2027,0.6822,905.0,1.2234,2.07,2.6969,7.3007,0.1389,0.6269,5.2307
Fri Jan 15 2027,0.6822,910.0,1.2301,2.01,2.4295,7.0522,0.139,0.4195,5.0422
Fri Jan 15 2027,0.6822,915.0,1.2369,1.73,2.1717,6.8264,0.1389,0.4417,5.0964
Fri Jan 15 2027,0.6822,920.0,1.2437,1.61,1.9522,6.6257,0.139,0.3422,5.0157
Fri Jan 15 2027,0.6822,925.0,1.2504,1.48,1.7662,6.445,0.1393,0.2862,4.965
Fri Jan 15 2027,0.6822,930.0,1.2572,1.3,1.5852,6.2825,0.1394,0.2852,4.9825
Fri Jan 15 2027,0.6822,935.0,1.2639,1.14,1.4271,6.136,0.1396,0.2871,4.996
Fri Jan 15 2027,0.6822,940.0,1.2707,1.05,1.289,6.0027,0.1399,0.239,4.9527
Fri Jan 15 2027,0.6822,945.0,1.2775,0.86,1.1735,5.8778,0.1404,0.3135,5.0178
Fri Jan 15 2027,0.6822,950.0,1.2842,0.86,1.0595,5.7679,0.1407,0.1995,4.9079
Fri Jan 15 2027,0.6822,955.0,1.291,0.7,0.9604,5.6656,0.1411,0.2604,4.9656
Fri Jan 15 2027,0.6822,960.0,1.2977,0.69,0.8705,5.5722,0.1415,0.1805,4.8822
Fri Jan 15 2027,0.6822,965.0,1.3045,0.54,0.7889,5.4868,0.1419,0.2489,4.9468
Fri Jan 15 2027,0.6822,970.0,1.3113,0.45,0.7183,5.4049,0.1424,0.2683,4.9549
Fri Jan 15 2027,0.6822,975.0,1.318,0.53,0.6573,5.3249,0.143,0.1273,4.7949
Fri Jan 15 2027,0.6822,980.0,1.3248,0.45,0.5987,5.2541,0.1435,0.1487,4.8041
Fri Jan 15 2027,0.6822,985.0,1.3315,0.39,0.5509,5.1789,0.1442,0.1609,4.7889
Fri Jan 15 2027,0.6822,990.0,1.3383,0.32,0.5047,5.1121,0.1448,0.1847,4.7921
Fri Jan 15 2027,0.6822,995.0,1.345,0.34,0.4625,5.0487,0.1454,0.1225,4.7087
Fri Jan 15 2027,0.6822,1000.0,1.3518,0.34,0.4307,4.9727,0.1463,0.0907,4.6327
Fri Jan 15 2027,0.6822,1010.0,1.3653,0.23,0.359,4.8706,0.1473,0.129,4.6406
Fri Jan 15 2027,0.6822,1020.0,1.3788,0.21,0.3112,4.7367,0.149,0.1012,4.5267
Fri Jan 15 2027,0.6822,1030.0,1.3924,0.18,0.2678,4.6194,0.1505,0.0878,4.4394
Fri Jan 15 2027,0.6822,1040.0,1.4059,0.15,0.2311,4.5057,0.152,0.0811,4.3557
Fri Jan 15 2027,0.6822,1050.0,1.4194,0.14,0.2012,4.3878,0.1536,0.0612,4.2478
Fri Jan 15 2027,0.6822,1060.0,1.4329,0.12,0.182,4.2279,0.1558,0.062,4.1079
Fri Jan 15 2027,0.6822,1070.0,1.4464,0.08,0.1576,4.1249,0.1572,0.0776,4.0449
Fri Jan 15 2027,0.6822,1080.0,1.46,0.1,0.1328,4.0611,0.1581,0.0328,3.9611
Fri Jan 15 2027,0.6822,1090.0,1.4735,0.1,0.1339,3.7714,0.1619,0.0339,3.6714
Fri Jan 15 2027,0.6822,1100.0,1.487,0.09,0.1208,3.625,0.1638,0.0308,3.535
Fri Jan 15 2027,0.6822,1110.0,1.5005,0.08,0.1135,3.4264,0.1663,0.0335,3.3464
Fri Jan 15 2027,0.6822,1120.0,1.514,0.09,0.1012,3.299,0.1679,0.0112,3.209
Fri Jan 15 2027,0.6822,1130.0,1.5275,0.05,0.0957,3.0918,0.1704,0.0457,3.0418
Fri Jan 15 2027,0.6822,1140.0,1.5411,0.06,0.0833,3.0032,0.1715,0.0233,2.9432
Fri Jan 15 2027,0.6822,1150.0,1.5546,0.06,0.0834,2.7158,0.1748,0.0234,2.6558
Fri Jan 15 2027,0.6822,1160.0,1.5681,0.03,0.0763,2.558,0.1766,0.0463,2.528
Fri Jan 15 2027,0.6822,1170.0,1.5816,0.04,0.0763,2.2659,0.1798,0.0363,2.2259
Fri Jan 15 2027,0.6822,1180.0,1.5951,0.04,0.0636,2.2521,0.18,0.0236,2.2121
Fri Jan 15 2027,0.6822,1190.0,1.6087,0.02,0.0701,1.8035,0.1847,0.0501,1.7835
Fri Jan 15 2027,0.6822,1200.0,1.6222,0.04,0.0638,1.658,0.1862,0.0238,1.618
Fri Jan 15 2027,0.6822,1210.0,1.6357,0.03,0.051,1.7206,0.1856,0.021,1.6906
Fri Jan 15 2027,0.6822,1220.0,1.6492,0.02,0.0515,1.4106,0.1887,0.0315,1.3906
Fri Jan 15 2027,0.6822,1230.0,1.6627,0.03,0.0573,0.9274,0.1934,0.0273,0.8974
Fri Jan 15 2027,0.6822,1240.0,1.6762,0.02,0.0511,0.8202,0.1944,0.0311,0.8002
Fri Jan 15 2027,0.6822,1250.0,1.6898,0.04,0.0388,0.9881,0.1928,-0.0012,0.9481
Fri Jan 15 2027,0.6822,1260.0,1.7033,0.02,0.0448,0.4404,0.1979,0.0248,0.4204
Fri Jan 15 2027,0.6822,1270.0,1.7168,0.02,0.0448,0.1304,0.2007,0.0248,0.1104
Fri Jan 15 2027,0.6822,1290.0,1.7438,0.02,0.0383,0.0,0.2036,0.0183,-0.02
Fri Jan 15 2027,0.6822,1300.0,1.7574,0.03,0.0384,0.0,0.2063,0.0084,-0.03
Fri Jan 15 2027,0.6822,1310.0,1.7709,0.02,0.0321,0.0,0.206,0.0121,-0.02
Fri Jan 15 2027,0.6822,1320.0,1.7844,0.02,0.0321,0.0,0.2086,0.0121,-0.02
Fri Jan 15 2027,0.6822,1330.0,1.7979,0.02,0.0319,0.0,0.2111,0.0119,-0.02
Fri Mar 19 2027,0.8548,250.0,0.338,475.1,499.7031,494.9645,0.5442,24.6031,19.8645
Fri Mar 19 2027,0.8548,260.0,0.3515,456.99,490.136,485.156,0.5316,33.146,28.166
Fri Mar 19 2027,0.8548,330.0,0.4461,387.8,423.3714,417.2675,0.4566,35.5714,29.4675
Fri Mar 19 2027,0.8548,335.0,0.4529,329.38,418.5479,412.4351,0.449,89.1679,83.0551
Fri Mar 19 2027,0.8548,340.0,0.4596,305.5,413.8561,407.6784,0.4468,108.3561,102.1784
Fri Mar 19 2027,0.8548,345.0,0.4664,319.75,409.0544,402.8704,0.4402,89.3044,83.1204
Fri Mar 19 2027,0.8548,350.0,0.4731,396.5,404.3503,398.1166,0.4373,7.8503,1.6166
Fri Mar 19 2027,0.8548,355.0,0.4799,324.69,399.5574,393.3251,0.4311,74.8674,68.6351
Fri Mar 19 2027,0.8548,360.0,0.4867,294.64,394.8555,388.5819,0.4281,100.2155,93.9419
Fri Mar 19 2027,0.8548,365.0,0.4934,336.12,390.0667,383.8042,0.4221,53.9467,47.6842
Fri Mar 19 2027,0.8548,370.0,0.5002,362.72,385.3761,379.0759,0.4193,22.6561,16.3559
Fri Mar 19 2027,0.8548,380.0,0.5137,326.4,375.891,369.5891,0.4102,49.491,43.1891
Fri Mar 19 2027,0.8548,385.0,0.5204,285.05,371.1547,364.8567,0.4058,86.1047,79.8067
Fri Mar 19 2027,0.8548,390.0,0.5272,298.05,366.4159,360.1288,0.4013,68.3659,62.0788
Fri Mar 19 2027,0.8548,400.0,0.5407,327.9,356.9519,350.6959,0.3926,29.0519,22.7959
Fri Mar 19 2027,0.8548,410.0,0.5542,243.81,347.5086,341.2948,0.3843,103.6986,97.4848
Fri Mar 19 2027,0.8548,415.0,0.561,239.22,342.7957,336.6067,0.3803,103.5757,97.3867
Fri Mar 19 2027,0.8548,420.0,0.5678,307.49,338.0759,331.9219,0.3761,30.5859,24.4319
Fri Mar 19 2027,0.8548,425.0,0.5745,301.11,333.3805,327.2529,0.3724,32.2705,26.1429
Fri Mar 19 2027,0.8548,430.0,0.5813,293.85,328.6737,322.5856,0.3684,34.8237,28.7356
Fri Mar 19 2027,0.8548,435.0,0.588,268.87,323.9739,317.9274,0.3645,55.1039,49.0574
Fri Mar 19 2027,0.8548,440.0,0.5948,232.19,319.2765,313.2766,0.3606,87.0865,81.0866
Fri Mar 19 2027,0.8548,445.0,0.6016,233.03,314.5814,308.633,0.3567,81.5514,75.603
Fri Mar 19 2027,0.8548,450.0,0.6083,288.0,309.8996,304.0015,0.353,21.8996,16.0015
Fri Mar 19 2027,0.8548,455.0,0.6151,223.7,305.2154,299.3755,0.3492,81.5154,75.6755
Fri Mar 19 2027,0.8548,460.0,0.6218,263.59,300.5456,294.7622,0.3456,36.9556,31.1722
Fri Mar 19 2027,0.8548,465.0,0.6286,251.03,295.8854,290.1596,0.3421,44.8554,39.1296
Fri Mar 19 2027,0.8548,470.0,0.6353,258.41,291.2294,285.5657,0.3386,32.8194,27.1557
Fri Mar 19 2027,0.8548,475.0,0.6421,229.03,286.5713,280.9778,0.335,57.5413,51.9478
Fri Mar 19 2027,0.8548,480.0,0.6489,263.25,281.9304,276.4044,0.3316,18.6804,13.1544
Fri Mar 19 2027,0.8548,485.0,0.6556,195.0,277.2944,271.8401,0.3282,82.2944,76.8401
Fri Mar 19 2027,0.8548,490.0,0.6624,207.04,272.6494,267.279,0.3246,65.6094,60.239
Fri Mar 19 2027,0.8548,495.0,0.6691,186.98,268.0232,262.7334,0.3212,81.0432,75.7534
Fri Mar 19 2027,0.8548,500.0,0.6759,252.0,263.4023,258.1975,0.3178,11.4023,6.1975
Fri Mar 19 2027,0.8548,505.0,0.6827,240.0,258.7948,253.6751,0.3145,18.7948,13.6751
Fri Mar 19 2027,0.8548,510.0,0.6894,244.09,254.2014,249.1668,0.3113,10.1114,5.0768
Fri Mar 19 2027,0.8548,515.0,0.6962,237.0,249.6233,244.6734,0.3082,12.6233,7.6734
Fri Mar 19 2027,0.8548,520.0,0.7029,233.08,245.0528,240.1912,0.3051,11.9728,7.1112
Fri Mar 19 2027,0.8548,525.0,0.7097,227.87,240.4991,235.7253,0.3021,12.6291,7.8553
Fri Mar 19 2027,0.8548,530.0,0.7165,195.58,235.9451,231.2672,0.299,40.3651,35.6872
Fri Mar 19 2027,0.8548,535.0,0.7232,223.85,231.3995,226.8213,0.2959,7.5495,2.9713
Fri Mar 19 2027,0.8548,540.0,0.73,219.1,226.8628,222.3879,0.2928,7.7628,3.2879
Fri Mar 19 2027,0.8548,545.0,0.7367,195.99,222.3452,217.9727,0.2898,26.3552,21.9827
Fri Mar 19 2027,0.8548,550.0,0.7435,210.86,217.8377,213.5709,0.2868,6.9777,2.7109
Fri Mar 19 2027,0.8548,555.0,0.7503,181.59,213.3621,209.1946,0.284,31.7721,27.6046
Fri Mar 19 2027,0.8548,560.0,0.757,196.9,208.9208,204.8459,0.2814,12.0208,7.9459
Fri Mar 19 2027,0.8548,565.0,0.7638,190.65,204.4822,200.5077,0.2787,13.8322,9.8577
Fri Mar 19 2027,0.8548,570.0,0.7705,187.62,200.0456,196.1797,0.2759,12.4256,8.5597
Fri Mar 19 2027,0.8548,575.0,0.7773,182.22,195.6105,191.8613,0.273,13.3905,9.6413
Fri Mar 19 2027,0.8548,580.0,0.784,183.62,191.1888,187.5596,0.2701,7.5688,3.9396
Fri Mar 19 2027,0.8548,585.0,0.7908,173.83,186.7939,183.2825,0.2673,12.9639,9.4525
Fri Mar 19 2027,0.8548,590.0,0.7976,163.0,182.4277,179.0316,0.2646,19.4277,16.0316
Fri Mar 19 2027,0.8548,595.0,0.8043,168.27,178.0643,174.7919,0.2618,9.7943,6.5219
Fri Mar 19 2027,0.8548,600.0,0.8111,166.69,173.7458,170.5888,0.2592,7.0558,3.8988
Fri Mar 19 2027,0.8548,605.0,0.8178,149.5,169.446,166.4071,0.2566,19.946,16.9071
Fri Mar 19 2027,0.8548,610.0,0.8246,160.07,165.1359,162.2288,0.2538,5.0659,2.1588
Fri Mar 19 2027,0.8548,615.0,0.8314,155.85,160.8444,158.0719,0.251,4.9944,2.2219
Fri Mar 19 2027,0.8548,620.0,0.8381,151.0,156.604,153.9574,0.2484,5.604,2.9574
Fri Mar 19 2027,0.8548,625.0,0.8449,143.33,152.353,149.8463,0.2456,9.023,6.5163
Fri Mar 19 2027,0.8548,630.0,0.8516,142.0,148.1565,145.7805,0.243,6.1565,3.7805
Fri Mar 19 2027,0.8548,635.0,0.8584,115.75,143.9838,141.741,0.2404,28.2338,25.991
Fri Mar 19 2027,0.8548,640.0,0.8652,131.0,139.8358,137.7285,0.2378,8.8358,6.7285
Fri Mar 19 2027,0.8548,645.0,0.8719,123.23,135.6956,133.732,0.2351,12.4656,10.502
Fri Mar 19 2027,0.8548,650.0,0.8787,124.79,131.5813,129.7636,0.2324,6.7913,4.9736
Fri Mar 19 2027,0.8548,655.0,0.8854,118.79,127.494,125.8245,0.2297,8.704,7.0345
Fri Mar 19 2027,0.8548,660.0,0.8922,116.0,123.4349,121.9159,0.227,7.4349,5.9159
Fri Mar 19 2027,0.8548,665.0,0.899,110.77,119.4252,118.0526,0.2244,8.6552,7.2826
Fri Mar 19 2027,0.8548,670.0,0.9057,110.64,115.4676,114.2373,0.2219,4.8276,3.5973
Fri Mar 19 2027,0.8548,675.0,0.9125,100.82,111.5022,110.4284,0.2192,10.6822,9.6084
Fri Mar 19 2027,0.8548,680.0,0.9192,102.26,107.5064,106.6095,0.2162,5.2464,4.3495
Fri Mar 19 2027,0.8548,685.0,0.926,97.69,103.6734,102.9184,0.2138,5.9834,5.2284
Fri Mar 19 2027,0.8548,690.0,0.9327,93.74,99.5027,98.9965,0.2097,5.7627,5.2565
Fri Mar 19 2027,0.8548,695.0,0.9395,89.45,95.9683,95.5457,0.2083,6.5183,6.0957
Fri Mar 19 2027,0.8548,700.0,0.9463,87.24,91.3567,91.3234,0.202,4.1167,4.0834
Fri Mar 19 2027,0.8548,705.0,0.953,81.59,88.4918,88.3896,0.2031,6.9018,6.7996
Fri Mar 19 2027,0.8548,710.0,0.9598,79.71,84.7953,84.862,0.2004,5.0853,5.152
Fri Mar 19 2027,0.8548,715.0,0.9665,75.94,80.2939,80.7498,0.1942,4.3539,4.8098
Fri Mar 19 2027,0.8548,720.0,0.9733,72.92,76.7015,77.3233,0.1916,3.7815,4.4033
Fri Mar 19 2027,0.8548,725.0,0.9801,70.02,73.2855,74.0432,0.1895,3.2655,4.0232
Fri Mar 19 2027,0.8548,730.0,0.9868,66.17,69.7232,70.668,0.1866,3.5532,4.498
Fri Mar 19 2027,0.8548,735.0,0.9936,62.53,66.2917,67.4061,0.184,3.7617,4.8761
Fri Mar 19 2027,0.8548,740.0,1.0003,59.62,63.1532,64.382,0.1823,3.5332,4.762
Fri Mar 19 2027,0.8548,745.0,1.0071,55.92,60.529,61.766,0.1823,4.609,5.846
Fri Mar 19 2027,0.8548,750.0,1.0139,53.97,57.3685,58.7595,0.18,3.3985,4.7895
Fri Mar 19 2027,0.8548,755.0,1.0206,49.77,54.1668,55.7379,0.1773,4.3968,5.9679
Fri Mar 19 2027,0.8548,760.0,1.0274,47.05,51.1133,52.8467,0.1749,4.0633,5.7967
Fri Mar 19 2027,0.8548,765.0,1.0341,44.69,48.1576,50.0478,0.1726,3.4676,5.3578
Fri Mar 19 2027,0.8548,770.0,1.0409,41.82,45.3026,47.3442,0.1704,3.4826,5.5242
Fri Mar 19 2027,0.8548,775.0,1.0477,39.29,42.5236,44.7175,0.1682,3.2336,5.4275
Fri Mar 19 2027,0.8548,780.0,1.0544,36.95,39.8228,42.1697,0.166,2.8728,5.2197
Fri Mar 19 2027,0.8548,785.0,1.0612,34.21,37.2297,39.7241,0.1639,3.0197,5.5141
Fri Mar 19 2027,0.8548,790.0,1.0679,31.35,34.7733,37.4033,0.162,3.4233,6.0533
Fri Mar 19 2027,0.8548,795.0,1.0747,28.85,32.4274,35.1876,0.1602,3.5774,6.3376
Fri Mar 19 2027,0.8548,800.0,1.0814,27.4,30.1397,33.037,0.1583,2.7397,5.637
Fri Mar 19 2027,0.8548,805.0,1.0882,25.18,27.9649,30.9937,0.1565,2.7849,5.8137
Fri Mar 19 2027,0.8548,810.0,1.095,22.13,25.9555,29.0975,0.155,3.8255,6.9675
Fri Mar 19 2027,0.8548,815.0,1.1017,20.54,24.0318,27.2876,0.1535,3.4918,6.7476
Fri Mar 19 2027,0.8548,820.0,1.1085,20.18,22.1939,25.5643,0.152,2.0139,5.3843
Fri Mar 19 2027,0.8548,825.0,1.1152,18.29,20.5161,23.9827,0.1508,2.2261,5.6927
Fri Mar 19 2027,0.8548,830.0,1.122,16.78,18.9206,22.4841,0.1496,2.1406,5.7041
Fri Mar 19 2027,0.8548,835.0,1.1288,14.75,17.4304,21.0848,0.1485,2.6804,6.3348
Fri Mar 19 2027,0.8548,840.0,1.1355,13.77,16.0425,19.7821,0.1475,2.2725,6.0121
Fri Mar 19 2027,0.8548,845.0,1.1423,12.6,14.7535,18.5725,0.1466,2.1535,5.9725
Fri Mar 19 2027,0.8548,850.0,1.149,11.95,13.5814,17.4675,0.1459,1.6314,5.5175
Fri Mar 19 2027,0.8548,855.0,1.1558,10.17,12.4576,16.4176,0.1451,2.2876,6.2476
Fri Mar 19 2027,0.8548,860.0,1.1626,7.75,11.4224,15.4503,0.1444,3.6724,7.7003
Fri Mar 19 2027,0.8548,865.0,1.1693,8.62,10.4714,14.5613,0.1438,1.8514,5.9413
Fri Mar 19 2027,0.8548,870.0,1.1761,6.41,9.6186,13.7579,0.1434,3.2086,7.3479
Fri Mar 19 2027,0.8548,875.0,1.1828,7.09,8.8039,12.9992,0.1429,1.7139,5.9092
Fri Mar 19 2027,0.8548,880.0,1.1896,6.45,8.044,12.2957,0.1424,1.594,5.8457
Fri Mar 19 2027,0.8548,885.0,1.1964,5.86,7.3528,11.6547,0.142,1.4928,5.7947
Fri Mar 19 2027,0.8548,890.0,1.2031,5.37,6.7257,11.0715,0.1417,1.3557,5.7015
Fri Mar 19 2027,0.8548,895.0,1.2099,4.92,6.1285,10.525,0.1413,1.2085,5.605
Fri Mar 19 2027,0.8548,900.0,1.2166,4.75,5.5892,10.0299,0.141,0.8392,5.2799
Fri Mar 19 2027,0.8548,905.0,1.2234,4.32,5.1031,9.5818,0.1408,0.7831,5.2618
Fri Mar 19 2027,0.8548,910.0,1.2301,3.63,4.6534,9.1702,0.1406,1.0234,5.5402
Fri Mar 19 2027,0.8548,915.0,1.2369,2.61,4.238,8.7929,0.1404,1.628,6.1829
Fri Mar 19 2027,0.8548,920.0,1.2437,3.25,3.8548,8.448,0.1402,0.6048,5.198
Fri Mar 19 2027,0.8548,925.0,1.2504,2.67,3.5229,8.1411,0.1402,0.8529,5.4711
Fri Mar 19 2027,0.8548,930.0,1.2572,1.41,3.2169,7.8601,0.1402,1.8069,6.4501
Fri Mar 19 2027,0.8548,935.0,1.2639,1.79,2.9255,7.6005,0.1401,1.1355,5.8105
Fri Mar 19 2027,0.8548,940.0,1.2707,0.89,2.6755,7.3686,0.1402,1.7855,6.4786
Fri Mar 19 2027,0.8548,945.0,1.2775,1.85,2.4453,7.1565,0.1403,0.5953,5.3065
Fri Mar 19 2027,0.8548,950.0,1.2842,1.51,2.2336,6.9627,0.1404,0.7236,5.4527
Fri Mar 19 2027,0.8548,955.0,1.291,0.99,2.0463,6.7864,0.1406,1.0563,5.7964
Fri Mar 19 2027,0.8548,960.0,1.2977,1.44,1.8671,6.625,0.1407,0.4271,5.185
Fri Mar 19 2027,0.8548,965.0,1.3045,1.27,1.7091,6.4777,0.1409,0.4391,5.2077
Fri Mar 19 2027,0.8548,970.0,1.3113,1.05,1.5701,6.3421,0.1412,0.5201,5.2921
Fri Mar 19 2027,0.8548,975.0,1.318,1.2,1.4479,6.216,0.1416,0.2479,5.016
Fri Mar 19 2027,0.8548,980.0,1.3248,1.0,1.3299,6.1008,0.1419,0.3299,5.1008
Fri Mar 19 2027,0.8548,985.0,1.3315,0.44,1.2213,5.9948,0.1422,0.7813,5.5548
Fri Mar 19 2027,0.8548,990.0,1.3383,0.77,1.1263,5.8949,0.1426,0.3563,5.1249
Fri Mar 19 2027,0.8548,995.0,1.345,0.76,1.0477,5.7964,0.1432,0.2877,5.0364
Fri Mar 19 2027,0.8548,1000.0,1.3518,0.75,0.9708,5.7064,0.1437,0.2208,4.9564
Fri Mar 19 2027,0.8548,1010.0,1.3653,0.39,0.8304,5.5459,0.1446,0.4404,5.1559
Fri Mar 19 2027,0.8548,1020.0,1.3788,0.45,0.7143,5.4005,0.1456,0.2643,4.9505
Fri Mar 19 2027,0.8548,1030.0,1.3924,0.27,0.6153,5.2704,0.1466,0.3453,5.0004
Fri Mar 19 2027,0.8548,1040.0,1.4059,0.3,0.536,5.1425,0.1478,0.236,4.8425
Fri Mar 19 2027,0.8548,1050.0,1.4194,0.34,0.4702,5.0179,0.1491,0.1302,4.6779
Fri Mar 19 2027,0.8548,1060.0,1.4329,0.29,0.4113,4.9058,0.1503,0.1213,4.6158
Fri Mar 19 2027,0.8548,1070.0,1.4464,0.19,0.3644,4.7869,0.1517,0.1744,4.5969
Fri Mar 19 2027,0.8548,1080.0,1.46,0.21,0.3149,4.7043,0.1526,0.1049,4.4943
Fri Mar 19 2027,0.8548,1090.0,1.4735,0.2,0.2803,4.5927,0.154,0.0803,4.3927
Fri Mar 19 2027,0.8548,1100.0,1.487,0.15,0.2473,4.4971,0.1552,0.0973,4.3471
Fri Mar 19 2027,0.8548,1110.0,1.5005,0.13,0.2275,4.3518,0.1571,0.0975,4.2218
Fri Mar 19 2027,0.8548,1120.0,1.514,0.14,0.2029,4.2503,0.1584,0.0629,4.1103
Fri Mar 19 2027,0.8548,1140.0,1.5411,0.07,0.1664,4.0161,0.1614,0.0964,3.9461
Fri Mar 19 2027,0.8548,1160.0,1.5681,0.1,0.1412,3.7435,0.1648,0.0412,3.6435
Fri Mar 19 2027,0.8548,1170.0,1.5816,0.1,0.1283,3.6297,0.1662,0.0283,3.5297
Fri Mar 19 2027,0.8548,1190.0,1.6087,0.09,0.1154,3.2804,0.1703,0.0254,3.1904
Fri Mar 19 2027,0.8548,1200.0,1.6222,0.07,0.1089,3.1134,0.1722,0.0389,3.0434
Fri Mar 19 2027,0.8548,1210.0,1.6357,0.06,0.103,2.9429,0.1741,0.043,2.8829
Fri Mar 19 2027,0.8548,1220.0,1.6492,0.03,0.0965,2.7879,0.1758,0.0665,2.7579
Fri Mar 19 2027,0.8548,1230.0,1.6627,0.07,0.0907,2.6297,0.1775,0.0207,2.5597
Fri Mar 19 2027,0.8548,1240.0,1.6762,0.05,0.0843,2.4882,0.179,0.0343,2.4382
Fri Mar 19 2027,0.8548,1250.0,1.6898,0.05,0.0776,2.3642,0.1803,0.0276,2.3142
Fri Mar 19 2027,0.8548,1270.0,1.7168,0.06,0.0712,1.9859,0.1841,0.0112,1.9259
Fri Mar 19 2027,0.8548,1280.0,1.7303,0.04,0.0647,1.8855,0.1851,0.0247,1.8455
Fri Mar 19 2027,0.8548,1290.0,1.7438,0.06,0.0647,1.6237,0.1876,0.0047,1.5637
Fri Mar 19 2027,0.8548,1300.0,1.7574,0.05,0.0647,1.3561,0.1901,0.0147,1.3061
Fri Mar 19 2027,0.8548,1310.0,1.7709,0.04,0.0585,1.2692,0.1909,0.0185,1.2292
Fri Mar 19 2027,0.8548,1320.0,1.7844,0.05,0.0584,1.0036,0.1933,0.0084,0.9536
Fri Mar 19 2027,0.8548,1330.0,1.7979,0.03,0.052,0.9464,0.1938,0.022,0.9164
Fri Mar 19 2027,0.8548,1340.0,1.8114,0.04,0.0521,0.6726,0.1962,0.0121,0.6326
Wed Mar 31 2027,0.8877,250.0,0.338,487.48,499.7535,494.9241,0.5091,12.2735,7.4441
Wed Mar 31 2027,0.8877,350.0,0.4731,320.01,404.5267,398.5802,0.4185,84.5167,78.5702
Wed Mar 31 2027,0.8877,400.0,0.5407,345.19,357.141,351.2675,0.3766,11.951,6.0775
Wed Mar 31 2027,0.8877,450.0,0.6083,296.58,310.7254,304.8915,0.351,14.1454,8.3115
Wed Mar 31 2027,0.8877,455.0,0.6151,253.96,305.7243,300.142,0.3415,51.7643,46.182
Wed Mar 31 2027,0.8877,470.0,0.6353,191.0,292.1069,286.5075,0.3368,101.1069,95.5075
Wed Mar 31 2027,0.8877,490.0,0.6624,174.0,273.5661,268.2664,0.3228,99.5661,94.2664
Wed Mar 31 2027,0.8877,500.0,0.6759,214.47,264.354,259.2149,0.3162,49.884,44.7449
Wed Mar 31 2027,0.8877,505.0,0.6827,251.02,259.7647,254.7079,0.313,8.7447,3.6879
Wed Mar 31 2027,0.8877,510.0,0.6894,157.0,255.1903,250.2154,0.3099,98.1903,93.2154
Wed Mar 31 2027,0.8877,520.0,0.7029,237.75,246.0546,241.2595,0.3036,8.3046,3.5095
Wed Mar 31 2027,0.8877,525.0,0.7097,219.11,241.4933,236.7961,0.3004,22.3833,17.6861
Wed Mar 31 2027,0.8877,530.0,0.7165,141.0,236.9583,232.3539,0.2974,95.9583,91.3539
Wed Mar 31 2027,0.8877,540.0,0.73,194.75,227.9154,223.5069,0.2914,33.1654,28.7569
Wed Mar 31 2027,0.8877,545.0,0.7367,191.54,223.408,219.1028,0.2884,31.868,27.5628
Wed Mar 31 2027,0.8877,550.0,0.7435,207.55,218.932,214.7238,0.2856,11.382,7.1738
Wed Mar 31 2027,0.8877,555.0,0.7503,193.12,214.5009,210.378,0.2831,21.3809,17.258
Wed Mar 31 2027,0.8877,560.0,0.757,177.75,210.0379,206.0232,0.2802,32.2879,28.2732
Wed Mar 31 2027,0.8877,570.0,0.7705,194.29,201.1598,197.3658,0.2745,6.8698,3.0758
Wed Mar 31 2027,0.8877,575.0,0.7773,164.38,196.7462,193.0648,0.2717,32.3662,28.6848
Wed Mar 31 2027,0.8877,580.0,0.784,143.61,192.3335,188.7728,0.2688,48.7235,45.1628
Wed Mar 31 2027,0.8877,585.0,0.7908,140.05,187.961,184.5136,0.2661,47.911,44.4636
Wed Mar 31 2027,0.8877,590.0,0.7976,158.59,183.6316,180.2895,0.2636,25.0416,21.6995
Wed Mar 31 2027,0.8877,592.0,0.8003,142.73,182.4084,178.9144,0.2662,39.6784,36.1844
Wed Mar 31 2027,0.8877,593.0,0.8016,141.6,181.5916,178.1024,0.266,39.9916,36.5024
Wed Mar 31 2027,0.8877,594.0,0.803,141.75,180.6762,177.23,0.2651,38.9262,35.48
Wed Mar 31 2027,0.8877,595.0,0.8043,135.54,179.2636,176.0511,0.2607,43.7236,40.5111
Wed Mar 31 2027,0.8877,597.0,0.807,165.89,178.1337,174.741,0.2638,12.2437,8.851
Wed Mar 31 2027,0.8877,598.0,0.8084,169.21,177.2783,173.9073,0.2633,8.0683,4.6973
Wed Mar 31 2027,0.8877,599.0,0.8097,168.29,176.3502,173.0283,0.2623,8.0602,4.7383
Wed Mar 31 2027,0.8877,600.0,0.8111,166.96,174.9691,171.8672,0.2582,8.0091,4.9072
Wed Mar 31 2027,0.8877,601.0,0.8124,165.94,174.6275,171.3551,0.2612,8.6875,5.4151
Wed Mar 31 2027,0.8877,602.0,0.8138,162.93,173.7597,170.515,0.2606,10.8297,7.585
Wed Mar 31 2027,0.8877,603.0,0.8151,140.77,172.9076,169.685,0.2601,32.1376,28.915
Wed Mar 31 2027,0.8877,604.0,0.8165,139.42,172.0562,168.856,0.2596,32.6362,29.436
Wed Mar 31 2027,0.8877,605.0,0.8178,162.54,170.6639,167.6862,0.2555,8.1239,5.1462
Wed Mar 31 2027,0.8877,607.0,0.8205,138.8,169.4763,166.3549,0.2579,30.6763,27.5549
Wed Mar 31 2027,0.8877,608.0,0.8219,154.23,168.628,165.5293,0.2574,14.398,11.2993
Wed Mar 31 2027,0.8877,609.0,0.8233,136.25,167.765,164.6948,0.2568,31.515,28.4448
Wed Mar 31 2027,0.8877,610.0,0.8246,135.57,166.3463,163.5066,0.2526,30.7763,27.9366
Wed Mar 31 2027,0.8877,611.0,0.826,111.33,166.1193,163.0783,0.2561,54.7893,51.7483
Wed Mar 31 2027,0.8877,612.0,0.8273,106.31,165.2116,162.2163,0.2552,58.9016,55.9063
Wed Mar 31 2027,0.8877,615.0,0.8314,154.54,162.1249,159.3978,0.2502,7.5849,4.8578
Wed Mar 31 2027,0.8877,617.0,0.8341,144.97,160.9664,158.0998,0.2525,15.9964,13.1298
Wed Mar 31 2027,0.8877,618.0,0.8354,139.09,160.175,157.3151,0.2523,21.085,18.2251
Wed Mar 31 2027,0.8877,619.0,0.8368,105.12,159.287,156.468,0.2515,54.167,51.348
Wed Mar 31 2027,0.8877,620.0,0.8381,137.13,157.8773,155.2821,0.2475,20.7473,18.1521
Wed Mar 31 2027,0.8877,621.0,0.8395,129.54,157.5947,154.8295,0.2504,28.0547,25.2895
Wed Mar 31 2027,0.8877,622.0,0.8408,108.82,156.8079,154.0497,0.2502,47.9879,45.2297
Wed Mar 31 2027,0.8877,623.0,0.8422,101.64,155.3253,152.8151,0.2458,53.6853,51.1751
Wed Mar 31 2027,0.8877,624.0,0.8435,100.94,154.4707,151.991,0.2452,53.5307,51.051
Wed Mar 31 2027,0.8877,625.0,0.8449,140.36,153.6502,151.1896,0.2448,13.2902,10.8296
Wed Mar 31 2027,0.8877,627.0,0.8476,128.74,151.962,149.5569,0.2437,23.222,20.8169
Wed Mar 31 2027,0.8877,628.0,0.8489,127.0,151.1276,148.7476,0.2432,24.1276,21.7476
Wed Mar 31 2027,0.8877,629.0,0.8503,111.99,150.2771,147.9281,0.2426,38.2871,35.9381
Wed Mar 31 2027,0.8877,630.0,0.8516,141.28,149.4788,147.1435,0.2423,8.1988,5.8635
Wed Mar 31 2027,0.8877,633.0,0.8557,90.1,146.9527,144.7054,0.2406,56.8527,54.6054
Wed Mar 31 2027,0.8877,635.0,0.8584,137.35,145.2964,143.1004,0.2396,7.9464,5.7504
Wed Mar 31 2027,0.8877,637.0,0.8611,122.3,143.6086,141.476,0.2384,21.3086,19.176
Wed Mar 31 2027,0.8877,638.0,0.8625,112.86,142.7838,140.6772,0.2379,29.9238,27.8172
Wed Mar 31 2027,0.8877,639.0,0.8638,111.99,141.9958,139.9036,0.2376,30.0058,27.9136
Wed Mar 31 2027,0.8877,640.0,0.8652,130.51,141.1552,139.095,0.237,10.6452,8.585
Wed Mar 31 2027,0.8877,641.0,0.8665,58.0,140.3336,138.2997,0.2365,82.3336,80.2997
Wed Mar 31 2027,0.8877,642.0,0.8679,91.5,139.4766,137.4808,0.2358,47.9766,45.9808
Wed Mar 31 2027,0.8877,643.0,0.8692,57.37,138.6569,136.6876,0.2353,81.2869,79.3176
Wed Mar 31 2027,0.8877,644.0,0.8706,84.24,137.8383,135.8955,0.2348,53.5983,51.6555
Wed Mar 31 2027,0.8877,645.0,0.8719,129.26,137.0392,135.1171,0.2344,7.7792,5.8571
Wed Mar 31 2027,0.8877,646.0,0.8733,114.08,136.1857,134.3022,0.2337,22.1057,20.2222
Wed Mar 31 2027,0.8877,647.0,0.8746,93.25,135.3702,133.5134,0.2332,42.1202,40.2634
Wed Mar 31 2027,0.8877,648.0,0.876,79.96,134.5559,132.726,0.2327,54.5959,52.766
Wed Mar 31 2027,0.8877,649.0,0.8773,113.95,133.7238,131.9268,0.2321,19.7738,17.9768
Wed Mar 31 2027,0.8877,650.0,0.8787,125.23,132.9305,131.1546,0.2317,7.7005,5.9246
Wed Mar 31 2027,0.8877,651.0,0.88,101.68,132.1004,130.3576,0.2311,30.4204,28.6776
Wed Mar 31 2027,0.8877,652.0,0.8814,120.57,131.2904,129.5748,0.2306,10.7204,9.0048
Wed Mar 31 2027,0.8877,653.0,0.8827,99.5,130.4816,128.7933,0.2301,30.9816,29.2933
Wed Mar 31 2027,0.8877,654.0,0.8841,63.96,129.6739,128.013,0.2296,65.7139,64.053
Wed Mar 31 2027,0.8877,655.0,0.8854,121.85,128.8868,127.2473,0.2292,7.0368,5.3973
Wed Mar 31 2027,0.8877,656.0,0.8868,100.09,128.0426,126.4427,0.2285,27.9526,26.3527
Wed Mar 31 2027,0.8877,657.0,0.8881,104.52,127.2383,125.6661,0.228,22.7183,21.1461
Wed Mar 31 2027,0.8877,658.0,0.8895,74.99,126.4353,124.8907,0.2275,51.4453,49.9007
Wed Mar 31 2027,0.8877,659.0,0.8908,98.12,125.6334,124.1167,0.227,27.5134,25.9967
Wed Mar 31 2027,0.8877,660.0,0.8922,117.64,124.8526,123.3577,0.2266,7.2126,5.7177
Wed Mar 31 2027,0.8877,661.0,0.8935,95.28,124.0334,122.5724,0.226,28.7534,27.2924
Wed Mar 31 2027,0.8877,662.0,0.8949,80.08,123.2151,121.7882,0.2254,43.1351,41.7082
Wed Mar 31 2027,0.8877,664.0,0.8976,93.71,121.6223,120.2517,0.2244,27.9123,26.5417
Wed Mar 31 2027,0.8877,665.0,0.899,113.0,120.8481,119.4997,0.224,7.8481,6.4997
Wed Mar 31 2027,0.8877,666.0,0.9003,92.28,120.014,118.7061,0.2233,27.734,26.4261
Wed Mar 31 2027,0.8877,667.0,0.9017,108.82,119.222,117.9425,0.2228,10.402,9.1225
Wed Mar 31 2027,0.8877,668.0,0.903,90.04,118.4312,117.1802,0.2223,28.3912,27.1402
Wed Mar 31 2027,0.8877,669.0,0.9044,89.51,117.6624,116.4339,0.2219,28.1524,26.9239
Wed Mar 31 2027,0.8877,670.0,0.9057,109.99,116.8743,115.6745,0.2214,6.8843,5.6845
Wed Mar 31 2027,0.8877,671.0,0.9071,89.2,116.0666,114.9016,0.2208,26.8666,25.7016
Wed Mar 31 2027,0.8877,672.0,0.9084,96.46,115.2601,114.13,0.2202,18.8001,17.67
Wed Mar 31 2027,0.8877,673.0,0.9098,103.66,114.4759,113.3747,0.2197,10.8159,9.7147
Wed Mar 31 2027,0.8877,674.0,0.9111,64.25,113.6718,112.6057,0.2191,49.4218,48.3557
Wed Mar 31 2027,0.8877,675.0,0.9125,106.06,112.9327,111.8833,0.2188,6.8727,5.8233
Wed Mar 31 2027,0.8877,676.0,0.9138,78.85,112.1099,111.102,0.2181,33.2599,32.252
Wed Mar 31 2027,0.8877,677.0,0.9152,51.48,111.331,110.3522,0.2176,59.851,58.8722
Wed Mar 31 2027,0.8877,678.0,0.9165,50.01,110.532,109.5887,0.217,60.522,59.5787
Wed Mar 31 2027,0.8877,679.0,0.9179,103.83,109.7775,108.8573,0.2166,5.9475,5.0273
Wed Mar 31 2027,0.8877,680.0,0.9192,102.43,108.9811,108.0965,0.216,6.5511,5.6665
Wed Mar 31 2027,0.8877,685.0,0.926,98.13,105.1292,104.3927,0.2135,6.9992,6.2627
Wed Mar 31 2027,0.8877,690.0,0.9327,90.77,101.292,100.7115,0.2109,10.522,9.9415
Wed Mar 31 2027,0.8877,695.0,0.9395,87.74,97.4697,97.0532,0.2082,9.7297,9.3132
Wed Mar 31 2027,0.8877,700.0,0.9463,89.0,93.6861,93.4353,0.2055,4.6861,4.4353
Wed Mar 31 2027,0.8877,705.0,0.953,69.89,89.967,89.8773,0.2029,20.077,19.9873
Wed Mar 31 2027,0.8877,710.0,0.9598,79.37,86.2911,86.3641,0.2003,6.9211,6.9941
Wed Mar 31 2027,0.8877,715.0,0.9665,77.61,81.7696,82.2317,0.1941,4.1596,4.6217
Wed Mar 31 2027,0.8877,720.0,0.9733,73.23,79.1014,79.4977,0.1952,5.8714,6.2677
Wed Mar 31 2027,0.8877,725.0,0.9801,70.05,75.5158,76.0916,0.1924,5.4658,6.0416
Wed Mar 31 2027,0.8877,730.0,0.9868,67.17,71.9799,72.7365,0.1896,4.8099,5.5665
Wed Mar 31 2027,0.8877,735.0,0.9936,64.12,68.5746,69.4944,0.1871,4.4546,5.3744
Wed Mar 31 2027,0.8877,740.0,1.0003,59.56,65.3054,66.3706,0.1849,5.7454,6.8106
Wed Mar 31 2027,0.8877,745.0,1.0071,55.85,62.016,63.2467,0.1824,6.166,7.3967
Wed Mar 31 2027,0.8877,750.0,1.0139,53.86,57.9208,59.519,0.1767,4.0608,5.659
Wed Mar 31 2027,0.8877,755.0,1.0206,47.51,55.6223,57.1871,0.1774,8.1123,9.6771
Wed Mar 31 2027,0.8877,760.0,1.0274,48.1,52.5779,54.2986,0.1751,4.4779,6.1986
Wed Mar 31 2027,0.8877,765.0,1.0341,44.2,49.6025,51.4801,0.1728,5.4025,7.2801
Wed Mar 31 2027,0.8877,770.0,1.0409,42.62,46.7262,48.7552,0.1706,4.1062,6.1352
Wed Mar 31 2027,0.8877,775.0,1.0477,37.0,43.9237,46.1049,0.1684,6.9237,9.1049
Wed Mar 31 2027,0.8877,780.0,1.0544,34.36,41.225,43.553,0.1663,6.865,9.193
Wed Mar 31 2027,0.8877,785.0,1.0612,29.81,38.6323,41.1015,0.1643,8.8223,11.2915
Wed Mar 31 2027,0.8877,790.0,1.0679,28.19,36.1195,38.7307,0.1623,7.9295,10.5407
Wed Mar 31 2027,0.8877,795.0,1.0747,28.02,33.7161,36.4637,0.1604,5.6961,8.4437
Wed Mar 31 2027,0.8877,800.0,1.0814,27.88,31.4231,34.3015,0.1586,3.5431,6.4215
Wed Mar 31 2027,0.8877,805.0,1.0882,23.0,29.2412,32.2448,0.1569,6.2412,9.2448
Wed Mar 31 2027,0.8877,810.0,1.095,24.2,27.1705,30.2936,0.1553,2.9705,6.0936
Wed Mar 31 2027,0.8877,815.0,1.1017,22.3,25.1844,28.4277,0.1537,2.8844,6.1277
Wed Mar 31 2027,0.8877,820.0,1.1085,20.0,23.3351,26.6866,0.1523,3.3351,6.6866
Wed Mar 31 2027,0.8877,825.0,1.1152,16.56,21.5947,25.0487,0.151,5.0347,8.4887
Wed Mar 31 2027,0.8877,830.0,1.122,16.0,19.9614,23.5122,0.1498,3.9614,7.5122
Wed Mar 31 2027,0.8877,835.0,1.1288,14.14,18.4329,22.0747,0.1487,4.2929,7.9347
Wed Mar 31 2027,0.8877,840.0,1.1355,14.8,17.0066,20.7335,0.1477,2.2066,5.9335
Wed Mar 31 2027,0.8877,845.0,1.1423,12.98,15.6793,19.4855,0.1468,2.6993,6.5055
Wed Mar 31 2027,0.8877,850.0,1.149,10.1,14.4475,18.3273,0.146,4.3475,8.2273
Wed Mar 31 2027,0.8877,855.0,1.1558,9.98,13.286,17.2396,0.1452,3.306,7.2596
Wed Mar 31 2027,0.8877,860.0,1.1626,9.25,12.2136,16.2352,0.1445,2.9636,6.9852
Wed Mar 31 2027,0.8877,865.0,1.1693,7.49,11.2263,15.3097,0.1439,3.7363,7.8197
Wed Mar 31 2027,0.8877,870.0,1.1761,8.23,10.3003,14.446,0.1433,2.0703,6.216
Wed Mar 31 2027,0.8877,875.0,1.1828,6.18,9.452,13.6538,0.1428,3.272,7.4738
Wed Mar 31 2027,0.8877,880.0,1.1896,5.6,8.6589,12.9171,0.1423,3.0589,7.3171
Wed Mar 31 2027,0.8877,885.0,1.1964,2.72,7.9359,12.2443,0.1419,5.2159,9.5243
Wed Mar 31 2027,0.8877,890.0,1.2031,5.68,7.262,11.6209,0.1415,1.582,5.9409
Wed Mar 31 2027,0.8877,895.0,1.2099,5.28,6.635,11.0446,0.1411,1.355,5.7646
Wed Mar 31 2027,0.8877,900.0,1.2166,4.99,6.0673,10.5212,0.1408,1.0773,5.5312
Wed Mar 31 2027,0.8877,905.0,1.2234,4.34,5.5404,10.0389,0.1405,1.2004,5.6989
Wed Mar 31 2027,0.8877,910.0,1.2301,3.35,5.0654,9.6021,0.1403,1.7154,6.2521
Wed Mar 31 2027,0.8877,915.0,1.2369,3.05,4.6256,9.2005,0.1401,1.5756,6.1505
Wed Mar 31 2027,0.8877,920.0,1.2437,3.21,4.2188,8.8321,0.1399,1.0088,5.6221
Wed Mar 31 2027,0.8877,925.0,1.2504,2.65,3.8544,8.4995,0.1398,1.2044,5.8495
Wed Mar 31 2027,0.8877,930.0,1.2572,2.42,3.5179,8.1949,0.1397,1.0979,5.7749
Thu Jun 17 2027,1.1014,200.0,0.2704,527.54,549.6403,545.8606,0.5472,22.1003,18.3206
Thu Jun 17 2027,1.1014,205.0,0.2771,522.74,545.0198,541.1656,0.5521,22.2798,18.4256
Thu Jun 17 2027,1.1014,245.0,0.3312,433.0,507.186,502.4544,0.5036,74.186,69.4544
Thu Jun 17 2027,1.1014,250.0,0.338,489.03,502.5381,497.7108,0.5026,13.5081,8.6808
Thu Jun 17 2027,1.1014,280.0,0.3785,408.66,474.2291,468.9454,0.4703,65.5691,60.2854
Thu Jun 17 2027,1.1014,300.0,0.4055,442.56,455.34,449.8711,0.4485,12.78,7.3111
Thu Jun 17 2027,1.1014,305.0,0.4123,437.12,450.743,445.1883,0.448,13.623,8.0683
Thu Jun 17 2027,1.1014,310.0,0.4191,384.92,446.0773,440.4694,0.4446,61.1573,55.5494
Thu Jun 17 2027,1.1014,330.0,0.4461,341.02,427.2808,421.562,0.4259,86.2608,80.542
Thu Jun 17 2027,1.1014,340.0,0.4596,406.71,417.8639,412.128,0.416,11.1539,5.418
Thu Jun 17 2027,1.1014,345.0,0.4664,391.8,413.2718,407.4784,0.4144,21.4718,15.6784
Thu Jun 17 2027,1.1014,350.0,0.4731,398.53,408.5923,402.7878,0.4102,10.0623,4.2578
Thu Jun 17 2027,1.1014,355.0,0.4799,393.5,403.8529,398.0716,0.4044,10.3529,4.5716
Thu Jun 17 2027,1.1014,360.0,0.4867,389.62,399.2394,393.4244,0.4019,9.6194,3.8044
Thu Jun 17 2027,1.1014,365.0,0.4934,325.75,394.5662,388.7516,0.3978,68.8162,63.0016
Thu Jun 17 2027,1.1014,370.0,0.5002,379.94,389.8478,384.0611,0.3926,9.9078,4.1211
Thu Jun 17 2027,1.1014,375.0,0.5069,350.21,385.2356,379.4287,0.3899,35.0256,29.2187
Thu Jun 17 2027,1.1014,380.0,0.5137,371.32,380.5744,374.7768,0.386,9.2544,3.4568
Thu Jun 17 2027,1.1014,390.0,0.5272,362.15,371.2706,365.4977,0.3785,9.1206,3.3477
Thu Jun 17 2027,1.1014,400.0,0.5407,315.08,361.9125,356.2126,0.3698,46.8325,41.1326
Thu Jun 17 2027,1.1014,405.0,0.5475,287.98,357.3362,351.6287,0.3674,69.3562,63.6487
Thu Jun 17 2027,1.1014,410.0,0.5542,345.61,352.6952,347.0182,0.3637,7.0852,1.4082
Thu Jun 17 2027,1.1014,420.0,0.5678,297.42,343.3899,337.8022,0.3558,45.9699,40.3822
Thu Jun 17 2027,1.1014,425.0,0.5745,294.0,338.8139,333.2404,0.3531,44.8139,39.2404
Thu Jun 17 2027,1.1014,430.0,0.5813,224.57,334.1939,328.6625,0.3496,109.6239,104.0925
Thu Jun 17 2027,1.1014,435.0,0.588,307.07,329.5959,324.1013,0.3464,22.5259,17.0313
Thu Jun 17 2027,1.1014,440.0,0.5948,311.55,324.9158,319.5045,0.3419,13.3658,7.9545
Thu Jun 17 2027,1.1014,445.0,0.6016,306.96,320.3776,314.9848,0.3395,13.4176,8.0248
Thu Jun 17 2027,1.1014,450.0,0.6083,289.47,315.8259,310.4647,0.3368,26.3559,20.9947
Thu Jun 17 2027,1.1014,455.0,0.6151,273.74,311.2441,305.9352,0.3336,37.5041,32.1952
Thu Jun 17 2027,1.1014,460.0,0.6218,298.95,306.659,301.4099,0.3303,7.709,2.4599
Thu Jun 17 2027,1.1014,465.0,0.6286,285.93,302.0855,296.8966,0.3271,16.1555,10.9666
Thu Jun 17 2027,1.1014,470.0,0.6353,254.77,297.5245,292.3958,0.324,42.7545,37.6258
Thu Jun 17 2027,1.1014,475.0,0.6421,257.33,292.8941,287.8643,0.32,35.5641,30.5343
Thu Jun 17 2027,1.1014,480.0,0.6489,253.99,288.3662,283.3932,0.3172,34.3762,29.4032
Thu Jun 17 2027,1.1014,485.0,0.6556,269.63,283.8539,278.9371,0.3145,14.2239,9.3071
Thu Jun 17 2027,1.1014,490.0,0.6624,178.5,279.34,274.4865,0.3117,100.84,95.9865
Thu Jun 17 2027,1.1014,495.0,0.6691,208.48,274.8333,270.0464,0.3089,66.3533,61.5664
Thu Jun 17 2027,1.1014,500.0,0.6759,261.54,270.3338,265.6168,0.3061,8.7938,4.0768
Thu Jun 17 2027,1.1014,505.0,0.6827,253.03,265.8319,261.1924,0.3032,12.8019,8.1624
Thu Jun 17 2027,1.1014,510.0,0.6894,247.12,261.337,256.7785,0.3003,14.217,9.6585
Thu Jun 17 2027,1.1014,515.0,0.6962,248.3,256.8389,252.3693,0.2973,8.5389,4.0693
Thu Jun 17 2027,1.1014,520.0,0.7029,244.74,252.4127,248.0082,0.2949,7.6727,3.2682
Thu Jun 17 2027,1.1014,525.0,0.7097,215.44,247.964,243.6411,0.2922,32.524,28.2011
Thu Jun 17 2027,1.1014,530.0,0.7165,219.01,243.536,239.2931,0.2896,24.526,20.2831
Thu Jun 17 2027,1.1014,535.0,0.7232,230.97,239.1182,234.9583,0.287,8.1482,3.9883
Thu Jun 17 2027,1.1014,540.0,0.73,220.64,234.7109,230.6369,0.2844,14.0709,9.9969
Thu Jun 17 2027,1.1014,545.0,0.7367,219.1,230.3145,226.3292,0.2818,11.2145,7.2292
Thu Jun 17 2027,1.1014,550.0,0.7435,219.52,225.9811,222.0676,0.2796,6.4611,2.5476
Thu Jun 17 2027,1.1014,555.0,0.7503,199.43,221.6088,217.7894,0.277,22.1788,18.3594
Thu Jun 17 2027,1.1014,560.0,0.757,208.03,217.1934,213.4914,0.274,9.1634,5.4614
Thu Jun 17 2027,1.1014,565.0,0.7638,190.33,212.8719,209.2597,0.2716,22.5419,18.9297
Thu Jun 17 2027,1.1014,570.0,0.7705,198.97,209.0615,205.3656,0.2726,10.0915,6.3956
Thu Jun 17 2027,1.1014,575.0,0.7773,196.0,204.7826,201.1795,0.2702,8.7826,5.1795
Thu Jun 17 2027,1.1014,580.0,0.784,191.8,200.5035,197.001,0.2677,8.7035,5.201
Thu Jun 17 2027,1.1014,585.0,0.7908,174.18,196.2554,192.8507,0.2653,22.0754,18.6707
Thu Jun 17 2027,1.1014,590.0,0.7976,184.25,192.0235,188.7191,0.2629,7.7735,4.4691
Thu Jun 17 2027,1.1014,595.0,0.8043,161.0,187.7916,184.5955,0.2604,26.7916,23.5955
Thu Jun 17 2027,1.1014,600.0,0.8111,174.01,183.559,180.479,0.2578,9.549,6.469
Thu Jun 17 2027,1.1014,605.0,0.8178,171.66,179.3955,176.4176,0.2555,7.7355,4.7576
Thu Jun 17 2027,1.1014,610.0,0.8246,166.15,174.3717,171.7735,0.2483,8.2217,5.6235
Thu Jun 17 2027,1.1014,615.0,0.8314,159.5,171.0901,168.3346,0.2507,11.5901,8.8346
Thu Jun 17 2027,1.1014,620.0,0.8381,158.61,166.4187,163.9434,0.2454,7.8087,5.3334
Thu Jun 17 2027,1.1014,625.0,0.8449,154.35,162.3219,159.9591,0.2431,7.9719,5.6091
Thu Jun 17 2027,1.1014,630.0,0.8516,149.53,158.8217,156.4051,0.2437,9.2917,6.8751
Thu Jun 17 2027,1.1014,635.0,0.8584,147.28,153.331,151.4504,0.2342,6.051,4.1704
Thu Jun 17 2027,1.1014,640.0,0.8652,142.14,150.1247,148.1234,0.236,7.9847,5.9834
Thu Jun 17 2027,1.1014,645.0,0.8719,141.74,146.0982,144.2234,0.2336,4.3582,2.4834
Thu Jun 17 2027,1.1014,650.0,0.8787,136.02,142.1174,140.3653,0.2313,6.0974,4.3453
Thu Jun 17 2027,1.1014,655.0,0.8854,131.77,138.1405,136.5191,0.2289,6.3705,4.7491
Thu Jun 17 2027,1.1014,660.0,0.8922,127.93,134.2572,132.7502,0.2268,6.3272,4.8202
Thu Jun 17 2027,1.1014,665.0,0.899,122.75,130.3575,128.9788,0.2245,7.6075,6.2288
Thu Jun 17 2027,1.1014,670.0,0.9057,120.47,126.4867,125.2381,0.2222,6.0167,4.7681
Thu Jun 17 2027,1.1014,675.0,0.9125,115.5,122.5978,121.4934,0.2197,7.0978,5.9934
Thu Jun 17 2027,1.1014,680.0,0.9192,113.1,118.7868,117.816,0.2174,5.6868,4.716
Thu Jun 17 2027,1.1014,685.0,0.926,108.35,114.9829,114.1536,0.215,6.6329,5.8036
Thu Jun 17 2027,1.1014,690.0,0.9327,104.66,111.2619,110.5635,0.2128,6.6019,5.9035
Thu Jun 17 2027,1.1014,695.0,0.9395,101.62,107.5761,107.0102,0.2106,5.9561,5.3902
Thu Jun 17 2027,1.1014,700.0,0.9463,97.75,103.0375,102.8179,0.205,5.2875,5.0679
Thu Jun 17 2027,1.1014,705.0,0.953,93.33,99.3314,99.2668,0.2025,6.0014,5.9368
Thu Jun 17 2027,1.1014,710.0,0.9598,88.91,95.7161,95.7954,0.2002,6.8061,6.8854
Thu Jun 17 2027,1.1014,715.0,0.9665,87.25,92.1682,92.3864,0.198,4.9182,5.1364
Thu Jun 17 2027,1.1014,720.0,0.9733,82.74,88.6348,88.9996,0.1957,5.8948,6.2596
Thu Jun 17 2027,1.1014,725.0,0.9801,79.64,86.0471,86.3574,0.1966,6.4071,6.7174
Thu Jun 17 2027,1.1014,730.0,0.9868,77.47,82.5273,83.0055,0.194,5.0573,5.5355
Thu Jun 17 2027,1.1014,735.0,0.9936,73.75,78.3568,79.1565,0.189,4.6068,5.4065
Thu Jun 17 2027,1.1014,740.0,1.0003,70.73,75.7666,76.5527,0.1893,5.0366,5.8227
Thu Jun 17 2027,1.1014,745.0,1.0071,66.48,72.6212,73.5279,0.1875,6.1412,7.0479
Thu Jun 17 2027,1.1014,750.0,1.0139,63.51,68.5442,69.7831,0.1824,5.0342,6.2731
Thu Jun 17 2027,1.1014,755.0,1.0206,61.85,66.2218,67.4307,0.183,4.3718,5.5807
Thu Jun 17 2027,1.1014,760.0,1.0274,57.5,63.7859,65.0028,0.183,6.2859,7.5028
Thu Jun 17 2027,1.1014,765.0,1.0341,55.28,60.1325,61.6284,0.1788,4.8525,6.3484
Thu Jun 17 2027,1.1014,770.0,1.0409,52.5,57.175,58.8159,0.1767,4.675,6.3159
Thu Jun 17 2027,1.1014,775.0,1.0477,49.68,54.2781,56.0649,0.1746,4.5981,6.3849
Thu Jun 17 2027,1.1014,780.0,1.0544,46.99,51.5053,53.4262,0.1727,4.5153,6.4362
Thu Jun 17 2027,1.1014,785.0,1.0612,44.39,48.7968,50.8525,0.1708,4.4068,6.4625
Thu Jun 17 2027,1.1014,790.0,1.0679,41.88,46.1231,48.3209,0.1688,4.2431,6.4409
Thu Jun 17 2027,1.1014,795.0,1.0747,39.93,43.5477,45.882,0.1669,3.6177,5.952
Thu Jun 17 2027,1.1014,800.0,1.0814,37.68,41.0721,43.5371,0.1651,3.3921,5.8571
Thu Jun 17 2027,1.1014,805.0,1.0882,34.79,38.728,41.3117,0.1635,3.938,6.5217
Thu Jun 17 2027,1.1014,810.0,1.095,32.66,36.4239,39.1335,0.1618,3.7639,6.4735
Thu Jun 17 2027,1.1014,815.0,1.1017,30.02,34.1919,37.028,0.1601,4.1719,7.008
Thu Jun 17 2027,1.1014,820.0,1.1085,28.19,32.0929,35.0433,0.1586,3.9029,6.8533
Thu Jun 17 2027,1.1014,825.0,1.1152,25.82,30.0665,33.1319,0.1571,4.2465,7.3119
Thu Jun 17 2027,1.1014,830.0,1.122,24.96,28.1718,31.3399,0.1558,3.2118,6.3799
Thu Jun 17 2027,1.1014,835.0,1.1288,23.27,26.3201,29.5978,0.1544,3.0501,6.3278
Thu Jun 17 2027,1.1014,840.0,1.1355,21.06,24.598,27.9731,0.1532,3.538,6.9131
Thu Jun 17 2027,1.1014,845.0,1.1423,20.16,22.9466,26.4198,0.152,2.7866,6.2598
Thu Jun 17 2027,1.1014,850.0,1.149,18.86,21.4204,24.9791,0.151,2.5604,6.1191
Thu Jun 17 2027,1.1014,855.0,1.1558,17.4,19.9618,23.6065,0.15,2.5618,6.2065
Thu Jun 17 2027,1.1014,860.0,1.1626,16.16,18.5961,22.3209,0.1491,2.4361,6.1609
Thu Jun 17 2027,1.1014,865.0,1.1693,14.31,17.2951,21.1004,0.1482,2.9851,6.7904
Thu Jun 17 2027,1.1014,870.0,1.1761,13.25,16.1072,19.9804,0.1475,2.8572,6.7304
Thu Jun 17 2027,1.1014,875.0,1.1828,12.25,14.9789,18.9203,0.1468,2.7289,6.6703
Thu Jun 17 2027,1.1014,880.0,1.1896,11.96,13.9086,17.9188,0.1461,1.9486,5.9588
Thu Jun 17 2027,1.1014,885.0,1.1964,11.01,12.9177,16.9903,0.1455,1.9077,5.9803
Thu Jun 17 2027,1.1014,890.0,1.2031,10.34,12.0024,16.1311,0.145,1.6624,5.7911
Thu Jun 17 2027,1.1014,895.0,1.2099,9.42,11.1588,15.3374,0.1446,1.7388,5.9174
Thu Jun 17 2027,1.1014,900.0,1.2166,8.89,10.3214,14.5634,0.144,1.4314,5.6734
Thu Jun 17 2027,1.1014,905.0,1.2234,8.1,9.5722,13.8645,0.1436,1.4722,5.7645
Thu Jun 17 2027,1.1014,910.0,1.2301,7.33,8.8668,13.2098,0.1432,1.5368,5.8798
Thu Jun 17 2027,1.1014,915.0,1.2369,6.82,8.2401,12.6204,0.143,1.4201,5.8004
Thu Jun 17 2027,1.1014,920.0,1.2437,6.37,7.6157,12.0471,0.1426,1.2457,5.6771
Thu Jun 17 2027,1.1014,925.0,1.2504,6.0,7.03,11.5128,0.1422,1.03,5.5128
Thu Jun 17 2027,1.1014,930.0,1.2572,5.46,6.5136,11.0342,0.142,1.0536,5.5742
Thu Jun 17 2027,1.1014,935.0,1.2639,4.64,6.0296,10.5883,0.1418,1.3896,5.9483
Thu Jun 17 2027,1.1014,940.0,1.2707,4.61,5.5912,10.1812,0.1417,0.9812,5.5712
Thu Jun 17 2027,1.1014,945.0,1.2775,4.04,5.1669,9.7951,0.1415,1.1269,5.7551
Thu Jun 17 2027,1.1014,950.0,1.2842,3.92,4.7704,9.437,0.1413,0.8504,5.517
Thu Jun 17 2027,1.1014,955.0,1.291,3.2,4.4259,9.1171,0.1413,1.2259,5.9171
Thu Jun 17 2027,1.1014,960.0,1.2977,3.17,4.0918,8.8146,0.1412,0.9218,5.6446
Thu Jun 17 2027,1.1014,965.0,1.3045,2.83,3.7917,8.5392,0.1412,0.9617,5.7092
Thu Jun 17 2027,1.1014,970.0,1.3113,2.75,3.5118,8.2837,0.1412,0.7618,5.5337
Thu Jun 17 2027,1.1014,975.0,1.318,2.64,3.2612,8.0507,0.1413,0.6212,5.4107
Thu Jun 17 2027,1.1014,980.0,1.3248,2.35,3.0274,7.8343,0.1414,0.6774,5.4843
Thu Jun 17 2027,1.1014,985.0,1.3315,2.14,2.8189,7.6359,0.1416,0.6789,5.4959
Thu Jun 17 2027,1.1014,990.0,1.3383,2.13,2.6152,7.4493,0.1417,0.4852,5.3193
Thu Jun 17 2027,1.1014,995.0,1.345,1.99,2.434,7.2779,0.1419,0.444,5.2879
Thu Jun 17 2027,1.1014,1000.0,1.3518,1.86,2.2649,7.1185,0.1421,0.4049,5.2585
Thu Jun 17 2027,1.1014,1005.0,1.3586,1.49,2.1151,6.9708,0.1424,0.6251,5.4808
Thu Jun 17 2027,1.1014,1010.0,1.3653,1.49,1.9752,6.8327,0.1427,0.4852,5.3427
Thu Jun 17 2027,1.1014,1015.0,1.3721,1.3,1.8445,6.7036,0.143,0.5445,5.4036
Thu Jun 17 2027,1.1014,1020.0,1.3788,0.86,1.7293,6.5822,0.1434,0.8693,5.7222
Thu Jun 17 2027,1.1014,1030.0,1.3924,1.17,1.5146,6.3617,0.1441,0.3446,5.1917
Thu Jun 17 2027,1.1014,1040.0,1.4059,0.99,1.3272,6.1673,0.1448,0.3372,5.1773
Thu Jun 17 2027,1.1014,1050.0,1.4194,0.92,1.1736,5.9898,0.1457,0.2536,5.0698
Thu Jun 17 2027,1.1014,1060.0,1.4329,0.71,1.0436,5.8263,0.1467,0.3336,5.1163
Thu Jun 17 2027,1.1014,1070.0,1.4464,0.71,0.9208,5.6844,0.1475,0.2108,4.9744
Thu Jun 17 2027,1.1014,1080.0,1.46,0.38,0.8171,5.5519,0.1484,0.4371,5.1719
Thu Jun 17 2027,1.1014,1090.0,1.4735,0.27,0.7294,5.4256,0.1494,0.4594,5.1556
Thu Jun 17 2027,1.1014,1100.0,1.487,0.51,0.6489,5.3129,0.1503,0.1389,4.8029
Thu Jun 17 2027,1.1014,1110.0,1.5005,0.24,0.578,5.2083,0.1512,0.338,4.9683
Thu Jun 17 2027,1.1014,1120.0,1.514,0.39,0.5182,5.1045,0.1522,0.1282,4.7145
Thu Jun 17 2027,1.1014,1130.0,1.5275,0.28,0.4629,5.012,0.1531,0.1829,4.732
Thu Jun 17 2027,1.1014,1140.0,1.5411,0.24,0.4119,4.9309,0.1539,0.1719,4.6909
Thu Jun 17 2027,1.1014,1150.0,1.5546,0.25,0.3749,4.8268,0.1551,0.1249,4.5768
Thu Jun 17 2027,1.1014,1160.0,1.5681,0.22,0.3382,4.7387,0.1561,0.1182,4.5187
Thu Jun 17 2027,1.1014,1170.0,1.5816,0.15,0.3055,4.6528,0.1571,0.1555,4.5028
Thu Jun 17 2027,1.1014,1180.0,1.5951,0.22,0.2765,4.5685,0.1581,0.0565,4.3485
Thu Jun 17 2027,1.1014,1190.0,1.6087,0.15,0.2506,4.4855,0.1591,0.1006,4.3355
Thu Jun 17 2027,1.1014,1200.0,1.6222,0.14,0.2329,4.3707,0.1605,0.0929,4.2307
Thu Jun 17 2027,1.1014,1210.0,1.6357,0.15,0.213,4.2799,0.1616,0.063,4.1299
Thu Jun 17 2027,1.1014,1220.0,1.6492,0.11,0.2011,4.146,0.1632,0.0911,4.036
Thu Jun 17 2027,1.1014,1230.0,1.6627,0.13,0.1825,4.0712,0.1641,0.0525,3.9412
Thu Jun 17 2027,1.1014,1240.0,1.6762,0.13,0.1689,3.9697,0.1653,0.0389,3.8397
Thu Jun 17 2027,1.1014,1250.0,1.6898,0.12,0.1632,3.8031,0.1672,0.0432,3.6831
Thu Jun 17 2027,1.1014,1260.0,1.7033,0.08,0.1376,3.8473,0.1668,0.0576,3.7673
Thu Jun 17 2027,1.1014,1270.0,1.7168,0.08,0.1377,3.6295,0.1692,0.0577,3.5495
Thu Jun 17 2027,1.1014,1280.0,1.7303,0.08,0.1372,3.4156,0.1715,0.0572,3.3356
Thu Jun 17 2027,1.1014,1290.0,1.7438,0.1,0.1243,3.3542,0.1722,0.0243,3.2542
Thu Jun 17 2027,1.1014,1300.0,1.7574,0.09,0.1177,3.2226,0.1736,0.0277,3.1326
Thu Jun 17 2027,1.1014,1310.0,1.7709,0.06,0.1116,3.0886,0.175,0.0516,3.0286
Thu Jun 17 2027,1.1014,1320.0,1.7844,0.1,0.1114,2.8693,0.1772,0.0114,2.7693
Thu Jun 17 2027,1.1014,1330.0,1.7979,0.07,0.0985,2.8551,0.1774,0.0285,2.7851
Thu Jun 17 2027,1.1014,1340.0,1.8114,0.09,0.098,2.6395,0.1795,0.008,2.5495
Fri Sep 17 2027,1.3534,215.0,0.2906,441.0,537.1385,533.4675,0.4203,96.1385,92.4675
Fri Sep 17 2027,1.3534,380.0,0.5137,313.96,384.7545,379.6329,0.3583,70.7945,65.6729
Fri Sep 17 2027,1.3534,410.0,0.5542,330.0,357.3214,352.3497,0.3396,27.3214,22.3497
Fri Sep 17 2027,1.3534,460.0,0.6218,277.65,312.2496,307.6358,0.3132,34.5996,29.9858
Fri Sep 17 2027,1.3534,485.0,0.6556,249.26,289.8873,285.5815,0.2996,40.6273,36.3215
Fri Sep 17 2027,1.3534,490.0,0.6624,250.0,285.6691,281.34,0.2991,35.6691,31.34
Fri Sep 17 2027,1.3534,500.0,0.6759,179.12,276.7508,272.5856,0.2933,97.6308,93.4656
Fri Sep 17 2027,1.3534,505.0,0.6827,236.87,272.2997,268.2213,0.2904,35.4297,31.3513
Fri Sep 17 2027,1.3534,510.0,0.6894,232.62,268.0944,264.0161,0.2895,35.4744,31.3961
Fri Sep 17 2027,1.3534,515.0,0.6962,224.5,263.6608,259.6747,0.2866,39.1608,35.1747
Fri Sep 17 2027,1.3534,520.0,0.7029,225.21,259.2332,255.3424,0.2837,34.0232,30.1324
Fri Sep 17 2027,1.3534,525.0,0.7097,242.1,255.0607,251.1794,0.2827,12.9607,9.0794
Fri Sep 17 2027,1.3534,530.0,0.7165,189.69,250.6517,246.871,0.2798,60.9617,57.181
Fri Sep 17 2027,1.3534,535.0,0.7232,185.52,246.2492,242.5724,0.2769,60.7292,57.0524
Fri Sep 17 2027,1.3534,540.0,0.73,181.49,242.0813,238.4334,0.2756,60.5913,56.9434
Fri Sep 17 2027,1.3534,545.0,0.7367,202.5,237.6833,234.1495,0.2726,35.1833,31.6495
Fri Sep 17 2027,1.3534,550.0,0.7435,199.93,233.5325,230.0361,0.2712,33.6025,30.1061
Fri Sep 17 2027,1.3534,555.0,0.7503,194.54,229.1378,225.7661,0.2681,34.5978,31.2261
Fri Sep 17 2027,1.3534,560.0,0.757,215.29,224.8285,221.5592,0.2655,9.5385,6.2692
Fri Sep 17 2027,1.3534,565.0,0.7638,199.15,220.6106,217.4205,0.2634,21.4606,18.2705
Fri Sep 17 2027,1.3534,570.0,0.7705,193.8,216.5411,213.3905,0.2621,22.7411,19.5905
Fri Sep 17 2027,1.3534,575.0,0.7773,179.23,213.0666,209.7831,0.2641,33.8366,30.5531
Fri Sep 17 2027,1.3534,580.0,0.784,129.0,208.0992,205.1432,0.2574,79.0992,76.1432
Fri Sep 17 2027,1.3534,585.0,0.7908,115.15,203.9979,201.1132,0.2556,88.8479,85.9632
Fri Sep 17 2027,1.3534,590.0,0.7976,169.07,199.9156,197.1039,0.2538,30.8456,28.0339
Fri Sep 17 2027,1.3534,595.0,0.8043,150.0,194.9861,192.501,0.2474,44.9861,42.501
Fri Sep 17 2027,1.3534,600.0,0.8111,184.19,190.9791,188.5561,0.2459,6.7891,4.3661
Fri Sep 17 2027,1.3534,605.0,0.8178,151.16,186.7989,184.495,0.2434,35.6389,33.335
Fri Sep 17 2027,1.3534,610.0,0.8246,169.0,183.4212,181.0195,0.2448,14.4212,12.0195
Fri Sep 17 2027,1.3534,615.0,0.8314,158.6,179.3919,177.0839,0.2428,20.7919,18.4839
Fri Sep 17 2027,1.3534,620.0,0.8381,161.53,175.383,173.1703,0.2408,13.853,11.6403
Fri Sep 17 2027,1.3534,625.0,0.8449,142.75,171.591,169.4239,0.2397,28.841,26.6739
Fri Sep 17 2027,1.3534,630.0,0.8516,156.09,167.5842,165.5272,0.2375,11.4942,9.4372
Fri Sep 17 2027,1.3534,635.0,0.8584,149.89,163.5749,161.6359,0.2352,13.6849,11.7459
Fri Sep 17 2027,1.3534,640.0,0.8652,134.43,159.5856,157.7665,0.2329,25.1556,23.3365
Fri Sep 17 2027,1.3534,645.0,0.8719,146.33,155.6168,153.9196,0.2306,9.2868,7.5896
Fri Sep 17 2027,1.3534,650.0,0.8787,139.26,151.911,150.278,0.2293,12.651,11.018
Fri Sep 17 2027,1.3534,655.0,0.8854,118.46,147.9654,146.4638,0.2269,29.5054,28.0038
Fri Sep 17 2027,1.3534,660.0,0.8922,136.16,144.2931,142.8644,0.2255,8.1331,6.7044
Fri Sep 17 2027,1.3534,665.0,0.899,122.0,140.3451,139.0634,0.2229,18.3451,17.0634
Fri Sep 17 2027,1.3534,670.0,0.9057,126.99,136.6796,135.4859,0.2213,9.6896,8.4959
Fri Sep 17 2027,1.3534,675.0,0.9125,124.98,132.7534,131.7163,0.2186,7.7734,6.7363
Fri Sep 17 2027,1.3534,680.0,0.9192,120.39,129.1198,128.1798,0.2169,8.7298,7.7898
Fri Sep 17 2027,1.3534,685.0,0.926,111.53,125.491,124.6556,0.2151,13.961,13.1256
Fri Sep 17 2027,1.3534,690.0,0.9327,113.3,121.6428,120.9693,0.2124,8.3428,7.6693
Fri Sep 17 2027,1.3534,695.0,0.9395,109.48,118.0754,117.5094,0.2106,8.5954,8.0294
Fri Sep 17 2027,1.3534,700.0,0.9463,106.77,114.4555,114.0173,0.2085,7.6855,7.2473
Fri Sep 17 2027,1.3534,705.0,0.953,103.51,110.868,110.5588,0.2064,7.358,7.0488
Fri Sep 17 2027,1.3534,710.0,0.9598,95.99,107.3139,107.1354,0.2043,11.3239,11.1454
Fri Sep 17 2027,1.3534,715.0,0.9665,96.98,103.8245,103.7716,0.2023,6.8445,6.7916
Fri Sep 17 2027,1.3534,720.0,0.9733,90.3,100.4938,100.5424,0.2007,10.1938,10.2424
Fri Sep 17 2027,1.3534,725.0,0.9801,83.39,97.0181,97.2075,0.1985,13.6281,13.8175
Fri Sep 17 2027,1.3534,730.0,0.9868,86.16,93.548,93.886,0.1962,7.388,7.726
Fri Sep 17 2027,1.3534,735.0,0.9936,77.88,90.3059,90.7553,0.1945,12.4259,12.8753
Fri Sep 17 2027,1.3534,740.0,1.0003,80.92,87.1389,87.6944,0.1929,6.2189,6.7744
Fri Sep 17 2027,1.3534,745.0,1.0071,76.5,83.7252,84.446,0.1904,7.2252,7.946
Fri Sep 17 2027,1.3534,750.0,1.0139,74.98,80.5481,81.3965,0.1885,5.5681,6.4165
Fri Sep 17 2027,1.3534,755.0,1.0206,66.77,77.4163,78.3934,0.1866,10.6463,11.6234
Fri Sep 17 2027,1.3534,760.0,1.0274,67.5,74.3643,75.4648,0.1848,6.8643,7.9648
Fri Sep 17 2027,1.3534,765.0,1.0341,66.75,71.3272,72.5586,0.1829,4.5772,5.8086
Fri Sep 17 2027,1.3534,770.0,1.0409,62.62,68.4067,69.7569,0.1812,5.7867,7.1369
Fri Sep 17 2027,1.3534,775.0,1.0477,59.12,65.5035,66.9799,0.1794,6.3835,7.8599
Fri Sep 17 2027,1.3534,780.0,1.0544,57.27,62.6182,64.2283,0.1775,5.3482,6.9583
Fri Sep 17 2027,1.3534,785.0,1.0612,49.43,59.8201,61.5584,0.1757,10.3901,12.1284
Fri Sep 17 2027,1.3534,790.0,1.0679,51.71,57.1108,58.9714,0.174,5.4008,7.2614
Fri Sep 17 2027,1.3534,795.0,1.0747,49.17,54.4231,56.4136,0.1722,5.2531,7.2436
Fri Sep 17 2027,1.3534,800.0,1.0814,47.28,51.7924,53.9135,0.1704,4.5124,6.6335
Fri Sep 17 2027,1.3534,805.0,1.0882,43.7,49.2542,51.5003,0.1687,5.5542,7.8003
Fri Sep 17 2027,1.3534,810.0,1.095,40.86,46.8097,49.1748,0.1671,5.9497,8.3148
Fri Sep 17 2027,1.3534,815.0,1.1017,40.28,44.4595,46.938,0.1656,4.1795,6.658
Fri Sep 17 2027,1.3534,820.0,1.1085,34.75,42.1362,44.7352,0.164,7.3862,9.9852
Fri Sep 17 2027,1.3534,825.0,1.1152,34.44,39.875,42.5953,0.1624,5.435,8.1553
Fri Sep 17 2027,1.3534,830.0,1.122,28.68,37.7438,40.5729,0.161,9.0638,11.8929
Fri Sep 17 2027,1.3534,835.0,1.1288,19.9,35.6753,38.6139,0.1596,15.7753,18.7139
Fri Sep 17 2027,1.3534,840.0,1.1355,28.7,33.7028,36.745,0.1583,5.0028,8.045
Fri Sep 17 2027,1.3534,845.0,1.1423,25.23,31.7932,34.9395,0.157,6.5632,9.7095
Fri Sep 17 2027,1.3534,850.0,1.149,25.83,29.9467,33.1977,0.1557,4.1167,7.3677
Fri Sep 17 2027,1.3534,855.0,1.1558,24.27,28.2271,31.5701,0.1546,3.9571,7.3001
Fri Sep 17 2027,1.3534,860.0,1.1626,23.23,26.5375,29.9798,0.1534,3.3075,6.7498
Fri Sep 17 2027,1.3534,865.0,1.1693,20.81,25.0026,28.5248,0.1525,4.1926,7.7148
Fri Sep 17 2027,1.3534,870.0,1.1761,19.48,23.4963,27.1055,0.1515,4.0163,7.6255
Fri Sep 17 2027,1.3534,875.0,1.1828,17.25,22.0492,25.746,0.1505,4.7992,8.496
Fri Sep 17 2027,1.3534,880.0,1.1896,10.57,20.7191,24.4905,0.1497,10.1491,13.9205
Fri Sep 17 2027,1.3534,885.0,1.1964,14.01,19.4447,23.2911,0.1489,5.4347,9.2811
Fri Sep 17 2027,1.3534,890.0,1.2031,13.0,18.2528,22.1681,0.1482,5.2528,9.1681
Fri Sep 17 2027,1.3534,895.0,1.2099,8.0,17.1134,21.0979,0.1475,9.1134,13.0979
Fri Sep 17 2027,1.3534,900.0,1.2166,12.93,16.0255,20.0795,0.1468,3.0955,7.1495
Fri Sep 17 2027,1.3534,905.0,1.2234,10.51,15.0137,19.1309,0.1462,4.5037,8.6209
Fri Sep 17 2027,1.3534,910.0,1.2301,6.7,14.0747,18.2487,0.1457,7.3747,11.5487
Fri Sep 17 2027,1.3534,915.0,1.2369,11.05,13.2051,17.4294,0.1453,2.1551,6.3794
Fri Sep 17 2027,1.3534,920.0,1.2437,9.99,12.3544,16.636,0.1448,2.3644,6.646
Fri Sep 17 2027,1.3534,925.0,1.2504,9.56,11.5462,15.8855,0.1443,1.9862,6.3255
Fri Sep 17 2027,1.3534,930.0,1.2572,7.56,10.8015,15.1917,0.1439,3.2415,7.6317
Fri Sep 17 2027,1.3534,935.0,1.2639,7.08,10.1166,14.5512,0.1436,3.0366,7.4712
Fri Sep 17 2027,1.3534,940.0,1.2707,7.51,9.4674,13.9466,0.1433,1.9574,6.4366
Fri Sep 17 2027,1.3534,945.0,1.2775,7.02,8.8526,13.3766,0.143,1.8326,6.3566
Fri Sep 17 2027,1.3534,950.0,1.2842,6.8,8.2709,12.8398,0.1427,1.4709,6.0398
Fri Sep 17 2027,1.3534,960.0,1.2977,5.16,7.2374,11.8827,0.1423,2.0774,6.7227
Fri Sep 17 2027,1.3534,970.0,1.3113,4.07,6.3653,11.0662,0.1422,2.2953,6.9962
Fri Sep 17 2027,1.3534,975.0,1.318,4.21,5.9573,10.6895,0.1421,1.7473,6.4795
Fri Sep 17 2027,1.3534,980.0,1.3248,4.63,5.557,10.3279,0.1419,0.927,5.6979
Fri Sep 17 2027,1.3534,985.0,1.3315,4.35,5.1947,9.9972,0.1418,0.8447,5.6472
Fri Sep 17 2027,1.3534,990.0,1.3383,4.06,4.8676,9.6945,0.1418,0.8076,5.6345
Fri Sep 17 2027,1.3534,995.0,1.345,3.8,4.6002,9.4295,0.1421,0.8002,5.6295
Fri Sep 17 2027,1.3534,1000.0,1.3518,3.24,4.3212,9.1674,0.1422,1.0812,5.9274
Fri Sep 17 2027,1.3534,1005.0,1.3586,2.76,4.0456,8.916,0.1422,1.2856,6.156
Fri Sep 17 2027,1.3534,1010.0,1.3653,2.6,3.8102,8.69,0.1424,1.2102,6.09
Fri Sep 17 2027,1.3534,1015.0,1.3721,2.52,3.5766,8.4731,0.1425,1.0566,5.9531
Fri Sep 17 2027,1.3534,1020.0,1.3788,2.35,3.3678,8.2734,0.1427,1.0178,5.9234
Fri Sep 17 2027,1.3534,1025.0,1.3856,2.21,3.1815,8.0884,0.143,0.9715,5.8784
Fri Sep 17 2027,1.3534,1030.0,1.3924,2.4,2.9954,7.9111,0.1432,0.5954,5.5111
Fri Sep 17 2027,1.3534,1035.0,1.3991,2.17,2.8299,7.7465,0.1435,0.6599,5.5765
Fri Sep 17 2027,1.3534,1040.0,1.4059,2.13,2.6737,7.5909,0.1438,0.5437,5.4609
Fri Sep 17 2027,1.3534,1050.0,1.4194,1.9,2.3872,7.305,0.1444,0.4872,5.405
Fri Sep 17 2027,1.3534,1060.0,1.4329,1.67,2.1482,7.0498,0.1452,0.4782,5.3798
Fri Sep 17 2027,1.3534,1070.0,1.4464,0.94,1.9347,6.8186,0.146,0.9947,5.8786
Fri Sep 17 2027,1.3534,1080.0,1.46,0.69,1.7439,6.6088,0.1468,1.0539,5.9188
Fri Sep 17 2027,1.3534,1090.0,1.4735,0.93,1.5862,6.4142,0.1478,0.6562,5.4842
Fri Sep 17 2027,1.3534,1100.0,1.487,0.99,1.4386,6.2362,0.1487,0.4486,5.2462
Fri Sep 17 2027,1.3534,1110.0,1.5005,0.93,1.3118,6.0689,0.1497,0.3818,5.1389
Fri Sep 17 2027,1.3534,1120.0,1.514,0.84,1.1978,5.9125,0.1507,0.3578,5.0725
Fri Sep 17 2027,1.3534,1140.0,1.5411,0.75,0.9981,5.6313,0.1526,0.2481,4.8813
Fri Sep 17 2027,1.3534,1150.0,1.5546,0.67,0.9149,5.5003,0.1536,0.2449,4.8303
Fri Sep 17 2027,1.3534,1160.0,1.5681,0.43,0.8283,5.3908,0.1543,0.3983,4.9608
Fri Sep 17 2027,1.3534,1170.0,1.5816,0.34,0.7612,5.2724,0.1553,0.4212,4.9324
Fri Sep 17 2027,1.3534,1180.0,1.5951,0.48,0.6938,5.1702,0.1561,0.2138,4.6902
Fri Sep 17 2027,1.3534,1200.0,1.6222,0.39,0.5812,4.9742,0.1578,0.1912,4.5842
Fri Sep 17 2027,1.3534,1230.0,1.6627,0.24,0.4554,4.687,0.1606,0.2154,4.447
Fri Sep 17 2027,1.3534,1250.0,1.6898,0.26,0.3801,4.5416,0.162,0.1201,4.2816
Fri Sep 17 2027,1.3534,1280.0,1.7303,0.21,0.3051,4.2697,0.1649,0.0951,4.0597
Fri Sep 17 2027,1.3534,1290.0,1.7438,0.21,0.2801,4.2031,0.1656,0.0701,3.9931
Fri Sep 17 2027,1.3534,1300.0,1.7574,0.21,0.2677,4.0742,0.167,0.0577,3.8642
Fri Dec 17 2027,1.6027,125.0,0.169,556.3,623.2589,620.8708,0.5351,66.9589,64.5708
Fri Dec 17 2027,1.6027,200.0,0.2704,535.0,553.3546,549.95,0.4192,18.3546,14.95
Fri Dec 17 2027,1.6027,205.0,0.2771,483.0,548.5594,545.4173,0.3872,65.5594,62.4173
Fri Dec 17 2027,1.6027,210.0,0.2839,480.63,544.0644,540.5712,0.4112,63.4344,59.9412
Fri Dec 17 2027,1.6027,215.0,0.2906,423.44,539.5773,535.8591,0.4251,116.1373,112.4191
Fri Dec 17 2027,1.6027,220.0,0.2974,465.0,535.0871,531.2018,0.4336,70.0871,66.2018
Fri Dec 17 2027,1.6027,225.0,0.3042,327.0,530.3941,526.512,0.4242,203.3941,199.512
Fri Dec 17 2027,1.6027,230.0,0.3109,492.17,525.6146,521.8319,0.4075,33.4446,29.6619
Fri Dec 17 2027,1.6027,235.0,0.3177,467.19,521.1196,517.17,0.4147,53.9296,49.98
Fri Dec 17 2027,1.6027,240.0,0.3244,459.75,516.6341,512.5385,0.4201,56.8841,52.7885
Fri Dec 17 2027,1.6027,250.0,0.338,451.48,507.4557,503.2454,0.4154,55.9757,51.7654
Fri Dec 17 2027,1.6027,255.0,0.3447,395.0,502.6754,498.551,0.4023,107.6754,103.551
Fri Dec 17 2027,1.6027,260.0,0.3515,460.0,498.1731,493.9348,0.4047,38.1731,33.9348
Fri Dec 17 2027,1.6027,265.0,0.3582,401.16,493.6786,489.334,0.4065,92.5186,88.174
Fri Dec 17 2027,1.6027,270.0,0.365,455.31,489.1892,484.7459,0.4077,33.8792,29.4359
Fri Dec 17 2027,1.6027,275.0,0.3717,430.38,484.5348,480.0958,0.4017,54.1548,49.7158
Fri Dec 17 2027,1.6027,280.0,0.3785,422.41,479.7544,475.4073,0.3906,57.3444,52.9973
Fri Dec 17 2027,1.6027,285.0,0.3853,419.44,475.2336,470.8139,0.3903,55.7936,51.3739
Fri Dec 17 2027,1.6027,290.0,0.392,377.24,470.7297,466.234,0.3902,93.4897,88.994
Fri Dec 17 2027,1.6027,295.0,0.3988,412.85,466.2325,461.6644,0.3899,53.3825,48.8144
Fri Dec 17 2027,1.6027,300.0,0.4055,451.61,461.7348,457.1015,0.3892,10.1248,5.4915
Fri Dec 17 2027,1.6027,305.0,0.4123,399.77,457.1142,452.4881,0.3845,57.3442,52.7181
Fri Dec 17 2027,1.6027,310.0,0.4191,397.45,452.5845,447.9199,0.3825,55.1345,50.4699
Fri Dec 17 2027,1.6027,315.0,0.4258,355.95,448.0644,443.361,0.3806,92.1144,87.411
Fri Dec 17 2027,1.6027,320.0,0.4326,353.17,443.3006,438.6951,0.372,90.1306,85.5251
Fri Dec 17 2027,1.6027,325.0,0.4393,398.65,438.7803,434.1428,0.3701,40.1303,35.4928
Fri Dec 17 2027,1.6027,330.0,0.4461,327.0,434.2905,429.6097,0.3688,107.2905,102.6097
Fri Dec 17 2027,1.6027,335.0,0.4529,336.68,429.7886,425.0765,0.367,93.1086,88.3965
Fri Dec 17 2027,1.6027,340.0,0.4596,370.85,425.2894,420.5498,0.3651,54.4394,49.6998
Fri Dec 17 2027,1.6027,345.0,0.4664,352.81,420.7876,416.0269,0.363,67.9776,63.2169
Fri Dec 17 2027,1.6027,350.0,0.4731,367.9,416.1854,411.4585,0.3587,48.2854,43.5585
Fri Dec 17 2027,1.6027,355.0,0.4799,354.02,411.6711,406.9381,0.3562,57.6511,52.9181
Fri Dec 17 2027,1.6027,360.0,0.4867,349.26,407.1611,402.4249,0.3537,57.9011,53.1649
Fri Dec 17 2027,1.6027,365.0,0.4934,345.29,402.6556,397.9185,0.3512,57.3656,52.6285
Fri Dec 17 2027,1.6027,370.0,0.5002,373.5,398.1547,393.4192,0.3487,24.6547,19.9192
Fri Dec 17 2027,1.6027,375.0,0.5069,355.09,393.6583,388.9272,0.3462,38.5683,33.8372
Fri Dec 17 2027,1.6027,380.0,0.5137,347.09,389.1484,384.4325,0.3434,42.0584,37.3425
Fri Dec 17 2027,1.6027,385.0,0.5204,327.99,384.6418,379.9444,0.3406,56.6518,51.9544
Fri Dec 17 2027,1.6027,390.0,0.5272,316.41,380.1386,375.4627,0.3378,63.7286,59.0527
Fri Dec 17 2027,1.6027,395.0,0.534,326.39,375.6388,370.9873,0.335,49.2488,44.5973
Fri Dec 17 2027,1.6027,400.0,0.5407,359.99,371.1493,366.5225,0.3323,11.1593,6.5325
Fri Dec 17 2027,1.6027,405.0,0.5475,327.22,366.6565,362.0604,0.3295,39.4365,34.8404
Fri Dec 17 2027,1.6027,410.0,0.5542,350.74,362.1745,357.609,0.3268,11.4345,6.869
Fri Dec 17 2027,1.6027,415.0,0.561,312.39,357.6888,353.1604,0.324,45.2988,40.7704
Fri Dec 17 2027,1.6027,420.0,0.5678,282.0,353.2144,348.7228,0.3213,71.2144,66.7228
Fri Dec 17 2027,1.6027,425.0,0.5745,303.5,348.7441,344.2922,0.3186,45.2441,40.7922
Fri Dec 17 2027,1.6027,430.0,0.5813,245.0,344.3198,339.8931,0.3164,99.3198,94.8931
Fri Dec 17 2027,1.6027,435.0,0.588,301.25,340.0335,335.5805,0.3157,38.7835,34.3305
Fri Dec 17 2027,1.6027,440.0,0.5948,275.12,335.5729,331.1707,0.3129,60.4529,56.0507
Fri Dec 17 2027,1.6027,445.0,0.6016,281.16,331.1068,326.7623,0.31,49.9468,45.6023
Fri Dec 17 2027,1.6027,450.0,0.6083,314.5,326.6535,322.3663,0.3072,12.1535,7.8663
Fri Dec 17 2027,1.6027,455.0,0.6151,294.49,322.204,317.9773,0.3044,27.714,23.4873
Fri Dec 17 2027,1.6027,460.0,0.6218,247.0,317.9829,313.7333,0.3038,70.9829,66.7333
Fri Dec 17 2027,1.6027,465.0,0.6286,221.2,313.5685,309.3763,0.3012,92.3685,88.1763
Fri Dec 17 2027,1.6027,470.0,0.6353,264.5,309.1377,305.0138,0.2984,44.6377,40.5138
Fri Dec 17 2027,1.6027,475.0,0.6421,266.16,304.7221,300.6656,0.2957,38.5621,34.5056
Fri Dec 17 2027,1.6027,480.0,0.6489,282.08,300.5304,296.4646,0.2949,18.4504,14.3846
Fri Dec 17 2027,1.6027,485.0,0.6556,263.0,296.0947,292.1139,0.2919,33.0947,29.1139
Fri Dec 17 2027,1.6027,490.0,0.6624,268.41,291.6744,287.7777,0.289,23.2644,19.3677
Fri Dec 17 2027,1.6027,495.0,0.6691,223.21,287.4965,283.6038,0.288,64.2865,60.3938
Fri Dec 17 2027,1.6027,500.0,0.6759,272.57,283.1028,279.295,0.2852,10.5328,6.725
Fri Dec 17 2027,1.6027,505.0,0.6827,267.16,278.9404,275.1439,0.2841,11.7804,7.9839
Fri Dec 17 2027,1.6027,510.0,0.6894,260.48,274.5482,270.8463,0.2812,14.0682,10.3663
Fri Dec 17 2027,1.6027,515.0,0.6962,233.93,270.4141,266.7265,0.2801,36.4841,32.7965
Fri Dec 17 2027,1.6027,520.0,0.7029,254.51,266.0512,262.4587,0.2773,11.5412,7.9487
Fri Dec 17 2027,1.6027,525.0,0.7097,228.48,261.9171,258.3516,0.276,33.4371,29.8716
Fri Dec 17 2027,1.6027,530.0,0.7165,239.2,257.5397,254.0839,0.273,18.3397,14.8839
Fri Dec 17 2027,1.6027,535.0,0.7232,229.15,253.4174,249.997,0.2716,24.2674,20.847
Fri Dec 17 2027,1.6027,540.0,0.73,238.6,249.2963,245.9174,0.2701,10.6963,7.3174
Fri Dec 17 2027,1.6027,545.0,0.7367,228.37,244.9429,241.6816,0.2671,16.5729,13.3116
Fri Dec 17 2027,1.6027,550.0,0.7435,228.89,240.6281,237.4774,0.2643,11.7381,8.5874
Fri Dec 17 2027,1.6027,555.0,0.7503,225.85,236.6495,233.5158,0.2634,10.7995,7.6658
Fri Dec 17 2027,1.6027,560.0,0.757,221.93,232.3905,229.3619,0.2608,10.4605,7.4319
Fri Dec 17 2027,1.6027,565.0,0.7638,217.85,228.4325,225.4286,0.2598,10.5825,7.5786
Fri Dec 17 2027,1.6027,570.0,0.7705,212.99,224.3473,221.4109,0.258,11.3573,8.4209
Fri Dec 17 2027,1.6027,575.0,0.7773,205.95,220.0859,217.2716,0.2552,14.1359,11.3216
Fri Dec 17 2027,1.6027,580.0,0.784,205.71,215.9498,213.2284,0.253,10.2398,7.5184
Fri Dec 17 2027,1.6027,585.0,0.7908,201.24,211.7867,209.171,0.2506,10.5467,7.931
Fri Dec 17 2027,1.6027,590.0,0.7976,192.17,207.8405,205.2784,0.2492,15.6705,13.1084
Fri Dec 17 2027,1.6027,595.0,0.8043,187.96,203.8525,201.3619,0.2475,15.8925,13.4019
Fri Dec 17 2027,1.6027,600.0,0.8111,190.12,199.7544,197.37,0.2452,9.6344,7.25
Fri Dec 17 2027,1.6027,605.0,0.8178,185.5,195.9557,193.6072,0.2442,10.4557,8.1072
Fri Dec 17 2027,1.6027,610.0,0.8246,181.49,192.0037,189.737,0.2424,10.5137,8.247
Fri Dec 17 2027,1.6027,615.0,0.8314,177.0,188.094,185.9049,0.2407,11.094,8.9049
Fri Dec 17 2027,1.6027,620.0,0.8381,173.15,184.158,182.0596,0.2388,11.008,8.9096
Fri Dec 17 2027,1.6027,625.0,0.8449,169.6,179.7868,177.8899,0.235,10.1868,8.2899
Fri Dec 17 2027,1.6027,630.0,0.8516,159.1,176.3443,174.4322,0.235,17.2443,15.3322
Fri Dec 17 2027,1.6027,635.0,0.8584,162.39,172.0194,170.3077,0.2313,9.6294,7.9177
Fri Dec 17 2027,1.6027,640.0,0.8652,159.97,168.6625,166.9315,0.2314,8.6925,6.9615
Fri Dec 17 2027,1.6027,645.0,0.8719,154.42,164.8548,163.2167,0.2296,10.4348,8.7967
Fri Dec 17 2027,1.6027,650.0,0.8787,152.22,161.0699,159.5263,0.2278,8.8499,7.3063
Fri Dec 17 2027,1.6027,655.0,0.8854,142.36,157.3084,155.8607,0.226,14.9484,13.5007
Fri Dec 17 2027,1.6027,660.0,0.8922,143.44,153.0236,151.7937,0.2222,9.5836,8.3537
Fri Dec 17 2027,1.6027,665.0,0.899,140.13,149.1898,148.0837,0.22,9.0598,7.9537
Fri Dec 17 2027,1.6027,670.0,0.9057,130.2,145.5472,144.53,0.2184,15.3472,14.33
Fri Dec 17 2027,1.6027,675.0,0.9125,127.74,141.875,140.9602,0.2166,14.135,13.2202
Fri Dec 17 2027,1.6027,680.0,0.9192,128.54,138.8154,137.8816,0.2168,10.2754,9.3416
Fri Dec 17 2027,1.6027,685.0,0.926,126.93,135.2365,134.4012,0.2151,8.3065,7.4712
Fri Dec 17 2027,1.6027,690.0,0.9327,119.45,131.6563,130.9268,0.2133,12.2063,11.4768
Fri Dec 17 2027,1.6027,695.0,0.9395,119.05,127.4904,126.9931,0.2095,8.4404,7.9431
Fri Dec 17 2027,1.6027,700.0,0.9463,116.14,124.5513,124.0441,0.2096,8.4113,7.9041
Fri Dec 17 2027,1.6027,705.0,0.953,112.25,120.9956,120.611,0.2076,8.7456,8.361
Fri Dec 17 2027,1.6027,710.0,0.9598,109.96,116.8603,116.7196,0.2037,6.9003,6.7596
Fri Dec 17 2027,1.6027,715.0,0.9665,105.07,114.1678,113.9944,0.2042,9.0978,8.9244
Fri Dec 17 2027,1.6027,720.0,0.9733,101.92,109.8496,109.968,0.1996,7.9296,8.048
Fri Dec 17 2027,1.6027,725.0,0.9801,98.31,107.2072,107.3009,0.2,8.8972,8.9909
Fri Dec 17 2027,1.6027,730.0,0.9868,95.29,104.0105,104.1948,0.1986,8.7205,8.9048
Fri Dec 17 2027,1.6027,735.0,0.9936,93.45,101.398,101.5706,0.1988,7.948,8.1206
Fri Dec 17 2027,1.6027,740.0,1.0003,88.96,98.2156,98.4935,0.1972,9.2556,9.5335
Fri Dec 17 2027,1.6027,745.0,1.0071,87.98,94.2354,94.7753,0.1932,6.2554,6.7953
Fri Dec 17 2027,1.6027,750.0,1.0139,84.13,91.0519,91.7126,0.1914,6.9219,7.5826
Fri Dec 17 2027,1.6027,755.0,1.0206,79.62,87.9428,88.7189,0.1897,8.3228,9.0989
Fri Dec 17 2027,1.6027,760.0,1.0274,78.0,84.8744,85.7668,0.188,6.8744,7.7668
Fri Dec 17 2027,1.6027,765.0,1.0341,73.83,80.8743,82.0602,0.1836,7.0443,8.2302
Fri Dec 17 2027,1.6027,770.0,1.0409,66.89,77.9556,79.2472,0.1821,11.0656,12.3572
Fri Dec 17 2027,1.6027,775.0,1.0477,68.04,75.9222,77.1697,0.1829,7.8822,9.1297
Fri Dec 17 2027,1.6027,780.0,1.0544,66.8,73.0259,74.3936,0.1812,6.2259,7.5936
Fri Dec 17 2027,1.6027,785.0,1.0612,63.73,70.175,71.6639,0.1795,6.445,7.9339
Fri Dec 17 2027,1.6027,790.0,1.0679,61.54,67.3706,68.9816,0.1778,5.8306,7.4416
Fri Dec 17 2027,1.6027,795.0,1.0747,58.93,64.651,66.3783,0.1762,5.721,7.4483
Fri Dec 17 2027,1.6027,800.0,1.0814,55.51,62.0173,63.8552,0.1747,6.5073,8.3452
Fri Dec 17 2027,1.6027,805.0,1.0882,53.79,59.3588,61.3214,0.173,5.5688,7.5314
Fri Dec 17 2027,1.6027,810.0,1.095,51.19,56.7882,58.8695,0.1714,5.5982,7.6795
Fri Dec 17 2027,1.6027,815.0,1.1017,48.91,54.2692,56.47,0.1698,5.3592,7.56
Fri Dec 17 2027,1.6027,820.0,1.1085,46.21,51.8399,54.1544,0.1683,5.6299,7.9444
Fri Dec 17 2027,1.6027,825.0,1.1152,40.93,49.501,51.9233,0.1669,8.571,10.9933
Fri Dec 17 2027,1.6027,830.0,1.122,41.85,47.2159,49.7466,0.1655,5.3659,7.8966
Fri Dec 17 2027,1.6027,835.0,1.1288,37.73,44.9482,47.5948,0.164,7.2182,9.8648
Fri Dec 17 2027,1.6027,840.0,1.1355,38.03,42.7726,45.5291,0.1626,4.7426,7.4991
Fri Dec 17 2027,1.6027,845.0,1.1423,35.0,40.6893,43.5495,0.1613,5.6893,8.5495
Fri Dec 17 2027,1.6027,850.0,1.149,33.88,38.6616,41.6261,0.16,4.7816,7.7461
Fri Dec 17 2027,1.6027,855.0,1.1558,31.47,36.7258,39.7887,0.1588,5.2558,8.3187
Fri Dec 17 2027,1.6027,860.0,1.1626,30.61,34.8458,38.0076,0.1576,4.2358,7.3976
Fri Dec 17 2027,1.6027,865.0,1.1693,28.69,33.0216,36.2829,0.1564,4.3316,7.5929
Fri Dec 17 2027,1.6027,870.0,1.1761,27.33,31.2883,34.6428,0.1553,3.9583,7.3128
Fri Dec 17 2027,1.6027,875.0,1.1828,26.05,29.6102,33.0585,0.1542,3.5602,7.0085
Fri Dec 17 2027,1.6027,880.0,1.1896,24.24,28.0549,31.584,0.1533,3.8149,7.344
Fri Dec 17 2027,1.6027,885.0,1.1964,22.19,26.5525,30.163,0.1524,4.3625,7.973
Fri Dec 17 2027,1.6027,890.0,1.2031,19.41,25.0699,28.7688,0.1514,5.6599,9.3588
Fri Dec 17 2027,1.6027,895.0,1.2099,18.22,23.6727,27.4539,0.1505,5.4527,9.2339
Fri Dec 17 2027,1.6027,900.0,1.2166,19.45,22.3905,26.2408,0.1498,2.9405,6.7908
Fri Dec 17 2027,1.6027,905.0,1.2234,17.45,21.1258,25.0524,0.149,3.6758,7.6024
Fri Dec 17 2027,1.6027,910.0,1.2301,16.18,19.9407,23.9372,0.1483,3.7607,7.7572
Fri Dec 17 2027,1.6027,915.0,1.2369,15.75,18.8028,22.8694,0.1476,3.0528,7.1194
Fri Dec 17 2027,1.6027,920.0,1.2437,11.84,17.7403,21.8706,0.147,5.9003,10.0306
Fri Dec 17 2027,1.6027,925.0,1.2504,13.33,16.7218,20.9163,0.1464,3.3918,7.5863
Fri Dec 17 2027,1.6027,930.0,1.2572,13.31,15.7466,20.0054,0.1458,2.4366,6.6954
Fri Dec 17 2027,1.6027,935.0,1.2639,11.8,14.8676,19.1772,0.1454,3.0676,7.3772
Fri Dec 17 2027,1.6027,940.0,1.2707,11.68,14.0007,18.3683,0.1449,2.3207,6.6883
Fri Dec 17 2027,1.6027,945.0,1.2775,10.43,13.1726,17.5986,0.1444,2.7426,7.1686
Fri Dec 17 2027,1.6027,950.0,1.2842,10.45,12.4071,16.8847,0.144,1.9571,6.4347
Fri Dec 17 2027,1.6027,955.0,1.291,4.46,11.6769,16.2064,0.1436,7.2169,11.7464
Fri Dec 17 2027,1.6027,960.0,1.2977,7.6,10.9809,15.5625,0.1432,3.3809,7.9625
Fri Dec 17 2027,1.6027,965.0,1.3045,5.43,10.3635,14.9833,0.143,4.9335,9.5533
Fri Dec 17 2027,1.6027,970.0,1.3113,8.1,9.7314,14.4037,0.1426,1.6314,6.3037
Fri Dec 17 2027,1.6027,975.0,1.318,7.09,9.1516,13.8695,0.1423,2.0616,6.7795
Fri Dec 17 2027,1.6027,980.0,1.3248,6.18,8.621,13.3775,0.1421,2.441,7.1975
Fri Dec 17 2027,1.6027,985.0,1.3315,1.65,8.1166,12.9119,0.1419,6.4666,11.2619
Fri Dec 17 2027,1.6027,990.0,1.3383,5.39,7.6567,12.4836,0.1418,2.2667,7.0936
Fri Dec 17 2027,1.6027,995.0,1.345,4.93,7.2198,12.0783,0.1417,2.2898,7.1483
Fri Dec 17 2027,1.6027,1000.0,1.3518,5.58,6.8048,11.6951,0.1416,1.2248,6.1151
Fri Dec 17 2027,1.6027,1005.0,1.3586,5.25,6.3936,11.323,0.1414,1.1436,6.073
Fri Dec 17 2027,1.6027,1010.0,1.3653,3.87,6.0373,10.9913,0.1414,2.1673,7.1213
Fri Dec 17 2027,1.6027,1015.0,1.3721,4.06,5.683,10.6689,0.1413,1.623,6.6089
Fri Dec 17 2027,1.6027,1020.0,1.3788,1.31,5.3784,10.3814,0.1414,4.0684,9.0714
Fri Dec 17 2027,1.6027,1025.0,1.3856,3.38,5.0742,10.1018,0.1414,1.6942,6.7218
Fri Dec 17 2027,1.6027,1030.0,1.3924,3.2,4.7858,9.838,0.1414,1.5858,6.638
Fri Dec 17 2027,1.6027,1035.0,1.3991,1.89,4.5266,9.5956,0.1415,2.6366,7.7056
Fri Dec 17 2027,1.6027,1040.0,1.4059,1.75,4.2807,9.3666,0.1416,2.5307,7.6166
Fri Dec 17 2027,1.6027,1045.0,1.4126,2.62,4.0476,9.1502,0.1417,1.4276,6.5302
Fri Dec 17 2027,1.6027,1050.0,1.4194,3.04,3.8266,8.946,0.1418,0.7866,5.906
Fri Dec 17 2027,1.6027,1055.0,1.4262,2.32,3.6293,8.7576,0.142,1.3093,6.4376
Fri Dec 17 2027,1.6027,1060.0,1.4329,2.54,3.4538,8.583,0.1423,0.9138,6.043
Fri Dec 17 2027,1.6027,1065.0,1.4397,2.51,3.2645,8.41,0.1424,0.7545,5.9
Fri Dec 17 2027,1.6027,1070.0,1.4464,1.95,3.096,8.25,0.1426,1.146,6.3
Fri Dec 17 2027,1.6027,1075.0,1.4532,2.19,2.9468,8.101,0.1429,0.7568,5.911
Fri Dec 17 2027,1.6027,1080.0,1.46,2.18,2.805,7.9593,0.1432,0.625,5.7793
Fri Dec 17 2027,1.6027,1090.0,1.4735,2.03,2.533,7.6947,0.1437,0.503,5.6647
Fri Dec 17 2027,1.6027,1100.0,1.487,1.83,2.3232,7.4588,0.1446,0.4932,5.6288
Fri Dec 17 2027,1.6027,1110.0,1.5005,1.46,2.1083,7.2411,0.1452,0.6483,5.7811
Fri Dec 17 2027,1.6027,1120.0,1.514,1.35,1.922,7.0425,0.1459,0.572,5.6925
Fri Dec 17 2027,1.6027,1130.0,1.5275,1.18,1.7606,6.8592,0.1467,0.5806,5.6792
Fri Dec 17 2027,1.6027,1140.0,1.5411,1.08,1.6211,6.6877,0.1476,0.5411,5.6077
Fri Dec 17 2027,1.6027,1150.0,1.5546,0.36,1.4943,6.5273,0.1485,1.1343,6.1673
Fri Dec 17 2027,1.6027,1160.0,1.5681,0.96,1.3731,6.3796,0.1493,0.4131,5.4196
Fri Dec 17 2027,1.6027,1170.0,1.5816,0.7,1.263,6.2416,0.1501,0.563,5.5416
Fri Dec 17 2027,1.6027,1180.0,1.5951,0.66,1.168,6.1084,0.151,0.508,5.4484
Fri Dec 17 2027,1.6027,1190.0,1.6087,0.3,1.0766,5.9861,0.1518,0.7766,5.6861
Fri Dec 17 2027,1.6027,1200.0,1.6222,0.65,0.998,5.8658,0.1527,0.348,5.2158
Fri Dec 17 2027,1.6027,1210.0,1.6357,0.49,0.9219,5.7557,0.1535,0.4319,5.2657
Fri Dec 17 2027,1.6027,1220.0,1.6492,0.26,0.8484,5.6564,0.1542,0.5884,5.3964
Fri Dec 17 2027,1.6027,1230.0,1.6627,0.55,0.7853,5.5564,0.155,0.2353,5.0064
Fri Dec 17 2027,1.6027,1240.0,1.6762,0.35,0.7276,5.4606,0.1558,0.3776,5.1106
Fri Dec 17 2027,1.6027,1250.0,1.6898,0.51,0.6749,5.3681,0.1566,0.1649,4.8581
Fri Dec 17 2027,1.6027,1260.0,1.7033,0.34,0.6235,5.2854,0.1573,0.2835,4.9454
Fri Dec 17 2027,1.6027,1270.0,1.7168,0.17,0.5736,5.2129,0.1579,0.4036,5.0429
Fri Dec 17 2027,1.6027,1280.0,1.7303,0.17,0.5364,5.1218,0.1588,0.3664,4.9518
Fri Dec 17 2027,1.6027,1290.0,1.7438,0.25,0.497,5.0471,0.1595,0.247,4.7971
Fri Dec 17 2027,1.6027,1300.0,1.7574,0.34,0.4585,4.9823,0.1601,0.1185,4.6423
Fri Dec 17 2027,1.6027,1310.0,1.7709,0.2,0.4301,4.8954,0.161,0.2301,4.6954
Fri Dec 17 2027,1.6027,1320.0,1.7844,0.3,0.3975,4.8341,0.1616,0.0975,4.5341
Fri Dec 17 2027,1.6027,1330.0,1.7979,0.26,0.3717,4.7572,0.1624,0.1117,4.4972
Fri Dec 17 2027,1.6027,1340.0,1.8114,0.28,0.3576,4.637,0.1637,0.0776,4.357
Fri Jan 21 2028,1.6986,50.0,0.0676,628.51,696.3183,694.9699,1.1649,67.8083,66.4599
Fri Jan 21 2028,1.6986,60.0,0.0811,627.36,685.6376,684.2215,0.971,58.2776,56.8615
Fri Jan 21 2028,1.6986,100.0,0.1352,556.22,647.6377,645.9347,0.6972,91.4177,89.7147
Fri Jan 21 2028,1.6986,105.0,0.1419,566.79,642.4009,640.5164,0.59,75.6109,73.7264
Fri Jan 21 2028,1.6986,110.0,0.1487,563.32,637.5063,635.5716,0.4319,74.1863,72.2516
Fri Jan 21 2028,1.6986,115.0,0.1555,558.49,632.8503,633.1851,0.1672,74.3603,74.6951
Fri Jan 21 2028,1.6986,150.0,0.2028,526.94,600.3156,600.223,0.2084,73.3756,73.283
Fri Jan 21 2028,1.6986,180.0,0.2433,497.75,572.9134,569.5358,0.466,75.1634,71.7858
Fri Jan 21 2028,1.6986,195.0,0.2636,500.5,559.08,555.498,0.4526,58.58,54.998
Fri Jan 21 2028,1.6986,200.0,0.2704,543.11,554.5511,550.8618,0.455,11.4411,7.7518
Fri Jan 21 2028,1.6986,220.0,0.2974,477.0,536.2096,532.2528,0.4418,59.2096,55.2528
Fri Jan 21 2028,1.6986,225.0,0.3042,500.92,531.6859,527.64,0.4417,30.7659,26.72
Fri Jan 21 2028,1.6986,240.0,0.3244,445.03,517.9316,513.7316,0.4298,72.9016,68.7016
Fri Jan 21 2028,1.6986,245.0,0.3312,449.09,513.3611,509.11,0.4264,64.2711,60.02
Fri Jan 21 2028,1.6986,250.0,0.338,398.23,508.8412,504.5178,0.4251,110.6112,106.2878
Fri Jan 21 2028,1.6986,255.0,0.3447,417.83,504.3195,499.9292,0.4234,86.4895,82.0992
Fri Jan 21 2028,1.6986,260.0,0.3515,433.67,499.5604,495.2238,0.4121,65.8904,61.5538
Fri Jan 21 2028,1.6986,270.0,0.365,417.24,490.5277,486.0665,0.409,73.2877,68.8265
Fri Jan 21 2028,1.6986,280.0,0.3785,405.0,481.5031,476.9315,0.4052,76.5031,71.9315
Fri Jan 21 2028,1.6986,295.0,0.3988,407.72,467.7211,463.131,0.3912,60.0011,55.411
Fri Jan 21 2028,1.6986,300.0,0.4055,424.13,463.2298,458.5913,0.3895,39.0998,34.4613
Fri Jan 21 2028,1.6986,315.0,0.4258,380.0,449.6877,444.9631,0.3817,69.6877,64.9631
Fri Jan 21 2028,1.6986,320.0,0.4326,381.47,445.1862,440.4356,0.3792,63.7162,58.9656
Fri Jan 21 2028,1.6986,330.0,0.4461,341.57,436.1824,431.3929,0.3739,94.6124,89.8229
Fri Jan 21 2028,1.6986,335.0,0.4529,363.47,431.4396,426.7474,0.3661,67.9696,63.2774
Fri Jan 21 2028,1.6986,340.0,0.4596,408.0,426.935,422.2342,0.3634,18.935,14.2342
Fri Jan 21 2028,1.6986,350.0,0.4731,377.7,417.9365,413.2265,0.358,40.2365,35.5265
Fri Jan 21 2028,1.6986,355.0,0.4799,351.03,413.4482,408.7351,0.3554,62.4182,57.7051
Fri Jan 21 2028,1.6986,360.0,0.4867,348.8,408.9638,404.2504,0.3528,60.1638,55.4504
Fri Jan 21 2028,1.6986,365.0,0.4934,365.31,404.4599,399.7594,0.3498,39.1499,34.4494
Fri Jan 21 2028,1.6986,370.0,0.5002,386.0,399.9827,395.2875,0.3472,13.9827,9.2875
Fri Jan 21 2028,1.6986,375.0,0.5069,341.32,395.4969,390.8153,0.3444,54.1769,49.4953
Fri Jan 21 2028,1.6986,380.0,0.5137,326.03,391.0144,386.3494,0.3416,64.9844,60.3194
Fri Jan 21 2028,1.6986,385.0,0.5204,306.93,386.535,381.8898,0.3388,79.605,74.9598
Fri Jan 21 2028,1.6986,390.0,0.5272,369.0,382.0658,377.4404,0.3361,13.0658,8.4404
Fri Jan 21 2028,1.6986,395.0,0.534,279.24,377.5931,372.9934,0.3333,98.3531,93.7534
Fri Jan 21 2028,1.6986,400.0,0.5407,362.3,373.131,368.5571,0.3306,10.831,6.2571
Fri Jan 21 2028,1.6986,405.0,0.5475,304.62,368.9059,364.2654,0.3309,64.2859,59.6454
Fri Jan 21 2028,1.6986,410.0,0.5542,349.06,364.4424,359.838,0.328,15.3824,10.778
Fri Jan 21 2028,1.6986,415.0,0.561,271.37,359.9901,355.4219,0.3252,88.6201,84.0519
Fri Jan 21 2028,1.6986,420.0,0.5678,261.0,355.5326,351.0071,0.3223,94.5326,90.0071
Fri Jan 21 2028,1.6986,425.0,0.5745,282.91,351.078,346.5984,0.3194,68.168,63.6884
Fri Jan 21 2028,1.6986,430.0,0.5813,317.33,346.6353,342.2016,0.3166,29.3053,24.8716
Fri Jan 21 2028,1.6986,435.0,0.588,255.4,342.1868,337.8056,0.3137,86.7868,82.4056
Fri Jan 21 2028,1.6986,440.0,0.5948,251.0,337.9834,333.5665,0.3133,86.9834,82.5665
Fri Jan 21 2028,1.6986,445.0,0.6016,274.6,333.5372,329.1815,0.3103,58.9372,54.5815
Fri Jan 21 2028,1.6986,450.0,0.6083,312.0,329.1038,324.8089,0.3074,17.1038,12.8089
Fri Jan 21 2028,1.6986,455.0,0.6151,278.11,324.6629,320.4361,0.3044,46.5529,42.3261
Fri Jan 21 2028,1.6986,460.0,0.6218,252.56,320.4645,316.2227,0.3036,67.9045,63.6627
Fri Jan 21 2028,1.6986,465.0,0.6286,212.1,316.0235,311.8592,0.3005,103.9235,99.7592
Fri Jan 21 2028,1.6986,470.0,0.6353,246.78,311.6076,307.5162,0.2976,64.8276,60.7362
Fri Jan 21 2028,1.6986,475.0,0.6421,267.29,307.421,303.3273,0.2966,40.131,36.0373
Fri Jan 21 2028,1.6986,480.0,0.6489,290.0,303.0049,298.9937,0.2936,13.0049,8.9937
Fri Jan 21 2028,1.6986,485.0,0.6556,207.33,298.5917,294.6664,0.2906,91.2617,87.3364
Fri Jan 21 2028,1.6986,490.0,0.6624,220.82,294.4137,290.4997,0.2894,73.5937,69.6797
Fri Jan 21 2028,1.6986,495.0,0.6691,250.71,290.0249,286.1979,0.2865,39.3149,35.4879
Fri Jan 21 2028,1.6986,500.0,0.6759,270.22,285.8582,282.0504,0.2852,15.6382,11.8304
Fri Jan 21 2028,1.6986,505.0,0.6827,210.43,281.4678,277.7569,0.2822,71.0378,67.3269
Fri Jan 21 2028,1.6986,510.0,0.6894,250.5,277.3254,273.6372,0.2809,26.8254,23.1372
Fri Jan 21 2028,1.6986,515.0,0.6962,257.57,273.1845,269.5247,0.2795,15.6145,11.9547
Fri Jan 21 2028,1.6986,520.0,0.7029,250.74,268.8146,265.2596,0.2765,18.0746,14.5196
Fri Jan 21 2028,1.6986,525.0,0.7097,251.8,264.6982,261.1753,0.2751,12.8982,9.3753
Fri Jan 21 2028,1.6986,530.0,0.7165,235.94,260.3249,256.9171,0.272,24.3849,20.9771
Fri Jan 21 2028,1.6986,535.0,0.7232,239.0,256.2171,252.8501,0.2705,17.2171,13.8501
Fri Jan 21 2028,1.6986,540.0,0.73,225.05,252.1084,248.7884,0.2689,27.0584,23.7384
Fri Jan 21 2028,1.6986,545.0,0.7367,211.95,247.8589,244.6323,0.2664,35.9089,32.6823
Fri Jan 21 2028,1.6986,550.0,0.7435,232.98,243.5291,240.4236,0.2634,10.5491,7.4436
Fri Jan 21 2028,1.6986,555.0,0.7503,221.25,239.5655,236.4826,0.2624,18.3155,15.2326
Fri Jan 21 2028,1.6986,560.0,0.757,216.62,235.289,232.322,0.2596,18.669,15.702
Fri Jan 21 2028,1.6986,565.0,0.7638,214.0,231.2465,228.336,0.258,17.2465,14.336
Fri Jan 21 2028,1.6986,570.0,0.7705,213.3,227.143,224.3113,0.256,13.843,11.0113
Fri Jan 21 2028,1.6986,575.0,0.7773,210.8,223.0928,220.3314,0.2542,12.2928,9.5314
Fri Jan 21 2028,1.6986,580.0,0.784,207.53,219.038,216.3539,0.2523,11.508,8.8239
Fri Jan 21 2028,1.6986,585.0,0.7908,200.99,215.0399,212.4243,0.2506,14.0499,11.4343
Fri Jan 21 2028,1.6986,590.0,0.7976,199.2,211.0165,208.4817,0.2487,11.8165,9.2817
Fri Jan 21 2028,1.6986,595.0,0.8043,174.97,207.1838,204.6877,0.2476,32.2138,29.7177
Fri Jan 21 2028,1.6986,600.0,0.8111,192.8,203.0623,200.6834,0.2451,10.2623,7.8834
Fri Jan 21 2028,1.6986,605.0,0.8178,176.17,199.1113,196.8129,0.2433,22.9413,20.6429
Fri Jan 21 2028,1.6986,610.0,0.8246,184.24,195.1783,192.962,0.2415,10.9383,8.722
Fri Jan 21 2028,1.6986,615.0,0.8314,179.0,191.2875,189.1493,0.2398,12.2875,10.1493
Fri Jan 21 2028,1.6986,620.0,0.8381,177.51,187.3679,185.3208,0.2379,9.8579,7.8108
Fri Jan 21 2028,1.6986,625.0,0.8449,171.97,183.5162,181.5503,0.2362,11.5462,9.5803
Fri Jan 21 2028,1.6986,630.0,0.8516,167.91,179.7864,177.8799,0.2349,11.8764,9.9699
Fri Jan 21 2028,1.6986,635.0,0.8584,154.02,175.8241,174.0367,0.2326,21.8041,20.0167
Fri Jan 21 2028,1.6986,640.0,0.8652,157.35,172.0089,170.3131,0.2308,14.6589,12.9631
Fri Jan 21 2028,1.6986,645.0,0.8719,156.59,168.2149,166.6122,0.229,11.6249,10.0222
Fri Jan 21 2028,1.6986,650.0,0.8787,153.45,164.0349,162.6161,0.2257,10.5849,9.1661
Fri Jan 21 2028,1.6986,655.0,0.8854,144.73,160.6927,159.2809,0.2254,15.9627,14.5509
Fri Jan 21 2028,1.6986,660.0,0.8922,147.01,156.9938,155.6737,0.2237,9.9838,8.6637
Fri Jan 21 2028,1.6986,665.0,0.899,138.98,153.2906,152.0695,0.2219,14.3106,13.0895
Fri Jan 21 2028,1.6986,670.0,0.9057,140.05,149.6115,148.4908,0.2201,9.5615,8.4408
Fri Jan 21 2028,1.6986,675.0,0.9125,134.2,145.868,144.8676,0.218,11.668,10.6676
Fri Jan 21 2028,1.6986,680.0,0.9192,131.12,142.3276,141.4122,0.2165,11.2076,10.2922
Fri Jan 21 2028,1.6986,685.0,0.926,129.1,138.1738,137.4743,0.2129,9.0738,8.3743
Fri Jan 21 2028,1.6986,690.0,0.9327,126.5,135.1472,134.4427,0.2129,8.6472,7.9427
Fri Jan 21 2028,1.6986,695.0,0.9395,120.77,131.0303,130.5455,0.2093,10.2603,9.7755
Fri Jan 21 2028,1.6986,700.0,0.9463,119.24,127.181,126.8679,0.2065,7.941,7.6279
Fri Jan 21 2028,1.6986,705.0,0.953,113.97,124.5826,124.2043,0.2075,10.6126,10.2343
Fri Jan 21 2028,1.6986,710.0,0.9598,111.0,120.4287,120.2943,0.2036,9.4287,9.2943
Fri Jan 21 2028,1.6986,715.0,0.9665,106.0,117.0857,117.0455,0.2021,11.0857,11.0455
Fri Jan 21 2028,1.6986,720.0,0.9733,106.91,114.3161,114.2692,0.2022,7.4061,7.3592
Fri Jan 21 2028,1.6986,725.0,0.9801,101.0,110.2968,110.4863,0.1985,9.2968,9.4863
Fri Jan 21 2028,1.6986,730.0,0.9868,96.63,107.5727,107.7635,0.1985,10.9427,11.1335
Fri Jan 21 2028,1.6986,735.0,0.9936,95.1,103.6039,104.0341,0.1948,8.5039,8.9341
Fri Jan 21 2028,1.6986,740.0,1.0003,91.99,101.0672,101.481,0.1951,9.0772,9.491
Fri Jan 21 2028,1.6986,745.0,1.0071,89.01,97.1188,97.7815,0.1913,8.1088,8.7715
Fri Jan 21 2028,1.6986,750.0,1.0139,87.03,94.741,95.3757,0.1918,7.711,8.3457
Fri Jan 21 2028,1.6986,755.0,1.0206,82.36,91.4708,92.2468,0.1897,9.1108,9.8868
Fri Jan 21 2028,1.6986,760.0,1.0274,79.08,88.4197,89.3056,0.1881,9.3397,10.2256
Fri Jan 21 2028,1.6986,765.0,1.0341,71.95,85.3348,86.3445,0.1863,13.3848,14.3945
Fri Jan 21 2028,1.6986,770.0,1.0409,74.48,82.5129,83.6082,0.1851,8.0329,9.1282
Fri Jan 21 2028,1.6986,775.0,1.0477,71.5,79.4351,80.6694,0.1831,7.9351,9.1694
Fri Jan 21 2028,1.6986,780.0,1.0544,67.58,75.4183,76.9632,0.1785,7.8383,9.3832
Fri Jan 21 2028,1.6986,785.0,1.0612,61.09,73.7438,75.1997,0.18,12.6538,14.1097
Fri Jan 21 2028,1.6986,790.0,1.0679,63.05,70.9457,72.5169,0.1784,7.8957,9.4669
Fri Jan 21 2028,1.6986,795.0,1.0747,55.86,68.1929,69.8804,0.1768,12.3329,14.0204
Fri Jan 21 2028,1.6986,800.0,1.0814,58.94,65.4863,67.291,0.1752,6.5463,8.351
Fri Jan 21 2028,1.6986,805.0,1.0882,55.19,62.8268,64.7495,0.1736,7.6368,9.5595
Fri Jan 21 2028,1.6986,810.0,1.095,53.29,60.2539,62.2886,0.1721,6.9639,8.9986
Fri Jan 21 2028,1.6986,815.0,1.1017,51.46,57.73,59.8776,0.1706,6.27,8.4176
Fri Jan 21 2028,1.6986,820.0,1.1085,48.97,55.2559,57.5171,0.1691,6.2859,8.5471
Fri Jan 21 2028,1.6986,825.0,1.1152,46.71,52.8708,55.2396,0.1677,6.1608,8.5296
Fri Jan 21 2028,1.6986,830.0,1.122,43.79,50.537,53.0142,0.1663,6.747,9.2242
Fri Jan 21 2028,1.6986,835.0,1.1288,38.31,48.2551,50.8414,0.1649,9.9451,12.5314
Fri Jan 21 2028,1.6986,840.0,1.1355,39.52,46.0637,48.7531,0.1636,6.5437,9.2331
Fri Jan 21 2028,1.6986,845.0,1.1423,37.01,43.8873,46.6871,0.1622,6.8773,9.6771
Fri Jan 21 2028,1.6986,850.0,1.149,36.75,41.8399,44.7372,0.161,5.0899,7.9872
Fri Jan 21 2028,1.6986,855.0,1.1558,34.71,39.8456,42.8411,0.1598,5.1356,8.1311
Fri Jan 21 2028,1.6986,860.0,1.1626,31.83,37.9049,40.9992,0.1586,6.0749,9.1692
Fri Jan 21 2028,1.6986,865.0,1.1693,31.21,36.0179,39.2116,0.1574,4.8079,8.0016
Fri Jan 21 2028,1.6986,870.0,1.1761,28.54,34.2212,37.508,0.1563,5.6812,8.968
Fri Jan 21 2028,1.6986,875.0,1.1828,24.78,32.4778,35.8584,0.1552,7.6978,11.0784
Fri Jan 21 2028,1.6986,880.0,1.1896,25.87,30.8232,34.2912,0.1542,4.9532,8.4212
Fri Jan 21 2028,1.6986,885.0,1.1964,24.15,29.221,32.777,0.1532,5.071,8.627
Fri Jan 21 2028,1.6986,890.0,1.2031,20.78,27.7055,31.3431,0.1523,6.9255,10.5631
Fri Jan 21 2028,1.6986,895.0,1.2099,21.47,26.2408,29.9606,0.1514,4.7708,8.4906
Fri Jan 21 2028,1.6986,900.0,1.2166,20.11,24.8601,28.6556,0.1506,4.7501,8.5456
Fri Jan 21 2028,1.6986,905.0,1.2234,19.08,23.5283,27.4,0.1498,4.4483,8.32
Fri Jan 21 2028,1.6986,910.0,1.2301,16.84,22.2448,26.193,0.149,5.4048,9.353
Fri Jan 21 2028,1.6986,915.0,1.2369,16.21,21.0407,25.0591,0.1483,4.8307,8.8491
Fri Jan 21 2028,1.6986,920.0,1.2437,15.92,19.8825,23.9714,0.1476,3.9625,8.0514
Fri Jan 21 2028,1.6986,925.0,1.2504,13.91,18.7998,22.9526,0.147,4.8898,9.0426
Fri Jan 21 2028,1.6986,930.0,1.2572,14.66,17.7601,21.9771,0.1464,3.1001,7.3171
Fri Jan 21 2028,1.6986,935.0,1.2639,11.6,16.7625,21.0442,0.1458,5.1625,9.4442
Fri Jan 21 2028,1.6986,940.0,1.2707,10.94,15.8345,20.1742,0.1453,4.8945,9.2342
Fri Jan 21 2028,1.6986,945.0,1.2775,11.67,14.9455,19.3435,0.1448,3.2755,7.6735
Fri Jan 21 2028,1.6986,950.0,1.2842,11.7,14.0946,18.5512,0.1443,2.3946,6.8512
Fri Jan 21 2028,1.6986,955.0,1.291,9.47,13.307,17.8153,0.1439,3.837,8.3453
Fri Jan 21 2028,1.6986,960.0,1.2977,9.65,12.5541,17.1144,0.1435,2.9041,7.4644
Fri Jan 21 2028,1.6986,965.0,1.3045,9.65,11.8597,16.4652,0.1432,2.2097,6.8152
Fri Jan 21 2028,1.6986,970.0,1.3113,7.89,11.1726,15.8306,0.1428,3.2826,7.9406
Fri Jan 21 2028,1.6986,975.0,1.318,8.05,10.5405,15.2441,0.1425,2.4905,7.1941
Fri Jan 21 2028,1.6986,980.0,1.3248,8.0,9.9605,14.7026,0.1423,1.9605,6.7026
Fri Jan 21 2028,1.6986,985.0,1.3315,6.37,9.3855,14.1735,0.142,3.0155,7.8035
Fri Jan 21 2028,1.6986,990.0,1.3383,5.85,8.8592,13.6861,0.1418,3.0092,7.8361
Fri Jan 21 2028,1.6986,995.0,1.345,6.23,8.3581,13.2239,0.1416,2.1281,6.9939
Fri Jan 21 2028,1.6986,1000.0,1.3518,6.5,7.901,12.7986,0.1415,1.401,6.2986
Fri Jan 21 2028,1.6986,1005.0,1.3586,5.07,7.466,12.3955,0.1414,2.396,7.3255
Fri Jan 21 2028,1.6986,1010.0,1.3653,4.81,7.0521,12.0135,0.1413,2.2421,7.2035
Fri Jan 21 2028,1.6986,1015.0,1.3721,5.33,6.6585,11.6519,0.1412,1.3285,6.3219
Fri Jan 21 2028,1.6986,1020.0,1.3788,4.26,6.3019,11.3199,0.1412,2.0419,7.0599
Fri Jan 21 2028,1.6986,1025.0,1.3856,4.67,5.9627,11.0053,0.1412,1.2927,6.3353
Fri Jan 21 2028,1.6986,1030.0,1.3924,4.15,5.6403,10.7075,0.1412,1.4903,6.5575
Fri Jan 21 2028,1.6986,1035.0,1.3991,4.0,5.3339,10.4257,0.1412,1.3339,6.4257
Fri Jan 21 2028,1.6986,1040.0,1.4059,3.4,5.0581,10.1669,0.1413,1.6581,6.7669
Fri Jan 21 2028,1.6986,1050.0,1.4194,3.3,4.5324,9.6826,0.1414,1.2324,6.3826
Fri Jan 21 2028,1.6986,1060.0,1.4329,3.05,4.0981,9.2662,0.1418,1.0481,6.2162
Fri Jan 21 2028,1.6986,1070.0,1.4464,2.47,3.6928,8.8862,0.1421,1.2228,6.4162
Fri Jan 21 2028,1.6986,1075.0,1.4532,2.35,3.5112,8.713,0.1423,1.1612,6.363
Fri Jan 21 2028,1.6986,1080.0,1.46,2.5,3.3501,8.5522,0.1426,0.8501,6.0522
Fri Jan 21 2028,1.6986,1090.0,1.4735,2.25,3.0399,8.25,0.1431,0.7899,6.0
Fri Jan 21 2028,1.6986,1100.0,1.487,2.04,2.7592,7.9765,0.1436,0.7192,5.9365
Fri Jan 21 2028,1.6986,1110.0,1.5005,1.9,2.5336,7.7324,0.1444,0.6336,5.8324
Fri Jan 21 2028,1.6986,1120.0,1.514,1.72,2.3108,7.5065,0.145,0.5908,5.7865
Fri Jan 21 2028,1.6986,1130.0,1.5275,1.5,2.1253,7.3,0.1458,0.6253,5.8
Fri Jan 21 2028,1.6986,1140.0,1.5411,1.45,1.9565,7.1088,0.1466,0.5065,5.6588
Fri Jan 21 2028,1.6986,1150.0,1.5546,1.19,1.8102,6.9299,0.1475,0.6202,5.7399
Fri Jan 21 2028,1.6986,1160.0,1.5681,1.14,1.6629,6.7659,0.1482,0.5229,5.6259
Fri Jan 21 2028,1.6986,1170.0,1.5816,1.18,1.5482,6.6068,0.1492,0.3682,5.4268
Fri Jan 21 2028,1.6986,1180.0,1.5951,0.95,1.4433,6.4555,0.1502,0.4933,5.5055
Fri Jan 21 2028,1.6986,1190.0,1.6087,0.99,1.3355,6.3177,0.151,0.3455,5.3277
Fri Jan 21 2028,1.6986,1200.0,1.6222,0.92,1.2479,6.1802,0.152,0.3279,5.2602
Fri Jan 21 2028,1.6986,1210.0,1.6357,0.75,1.1521,6.0605,0.1527,0.4021,5.3105
Fri Jan 21 2028,1.6986,1220.0,1.6492,0.71,1.0693,5.9432,0.1535,0.3593,5.2332
Fri Jan 21 2028,1.6986,1230.0,1.6627,0.65,0.9981,5.8264,0.1544,0.3481,5.1764
Fri Jan 21 2028,1.6986,1240.0,1.6762,0.65,0.9283,5.7191,0.1552,0.2783,5.0691
Fri Jan 21 2028,1.6986,1250.0,1.6898,0.62,0.8643,5.616,0.156,0.2443,4.996
Fri Jan 21 2028,1.6986,1260.0,1.7033,0.6,0.8093,5.5106,0.1569,0.2093,4.9106
Fri Jan 21 2028,1.6986,1270.0,1.7168,0.53,0.7514,5.4206,0.1576,0.2214,4.8906
Fri Jan 21 2028,1.6986,1280.0,1.7303,0.52,0.7017,5.3273,0.1584,0.1817,4.8073
Fri Jan 21 2028,1.6986,1290.0,1.7438,0.49,0.656,5.2366,0.1592,0.166,4.7466
Fri Jan 21 2028,1.6986,1300.0,1.7574,0.37,0.5719,5.2494,0.1586,0.2019,4.8794
Fri Jan 21 2028,1.6986,1310.0,1.7709,0.3,0.5721,5.0685,0.1607,0.2721,4.7685
Fri Jan 21 2028,1.6986,1320.0,1.7844,0.35,0.5148,5.0455,0.1607,0.1648,4.6955
Fri Jan 21 2028,1.6986,1330.0,1.7979,0.37,0.5008,4.9075,0.1622,0.1308,4.5375
Fri Jan 21 2028,1.6986,1340.0,1.8114,0.36,0.4878,4.7672,0.1637,0.1278,4.4072
Fri Jun 16 2028,2.1014,155.0,0.2095,531.5,598.4404,595.6615,0.4403,66.9404,64.1615
Fri Jun 16 2028,2.1014,160.0,0.2163,528.53,594.0672,591.1038,0.4574,65.5372,62.5738
Fri Jun 16 2028,2.1014,165.0,0.223,518.92,589.4348,586.469,0.4415,70.5148,67.549
Fri Jun 16 2028,2.1014,180.0,0.2433,536.35,576.1351,572.8234,0.4535,39.7851,36.4734
Fri Jun 16 2028,2.1014,190.0,0.2568,547.55,567.1757,563.7088,0.449,19.6257,16.1588
Fri Jun 16 2028,2.1014,195.0,0.2636,502.05,562.6837,559.1491,0.4456,60.6337,57.0991
Fri Jun 16 2028,2.1014,200.0,0.2704,517.25,558.1923,554.5929,0.4421,40.9423,37.3429
Fri Jun 16 2028,2.1014,210.0,0.2839,522.04,549.2098,545.4907,0.4348,27.1698,23.4507
Fri Jun 16 2028,2.1014,225.0,0.3042,472.35,535.7447,531.8678,0.4237,63.3947,59.5178
Fri Jun 16 2028,2.1014,250.0,0.338,445.86,513.3176,509.2397,0.4049,67.4576,63.3797
Fri Jun 16 2028,2.1014,300.0,0.4055,386.99,468.8505,464.4737,0.3751,81.8605,77.4837
Fri Jun 16 2028,2.1014,320.0,0.4326,356.17,451.2346,446.7738,0.3651,95.0646,90.6038
Fri Jun 16 2028,2.1014,340.0,0.4596,368.5,433.4214,429.0135,0.351,64.9214,60.5135
Fri Jun 16 2028,2.1014,350.0,0.4731,356.37,424.7584,420.3068,0.3476,68.3884,63.9368
Fri Jun 16 2028,2.1014,360.0,0.4867,307.48,415.8793,411.4815,0.3408,108.3993,104.0015
Fri Jun 16 2028,2.1014,365.0,0.4934,303.43,411.4248,407.0652,0.3372,107.9948,103.6352
Fri Jun 16 2028,2.1014,370.0,0.5002,344.0,407.2299,402.8163,0.337,63.2299,58.8163
Fri Jun 16 2028,2.1014,375.0,0.5069,294.22,402.7956,398.4201,0.3336,108.5756,104.2001
Fri Jun 16 2028,2.1014,380.0,0.5137,327.23,398.369,394.0329,0.3303,71.139,66.8029
Fri Jun 16 2028,2.1014,385.0,0.5204,328.0,394.1968,389.8126,0.33,66.1968,61.8126
Fri Jun 16 2028,2.1014,390.0,0.5272,328.65,389.7679,385.4314,0.3266,61.1179,56.7814
Fri Jun 16 2028,2.1014,395.0,0.534,324.75,385.3384,381.0535,0.3232,60.5884,56.3035
Fri Jun 16 2028,2.1014,400.0,0.5407,348.6,381.1498,376.8364,0.3224,32.5498,28.2364
Fri Jun 16 2028,2.1014,405.0,0.5475,316.63,376.7342,372.4754,0.3191,60.1042,55.8454
Fri Jun 16 2028,2.1014,410.0,0.5542,320.8,372.3185,368.1179,0.3158,51.5185,47.3179
Fri Jun 16 2028,2.1014,415.0,0.561,306.84,368.1456,363.9246,0.3149,61.3056,57.0846
Fri Jun 16 2028,2.1014,420.0,0.5678,320.64,363.7452,359.585,0.3117,43.1052,38.945
Fri Jun 16 2028,2.1014,425.0,0.5745,298.42,359.3449,355.2492,0.3085,60.9249,56.8292
Fri Jun 16 2028,2.1014,430.0,0.5813,250.0,355.1982,351.0869,0.3076,105.1982,101.0869
Fri Jun 16 2028,2.1014,435.0,0.588,279.29,350.8036,346.7627,0.3044,71.5136,67.4727
Fri Jun 16 2028,2.1014,440.0,0.5948,328.0,346.678,342.6244,0.3035,18.678,14.6244
Fri Jun 16 2028,2.1014,445.0,0.6016,269.0,342.2893,338.3117,0.3003,73.2893,69.3117
Fri Jun 16 2028,2.1014,450.0,0.6083,323.5,338.1479,334.1723,0.2991,14.6479,10.6723
Fri Jun 16 2028,2.1014,455.0,0.6151,253.64,333.7771,329.8795,0.296,80.1371,76.2395
Fri Jun 16 2028,2.1014,460.0,0.6218,312.0,329.6418,325.7536,0.2947,17.6418,13.7536
Fri Jun 16 2028,2.1014,465.0,0.6286,287.99,325.277,321.4726,0.2916,37.287,33.4826
Fri Jun 16 2028,2.1014,470.0,0.6353,220.89,321.1603,317.3687,0.2903,100.2703,96.4787
Fri Jun 16 2028,2.1014,475.0,0.6421,303.0,317.0426,313.2694,0.2889,14.0426,10.2694
Fri Jun 16 2028,2.1014,480.0,0.6489,290.54,312.6893,309.0082,0.2858,22.1493,18.4682
Fri Jun 16 2028,2.1014,485.0,0.6556,282.5,308.6048,304.9414,0.2845,26.1048,22.4414
Fri Jun 16 2028,2.1014,490.0,0.6624,278.17,304.5188,300.8788,0.2831,26.3488,22.7088
Fri Jun 16 2028,2.1014,495.0,0.6691,273.0,300.1934,296.6491,0.2801,27.1934,23.6491
Fri Jun 16 2028,2.1014,500.0,0.6759,283.68,296.1107,292.5979,0.2786,12.4307,8.9179
Fri Jun 16 2028,2.1014,505.0,0.6827,256.03,292.0241,288.5488,0.277,35.9941,32.5188
Fri Jun 16 2028,2.1014,510.0,0.6894,260.2,287.9494,284.5134,0.2754,27.7494,24.3134
Fri Jun 16 2028,2.1014,515.0,0.6962,255.99,283.8869,280.4917,0.2738,27.8969,24.5017
Fri Jun 16 2028,2.1014,520.0,0.7029,241.28,279.569,276.2869,0.2707,38.289,35.0069
Fri Jun 16 2028,2.1014,525.0,0.7097,247.25,275.5248,272.2875,0.2691,28.2748,25.0375
Fri Jun 16 2028,2.1014,530.0,0.7165,233.18,271.4745,268.2884,0.2674,38.2945,35.1084
Fri Jun 16 2028,2.1014,535.0,0.7232,229.0,267.4363,264.3031,0.2657,38.4363,35.3031
Fri Jun 16 2028,2.1014,540.0,0.73,246.0,263.4103,260.3316,0.264,17.4103,14.3316
Fri Jun 16 2028,2.1014,545.0,0.7367,233.81,259.3968,256.3745,0.2623,25.5868,22.5645
Fri Jun 16 2028,2.1014,550.0,0.7435,236.8,255.3755,252.4161,0.2605,18.5755,15.6161
Fri Jun 16 2028,2.1014,555.0,0.7503,169.17,251.3661,248.4714,0.2587,82.1961,79.3014
Fri Jun 16 2028,2.1014,560.0,0.757,233.11,247.3475,244.5244,0.2568,14.2375,11.4144
Fri Jun 16 2028,2.1014,565.0,0.7638,212.19,243.5815,240.7747,0.256,31.3915,28.5847
Fri Jun 16 2028,2.1014,570.0,0.7705,204.5,239.5912,236.8591,0.2541,35.0912,32.3591
Fri Jun 16 2028,2.1014,575.0,0.7773,220.95,235.613,232.9573,0.2522,14.663,12.0073
Fri Jun 16 2028,2.1014,580.0,0.784,215.5,231.647,229.0697,0.2503,16.147,13.5697
Fri Jun 16 2028,2.1014,585.0,0.7908,215.38,227.6698,225.178,0.2483,12.2898,9.798
Fri Jun 16 2028,2.1014,590.0,0.7976,211.72,223.9717,221.5074,0.2474,12.2517,9.7874
Fri Jun 16 2028,2.1014,595.0,0.8043,172.0,220.0483,217.6673,0.2455,48.0483,45.6673
Fri Jun 16 2028,2.1014,600.0,0.8111,202.9,216.3408,214.0006,0.2444,13.4408,11.1006
Fri Jun 16 2028,2.1014,605.0,0.8178,168.6,212.3965,210.154,0.2423,43.7965,41.554
Fri Jun 16 2028,2.1014,610.0,0.8246,193.42,208.4644,206.3212,0.2402,15.0444,12.9012
Fri Jun 16 2028,2.1014,615.0,0.8314,193.56,204.7855,202.6927,0.239,11.2255,9.1327
Fri Jun 16 2028,2.1014,620.0,0.8381,176.4,201.1283,199.0869,0.2378,24.7283,22.6869
Fri Jun 16 2028,2.1014,625.0,0.8449,163.0,197.2149,195.2835,0.2356,34.2149,32.2835
Fri Jun 16 2028,2.1014,630.0,0.8516,182.65,193.5684,191.6968,0.2343,10.9184,9.0468
Fri Jun 16 2028,2.1014,635.0,0.8584,171.01,189.6844,187.9261,0.2321,18.6744,16.9161
Fri Jun 16 2028,2.1014,640.0,0.8652,173.4,186.0769,184.3811,0.2308,12.6769,10.9811
Fri Jun 16 2028,2.1014,645.0,0.8719,163.26,182.462,180.8357,0.2294,19.202,17.5757
Fri Jun 16 2028,2.1014,650.0,0.8787,164.82,178.8688,177.3133,0.228,14.0488,12.4933
Fri Jun 16 2028,2.1014,655.0,0.8854,161.0,175.2361,173.7646,0.2264,14.2361,12.7646
Fri Jun 16 2028,2.1014,660.0,0.8922,140.59,171.6553,170.2629,0.2249,31.0653,29.6729
Fri Jun 16 2028,2.1014,665.0,0.899,150.79,168.0646,166.7586,0.2233,17.2746,15.9686
Fri Jun 16 2028,2.1014,670.0,0.9057,145.53,164.4952,163.2771,0.2217,18.9652,17.7471
Fri Jun 16 2028,2.1014,675.0,0.9125,128.1,160.9149,159.792,0.22,32.8149,31.692
Fri Jun 16 2028,2.1014,680.0,0.9192,144.81,157.3891,156.3567,0.2184,12.5791,11.5467
Fri Jun 16 2028,2.1014,685.0,0.926,141.5,153.8523,152.9178,0.2167,12.3523,11.4178
Fri Jun 16 2028,2.1014,690.0,0.9327,139.79,150.3378,149.5026,0.215,10.5478,9.7126
Fri Jun 16 2028,2.1014,695.0,0.9395,135.27,146.8114,146.0829,0.2132,11.5414,10.8129
Fri Jun 16 2028,2.1014,700.0,0.9463,131.4,143.2722,142.6582,0.2113,11.8722,11.2582
Fri Jun 16 2028,2.1014,705.0,0.953,128.13,140.0396,139.4908,0.2102,11.9096,11.3608
Fri Jun 16 2028,2.1014,710.0,0.9598,125.35,136.5125,136.0871,0.2082,11.1625,10.7371
Fri Jun 16 2028,2.1014,715.0,0.9665,121.38,133.2265,132.8875,0.2068,11.8465,11.5075
Fri Jun 16 2028,2.1014,720.0,0.9733,116.65,129.821,129.595,0.205,13.171,12.945
Fri Jun 16 2028,2.1014,725.0,0.9801,103.18,126.5153,126.3909,0.2034,23.3353,23.2109
Fri Jun 16 2028,2.1014,730.0,0.9868,110.91,123.1994,123.1841,0.2017,12.2894,12.2741
Fri Jun 16 2028,2.1014,735.0,0.9936,109.19,119.9871,120.0691,0.2002,10.7971,10.8791
Fri Jun 16 2028,2.1014,740.0,1.0003,105.67,116.7272,116.9205,0.1985,11.0572,11.2505
Fri Jun 16 2028,2.1014,745.0,1.0071,86.58,113.6126,113.8988,0.1971,27.0326,27.3188
Fri Jun 16 2028,2.1014,750.0,1.0139,99.5,110.4117,110.8114,0.1954,10.9117,11.3114
Fri Jun 16 2028,2.1014,755.0,1.0206,92.2,107.1216,107.6556,0.1934,14.9216,15.4556
Fri Jun 16 2028,2.1014,760.0,1.0274,94.3,104.0601,104.6966,0.1919,9.7601,10.3966
Fri Jun 16 2028,2.1014,765.0,1.0341,79.44,101.0312,101.7714,0.1904,21.5912,22.3314
Fri Jun 16 2028,2.1014,770.0,1.0409,88.4,98.0357,98.8802,0.1889,9.6357,10.4802
Fri Jun 16 2028,2.1014,775.0,1.0477,84.98,95.0741,96.0241,0.1874,10.0941,11.0441
Fri Jun 16 2028,2.1014,780.0,1.0544,80.52,92.2708,93.3071,0.1862,11.7508,12.7871
Fri Jun 16 2028,2.1014,785.0,1.0612,81.2,89.4214,90.5582,0.1848,8.2214,9.3582
Fri Jun 16 2028,2.1014,790.0,1.0679,76.8,86.5251,87.7765,0.1832,9.7251,10.9765
Fri Jun 16 2028,2.1014,795.0,1.0747,75.6,83.9164,85.2432,0.1822,8.3164,9.6432
Fri Jun 16 2028,2.1014,800.0,1.0814,71.36,81.1364,82.5729,0.1807,9.7764,11.2129
Fri Jun 16 2028,2.1014,805.0,1.0882,50.03,78.3944,79.9414,0.1792,28.3644,29.9114
Fri Jun 16 2028,2.1014,810.0,1.095,62.66,75.7333,77.3851,0.1778,13.0733,14.7251
Fri Jun 16 2028,2.1014,815.0,1.1017,63.76,73.1119,74.8691,0.1764,9.3519,11.1091
Fri Jun 16 2028,2.1014,820.0,1.1085,47.62,70.488,72.3581,0.1749,22.868,24.7381
Fri Jun 16 2028,2.1014,825.0,1.1152,56.85,67.9475,69.9247,0.1735,11.0975,13.0747
Fri Jun 16 2028,2.1014,830.0,1.122,54.75,65.4486,67.5335,0.1721,10.6986,12.7835
Fri Jun 16 2028,2.1014,835.0,1.1288,45.43,63.0346,65.2212,0.1708,17.6046,19.7912
Fri Jun 16 2028,2.1014,840.0,1.1355,52.13,60.6205,62.9164,0.1694,8.4905,10.7864
Fri Jun 16 2028,2.1014,845.0,1.1423,50.15,58.3353,60.7273,0.1682,8.1853,10.5773
Fri Jun 16 2028,2.1014,850.0,1.149,49.28,56.0511,58.5469,0.1669,6.7711,9.2669
Fri Jun 16 2028,2.1014,855.0,1.1558,32.0,53.8113,56.4114,0.1656,21.8113,24.4114
Fri Jun 16 2028,2.1014,860.0,1.1626,40.84,51.6587,54.3569,0.1644,10.8187,13.5169
Fri Jun 16 2028,2.1014,865.0,1.1693,42.16,49.5511,52.3481,0.1632,7.3911,10.1881
Fri Jun 16 2028,2.1014,870.0,1.1761,32.37,47.4889,50.3853,0.162,15.1189,18.0153
Fri Jun 16 2028,2.1014,875.0,1.1828,38.26,45.5141,48.5036,0.1609,7.2541,10.2436
Fri Jun 16 2028,2.1014,880.0,1.1896,34.75,43.585,46.6681,0.1598,8.835,11.9181
Fri Jun 16 2028,2.1014,885.0,1.1964,34.84,41.7015,44.8788,0.1587,6.8615,10.0388
Fri Jun 16 2028,2.1014,890.0,1.2031,33.25,39.9049,43.17,0.1577,6.6549,9.92
Fri Jun 16 2028,2.1014,895.0,1.2099,29.59,38.1131,41.4735,0.1566,8.5231,11.8835
Fri Jun 16 2028,2.1014,900.0,1.2166,31.35,36.4078,39.857,0.1556,5.0578,8.507
Fri Jun 16 2028,2.1014,905.0,1.2234,25.62,34.7876,38.3191,0.1547,9.1676,12.6991
Fri Jun 16 2028,2.1014,910.0,1.2301,27.34,33.2512,36.8586,0.1539,5.9112,9.5186
Fri Jun 16 2028,2.1014,915.0,1.2369,25.97,31.7196,35.4102,0.153,5.7496,9.4402
Fri Jun 16 2028,2.1014,920.0,1.2437,25.92,30.2322,34.0065,0.1521,4.3122,8.0865
Fri Jun 16 2028,2.1014,925.0,1.2504,20.95,28.8266,32.6781,0.1513,7.8766,11.7281
Fri Jun 16 2028,2.1014,930.0,1.2572,22.23,27.4637,31.3928,0.1505,5.2337,9.1628
Fri Jun 16 2028,2.1014,935.0,1.2639,21.73,26.18,30.18,0.1498,4.45,8.45
Fri Jun 16 2028,2.1014,940.0,1.2707,20.87,24.9371,29.0084,0.1491,4.0671,8.1384
Fri Jun 16 2028,2.1014,945.0,1.2775,19.28,23.7701,27.9059,0.1485,4.4901,8.6259
Fri Jun 16 2028,2.1014,950.0,1.2842,18.0,22.6069,26.8148,0.1478,4.6069,8.8148
Fri Jun 16 2028,2.1014,955.0,1.291,15.64,21.5173,25.7904,0.1472,5.8773,10.1504
Fri Jun 16 2028,2.1014,960.0,1.2977,7.7,20.4653,24.8041,0.1466,12.7653,17.1041
Fri Jun 16 2028,2.1014,965.0,1.3045,15.3,19.4833,23.8807,0.1461,4.1833,8.5807
Fri Jun 16 2028,2.1014,970.0,1.3113,13.22,18.5362,22.9927,0.1456,5.3162,9.7727
Fri Jun 16 2028,2.1014,975.0,1.318,9.24,17.6235,22.1393,0.1451,8.3835,12.8993
Fri Jun 16 2028,2.1014,980.0,1.3248,12.01,16.7445,21.3199,0.1446,4.7345,9.3099
Fri Jun 16 2028,2.1014,985.0,1.3315,4.07,15.9287,20.5568,0.1442,11.8587,16.4868
Fri Jun 16 2028,2.1014,990.0,1.3383,9.75,15.1438,19.8247,0.1438,5.3938,10.0747
Fri Jun 16 2028,2.1014,995.0,1.345,6.55,14.3891,19.1231,0.1434,7.8391,12.5731
Fri Jun 16 2028,2.1014,1000.0,1.3518,11.15,13.692,18.4719,0.1431,2.542,7.3219
Fri Jun 16 2028,2.1014,1005.0,1.3586,5.56,13.0222,17.8483,0.1428,7.4622,12.2883
Fri Jun 16 2028,2.1014,1010.0,1.3653,5.35,12.3791,17.2514,0.1425,7.0291,11.9014
Fri Jun 16 2028,2.1014,1015.0,1.3721,6.09,11.7617,16.6806,0.1422,5.6717,10.5906
Fri Jun 16 2028,2.1014,1020.0,1.3788,2.7,11.195,16.1531,0.142,8.495,13.4531
Fri Jun 16 2028,2.1014,1025.0,1.3856,8.45,10.6513,15.6489,0.1418,2.2013,7.1989
Fri Jun 16 2028,2.1014,1030.0,1.3924,4.15,10.13,15.167,0.1416,5.98,11.017
Fri Jun 16 2028,2.1014,1040.0,1.4059,3.13,9.1745,14.2833,0.1413,6.0445,11.1533
Fri Jun 16 2028,2.1014,1045.0,1.4126,4.79,8.7377,13.8787,0.1412,3.9477,9.0887
Fri Jun 16 2028,2.1014,1050.0,1.4194,6.15,8.3192,13.4925,0.1411,2.1692,7.3425
Fri Jun 16 2028,2.1014,1060.0,1.4329,3.85,7.5349,12.773,0.1409,3.6849,8.923
Fri Jun 16 2028,2.1014,1070.0,1.4464,5.01,6.8552,12.1426,0.1409,1.8452,7.1326
Fri Jun 16 2028,2.1014,1080.0,1.46,2.4,6.2505,11.5795,0.141,3.8505,9.1795
Fri Jun 16 2028,2.1014,1090.0,1.4735,3.73,5.6964,11.0668,0.1411,1.9664,7.3368
Fri Jun 16 2028,2.1014,1100.0,1.487,4.0,5.2053,10.6088,0.1413,1.2053,6.6088
Fri Jun 16 2028,2.1014,1110.0,1.5005,3.47,4.7553,10.1917,0.1415,1.2853,6.7217
Fri Jun 16 2028,2.1014,1120.0,1.514,1.01,4.3721,9.8246,0.1419,3.3621,8.8146
Fri Jun 16 2028,2.1014,1130.0,1.5275,1.66,4.0205,9.4884,0.1423,2.3605,7.8284
Fri Jun 16 2028,2.1014,1140.0,1.5411,2.23,3.698,9.1807,0.1427,1.468,6.9507
Fri Jun 16 2028,2.1014,1150.0,1.5546,2.25,3.4264,8.9063,0.1433,1.1764,6.6563
Fri Jun 16 2028,2.1014,1160.0,1.5681,2.09,3.1766,8.6526,0.1439,1.0866,6.5626
Fri Jun 16 2028,2.1014,1170.0,1.5816,2.25,2.9576,8.4201,0.1446,0.7076,6.1701
Fri Jun 16 2028,2.1014,1180.0,1.5951,2.03,2.7455,8.2019,0.1452,0.7155,6.1719
Fri Jun 16 2028,2.1014,1190.0,1.6087,1.75,2.5698,8.0014,0.146,0.8198,6.2514
Fri Jun 16 2028,2.1014,1200.0,1.6222,1.8,2.3981,7.8125,0.1467,0.5981,6.0125
Fri Jun 16 2028,2.1014,1210.0,1.6357,1.51,2.2396,7.6355,0.1474,0.7296,6.1255
Fri Jun 16 2028,2.1014,1220.0,1.6492,1.45,2.1102,7.468,0.1483,0.6602,6.018
Fri Jun 16 2028,2.1014,1230.0,1.6627,0.83,1.9821,7.3094,0.1491,1.1521,6.4794
Fri Jun 16 2028,2.1014,1240.0,1.6762,1.05,1.8712,7.1572,0.15,0.8212,6.1072
Fri Jun 16 2028,2.1014,1250.0,1.6898,0.97,1.7683,7.0112,0.1509,0.7983,6.0412
Fri Jun 16 2028,2.1014,1260.0,1.7033,1.18,1.6656,6.8735,0.1517,0.4856,5.6935
Fri Jun 16 2028,2.1014,1270.0,1.7168,1.07,1.5771,6.7387,0.1526,0.5071,5.6687
Fri Jun 16 2028,2.1014,1280.0,1.7303,1.05,1.4947,6.6083,0.1535,0.4447,5.5583
Fri Jun 16 2028,2.1014,1290.0,1.7438,0.94,1.4119,6.4857,0.1543,0.4719,5.5457
Fri Jun 16 2028,2.1014,1300.0,1.7574,0.64,1.3408,6.3633,0.1552,0.7008,5.7233
Fri Jun 16 2028,2.1014,1310.0,1.7709,0.79,1.2744,6.244,0.1561,0.4844,5.454
Fri Jun 16 2028,2.1014,1320.0,1.7844,0.47,1.2125,6.1274,0.157,0.7425,5.6574
Fri Jun 16 2028,2.1014,1330.0,1.7979,0.34,1.1495,6.0184,0.1578,0.8095,5.6784
Fri Jun 16 2028,2.1014,1340.0,1.8114,0.48,1.0957,5.9066,0.1587,0.6157,5.4266
Fri Jun 16 2028,2.1014,1350.0,1.8249,0.66,1.0454,5.7965,0.1596,0.3854,5.1365
Fri Jun 16 2028,2.1014,1360.0,1.8385,0.72,0.9938,5.6941,0.1604,0.2738,4.9741
Fri Dec 15 2028,2.6,50.0,0.0676,672.5,700.898,699.5912,1.0994,28.398,27.0912
Fri Dec 15 2028,2.6,70.0,0.0946,619.49,680.5803,679.1652,0.8463,61.0903,59.6752
Fri Dec 15 2028,2.6,90.0,0.1217,585.88,661.9877,660.4309,0.7221,76.1077,74.5509
Fri Dec 15 2028,2.6,100.0,0.1352,611.22,652.3627,650.6638,0.6535,41.1427,39.4438
Fri Dec 15 2028,2.6,120.0,0.1622,568.5,632.8926,630.596,0.4841,64.3926,62.096
Fri Dec 15 2028,2.6,170.0,0.2298,568.8,588.4799,585.5593,0.4226,19.6799,16.7593
Fri Dec 15 2028,2.6,180.0,0.2433,563.77,579.8356,576.7139,0.4262,16.0656,12.9439
Fri Dec 15 2028,2.6,190.0,0.2568,556.79,570.959,567.7638,0.4149,14.169,10.9738
Fri Dec 15 2028,2.6,200.0,0.2704,540.27,562.323,558.9586,0.415,22.053,18.6886
Fri Dec 15 2028,2.6,230.0,0.3109,473.78,535.89,532.3311,0.3897,62.11,58.5511
Fri Dec 15 2028,2.6,250.0,0.338,419.93,518.396,514.7187,0.377,98.466,94.7887
Fri Dec 15 2028,2.6,270.0,0.365,439.04,501.09,497.2709,0.3682,62.05,58.2309
Fri Dec 15 2028,2.6,280.0,0.3785,432.21,492.388,488.5394,0.3622,60.178,56.3294
Fri Dec 15 2028,2.6,290.0,0.392,421.37,483.6862,479.822,0.3561,62.3162,58.452
Fri Dec 15 2028,2.6,300.0,0.4055,441.82,474.8852,471.0586,0.3481,33.0652,29.2386
Fri Dec 15 2028,2.6,310.0,0.4191,423.5,466.3701,462.4818,0.3452,42.8701,38.9818
Fri Dec 15 2028,2.6,320.0,0.4326,345.98,457.8486,453.9179,0.3417,111.8686,107.9379
Fri Dec 15 2028,2.6,330.0,0.4461,353.87,449.1872,445.2809,0.3358,95.3172,91.4109
Fri Dec 15 2028,2.6,335.0,0.4529,399.42,444.84,440.9572,0.3326,45.42,41.5372
Fri Dec 15 2028,2.6,340.0,0.4596,360.81,440.6386,436.7296,0.3314,79.8286,75.9196
Fri Dec 15 2028,2.6,345.0,0.4664,338.23,436.3173,432.4293,0.3285,98.0873,94.1993
Fri Dec 15 2028,2.6,350.0,0.4731,418.0,432.0989,428.1988,0.3269,14.0989,10.1988
Fri Dec 15 2028,2.6,355.0,0.4799,385.12,427.7981,423.9187,0.3242,42.6781,38.7987
Fri Dec 15 2028,2.6,360.0,0.4867,395.4,423.583,419.6982,0.3225,28.183,24.2982
Fri Dec 15 2028,2.6,365.0,0.4934,386.12,419.2099,415.3777,0.3189,33.0899,29.2577
Fri Dec 15 2028,2.6,370.0,0.5002,390.33,415.0657,411.2112,0.3179,24.7357,20.8812
Fri Dec 15 2028,2.6,375.0,0.5069,386.02,410.6926,406.8971,0.3143,24.6726,20.8771
Fri Dec 15 2028,2.6,380.0,0.5137,373.38,406.5626,402.748,0.3133,33.1826,29.368
Fri Dec 15 2028,2.6,385.0,0.5204,369.13,402.2379,398.4727,0.3102,33.1079,29.3427
Fri Dec 15 2028,2.6,390.0,0.5272,339.84,398.0836,394.3154,0.3088,58.2436,54.4754
Fri Dec 15 2028,2.6,395.0,0.534,360.89,393.9596,390.183,0.3076,33.0696,29.293
Fri Dec 15 2028,2.6,400.0,0.5407,367.5,389.609,385.9,0.3042,22.109,18.4
Fri Dec 15 2028,2.6,405.0,0.5475,361.0,385.4874,381.7771,0.3029,24.4874,20.7771
Fri Dec 15 2028,2.6,410.0,0.5542,366.0,381.3762,377.6657,0.3016,15.3762,11.6657
Fri Dec 15 2028,2.6,415.0,0.561,311.63,377.0514,373.4101,0.2984,65.4214,61.7801
Fri Dec 15 2028,2.6,420.0,0.5678,356.24,372.9537,369.3158,0.2971,16.7137,13.0758
Fri Dec 15 2028,2.6,425.0,0.5745,322.86,368.8541,365.2246,0.2957,45.9941,42.3646
Fri Dec 15 2028,2.6,430.0,0.5813,271.8,364.521,360.9729,0.2924,92.721,89.1729
Fri Dec 15 2028,2.6,435.0,0.588,270.36,360.4339,356.8979,0.291,90.0739,86.5379
Fri Dec 15 2028,2.6,440.0,0.5948,263.38,356.3569,352.8345,0.2896,92.9769,89.4545
Fri Dec 15 2028,2.6,445.0,0.6016,279.53,352.29,348.7827,0.2882,72.76,69.2527
Fri Dec 15 2028,2.6,450.0,0.6083,331.59,347.9764,344.5573,0.285,16.3864,12.9673
Fri Dec 15 2028,2.6,455.0,0.6151,301.73,343.9082,340.5119,0.2835,42.1782,38.7819
Fri Dec 15 2028,2.6,460.0,0.6218,292.4,339.8498,336.4778,0.282,47.4498,44.0778
Fri Dec 15 2028,2.6,465.0,0.6286,294.67,335.8011,332.4548,0.2805,41.1311,37.7848
Fri Dec 15 2028,2.6,470.0,0.6353,291.59,331.7464,328.4318,0.2789,40.1564,36.8418
Fri Dec 15 2028,2.6,475.0,0.6421,311.0,327.701,324.4193,0.2773,16.701,13.4193
Fri Dec 15 2028,2.6,480.0,0.6489,267.5,323.6648,320.4179,0.2757,56.1648,52.9179
Fri Dec 15 2028,2.6,485.0,0.6556,277.0,319.6381,316.4275,0.2741,42.6381,39.4275
Fri Dec 15 2028,2.6,490.0,0.6624,296.5,315.6033,312.4351,0.2724,19.1033,15.9351
Fri Dec 15 2028,2.6,495.0,0.6691,282.87,311.5774,308.453,0.2707,28.7074,25.583
Fri Dec 15 2028,2.6,500.0,0.6759,291.34,307.5603,304.4817,0.269,16.2203,13.1417
Fri Dec 15 2028,2.6,505.0,0.6827,283.74,303.5523,300.5211,0.2673,19.8123,16.7811
Fri Dec 15 2028,2.6,510.0,0.6894,270.88,299.5534,296.5712,0.2656,28.6734,25.6912
Fri Dec 15 2028,2.6,515.0,0.6962,276.93,295.5637,292.6323,0.2639,18.6337,15.7023
Fri Dec 15 2028,2.6,520.0,0.7029,275.52,291.5633,288.689,0.2621,16.0433,13.169
Fri Dec 15 2028,2.6,525.0,0.7097,269.21,287.5921,284.772,0.2604,18.3821,15.562
Fri Dec 15 2028,2.6,530.0,0.7165,262.53,283.6095,280.85,0.2586,21.0795,18.32
Fri Dec 15 2028,2.6,535.0,0.7232,252.54,279.8731,277.122,0.2579,27.3331,24.582
Fri Dec 15 2028,2.6,540.0,0.73,252.91,275.9134,273.2258,0.2561,23.0034,20.3158
Fri Dec 15 2028,2.6,545.0,0.7367,249.98,271.9403,269.323,0.2542,21.9603,19.343
Fri Dec 15 2028,2.6,550.0,0.7435,255.13,268.252,265.6461,0.2535,13.122,10.5161
Fri Dec 15 2028,2.6,555.0,0.7503,216.48,264.3014,261.7688,0.2516,47.8214,45.2888
Fri Dec 15 2028,2.6,560.0,0.757,247.0,260.3836,257.921,0.2498,13.3836,10.921
Fri Dec 15 2028,2.6,565.0,0.7638,182.71,256.6716,254.239,0.2488,73.9616,71.529
Fri Dec 15 2028,2.6,570.0,0.7705,232.0,252.7774,250.4177,0.247,20.7774,18.4177
Fri Dec 15 2028,2.6,575.0,0.7773,233.01,249.0975,246.7701,0.246,16.0875,13.7601
Fri Dec 15 2028,2.6,580.0,0.784,228.0,245.1757,242.9349,0.244,17.1757,14.9349
Fri Dec 15 2028,2.6,585.0,0.7908,226.48,241.5277,239.3215,0.243,15.0477,12.8415
Fri Dec 15 2028,2.6,590.0,0.7976,222.45,237.8987,235.728,0.242,15.4487,13.278
Fri Dec 15 2028,2.6,595.0,0.8043,208.0,234.0129,231.9334,0.24,26.0129,23.9334
Fri Dec 15 2028,2.6,600.0,0.8111,217.51,230.3891,228.3528,0.2389,12.8791,10.8428
Fri Dec 15 2028,2.6,605.0,0.8178,211.25,226.7552,224.7688,0.2377,15.5052,13.5188
Fri Dec 15 2028,2.6,610.0,0.8246,202.91,222.9061,221.0154,0.2357,19.9961,18.1054
Fri Dec 15 2028,2.6,615.0,0.8314,201.0,218.8306,217.0826,0.2329,17.8306,16.0826
Fri Dec 15 2028,2.6,620.0,0.8381,203.0,215.7199,213.9349,0.2333,12.7199,10.9349
Fri Dec 15 2028,2.6,625.0,0.8449,197.36,212.1237,210.399,0.232,14.7637,13.039
Fri Dec 15 2028,2.6,630.0,0.8516,194.39,208.5454,206.8819,0.2307,14.1554,12.4919
Fri Dec 15 2028,2.6,635.0,0.8584,190.55,204.9851,203.384,0.2294,14.4351,12.834
Fri Dec 15 2028,2.6,640.0,0.8652,189.01,201.4108,199.8792,0.228,12.4008,10.8692
Fri Dec 15 2028,2.6,645.0,0.8719,172.53,197.8541,196.3931,0.2266,25.3241,23.8631
Fri Dec 15 2028,2.6,650.0,0.8787,180.6,194.0823,192.7348,0.2245,13.4823,12.1348
Fri Dec 15 2028,2.6,655.0,0.8854,177.47,190.7944,189.4782,0.2238,13.3244,12.0082
Fri Dec 15 2028,2.6,660.0,0.8922,176.25,187.2577,186.0217,0.2223,11.0077,9.7717
Fri Dec 15 2028,2.6,665.0,0.899,173.0,183.9825,182.7856,0.2215,10.9825,9.7856
Fri Dec 15 2028,2.6,670.0,0.9057,161.57,180.4851,179.3706,0.22,18.9151,17.8006
Fri Dec 15 2028,2.6,675.0,0.9125,163.76,176.9702,175.9454,0.2184,13.2102,12.1854
Fri Dec 15 2028,2.6,680.0,0.9192,159.59,173.4731,172.5392,0.2168,13.8831,12.9492
Fri Dec 15 2028,2.6,685.0,0.926,155.64,170.2148,169.3361,0.2158,14.5748,13.6961
Fri Dec 15 2028,2.6,690.0,0.9327,154.04,166.757,165.9716,0.2142,12.717,11.9316
Fri Dec 15 2028,2.6,695.0,0.9395,148.17,162.7896,162.1862,0.2112,14.6196,14.0162
Fri Dec 15 2028,2.6,700.0,0.9463,149.5,160.0512,159.431,0.2114,10.5512,9.931
Fri Dec 15 2028,2.6,705.0,0.953,143.9,156.6916,156.1618,0.2099,12.7916,12.2618
Fri Dec 15 2028,2.6,710.0,0.9598,140.58,153.4312,152.9803,0.2086,12.8512,12.4003
Fri Dec 15 2028,2.6,715.0,0.9665,137.07,150.2336,149.8563,0.2074,13.1636,12.7863
Fri Dec 15 2028,2.6,720.0,0.9733,134.17,147.0605,146.7577,0.2062,12.8905,12.5877
Fri Dec 15 2028,2.6,725.0,0.9801,131.25,143.6686,143.4799,0.2044,12.4186,12.2299
Fri Dec 15 2028,2.6,730.0,0.9868,129.64,140.5017,140.3959,0.2031,10.8617,10.7559
Fri Dec 15 2028,2.6,735.0,0.9936,127.07,137.3594,137.3375,0.2018,10.2894,10.2675
Fri Dec 15 2028,2.6,740.0,1.0003,124.69,134.2422,134.3051,0.2005,9.5522,9.6151
Fri Dec 15 2028,2.6,745.0,1.0071,119.5,131.1082,131.2635,0.1991,11.6082,11.7635
Fri Dec 15 2028,2.6,750.0,1.0139,116.65,127.9992,128.2479,0.1977,11.3492,11.5979
Fri Dec 15 2028,2.6,755.0,1.0206,115.97,124.9158,125.2588,0.1963,8.9458,9.2888
Fri Dec 15 2028,2.6,760.0,1.0274,112.07,122.0756,122.4806,0.1954,10.0056,10.4106
Fri Dec 15 2028,2.6,765.0,1.0341,107.3,119.0026,119.5105,0.1939,11.7026,12.2105
Fri Dec 15 2028,2.6,770.0,1.0409,102.22,115.9558,116.5674,0.1924,13.7358,14.3474
Fri Dec 15 2028,2.6,775.0,1.0477,98.47,113.1582,113.8409,0.1914,14.6882,15.3709
Fri Dec 15 2028,2.6,780.0,1.0544,95.5,110.122,110.917,0.1898,14.622,15.417
Fri Dec 15 2028,2.6,785.0,1.0612,86.0,107.3386,108.2131,0.1887,21.3386,22.2131
Fri Dec 15 2028,2.6,790.0,1.0679,93.6,104.3586,105.3472,0.1871,10.7586,11.7472
Fri Dec 15 2028,2.6,795.0,1.0747,86.57,101.6354,102.7052,0.186,15.0654,16.1352
Fri Dec 15 2028,2.6,800.0,1.0814,86.88,99.5874,100.6434,0.1863,12.7074,13.7634
Fri Dec 15 2028,2.6,805.0,1.0882,84.95,96.1911,97.439,0.1836,11.2411,12.489
Fri Dec 15 2028,2.6,810.0,1.095,82.74,93.284,94.6564,0.1819,10.544,11.9164
Fri Dec 15 2028,2.6,815.0,1.1017,79.91,90.7337,92.1835,0.1809,10.8237,12.2735
Fri Dec 15 2028,2.6,820.0,1.1085,79.18,88.0763,89.6247,0.1796,8.8963,10.4447
Fri Dec 15 2028,2.6,825.0,1.1152,77.15,85.4516,87.0994,0.1783,8.3016,9.9494
Fri Dec 15 2028,2.6,830.0,1.122,73.67,82.8601,84.6081,0.177,9.1901,10.9381
Fri Dec 15 2028,2.6,835.0,1.1288,59.33,80.3023,82.1512,0.1757,20.9723,22.8212
Fri Dec 15 2028,2.6,840.0,1.1355,69.09,77.7787,79.7294,0.1744,8.6887,10.6394
Fri Dec 15 2028,2.6,845.0,1.1423,58.53,75.3373,77.3834,0.1732,16.8073,18.8534
Fri Dec 15 2028,2.6,850.0,1.149,60.05,72.9313,75.0735,0.172,12.8813,15.0235
Fri Dec 15 2028,2.6,855.0,1.1558,59.46,70.5611,72.8001,0.1708,11.1011,13.3401
Fri Dec 15 2028,2.6,860.0,1.1626,55.9,68.1794,70.5229,0.1695,12.2794,14.6229
Fri Dec 15 2028,2.6,865.0,1.1693,48.12,65.9295,68.3641,0.1684,17.8095,20.2441
Fri Dec 15 2028,2.6,870.0,1.1761,39.61,63.6691,66.2024,0.1672,24.0591,26.5924
Fri Dec 15 2028,2.6,875.0,1.1828,53.75,61.4935,64.1192,0.1661,7.7435,10.3692
Fri Dec 15 2028,2.6,880.0,1.1896,50.9,59.3083,62.034,0.1649,8.4083,11.134
Fri Dec 15 2028,2.6,885.0,1.1964,49.7,57.2557,60.0679,0.1639,7.5557,10.3679
Fri Dec 15 2028,2.6,890.0,1.2031,45.76,55.194,58.1003,0.1628,9.434,12.3403
Fri Dec 15 2028,2.6,895.0,1.2099,42.17,53.1709,56.1719,0.1617,11.0009,14.0019
Fri Dec 15 2028,2.6,900.0,1.2166,43.44,51.2334,54.3225,0.1607,7.7934,10.8825
Fri Dec 15 2028,2.6,905.0,1.2234,42.5,49.3345,52.5123,0.1597,6.8345,10.0123
Fri Dec 15 2028,2.6,910.0,1.2301,36.72,47.4745,50.7415,0.1587,10.7545,14.0215
Fri Dec 15 2028,2.6,915.0,1.2369,32.56,45.6534,49.0102,0.1577,13.0934,16.4502
Fri Dec 15 2028,2.6,920.0,1.2437,31.14,43.9171,47.3569,0.1568,12.7771,16.2169
Fri Dec 15 2028,2.6,925.0,1.2504,35.27,42.2193,45.7427,0.1559,6.9493,10.4727
Fri Dec 15 2028,2.6,930.0,1.2572,31.08,40.5602,44.1677,0.155,9.4802,13.0877
Fri Dec 15 2028,2.6,935.0,1.2639,30.65,38.9841,42.6689,0.1542,8.3341,12.0189
Fri Dec 15 2028,2.6,940.0,1.2707,29.45,37.4018,41.1716,0.1533,7.9518,11.7216
Fri Dec 15 2028,2.6,945.0,1.2775,29.51,35.9016,39.7496,0.1525,6.3916,10.2396
Fri Dec 15 2028,2.6,950.0,1.2842,29.35,34.439,38.3655,0.1517,5.089,9.0155
Fri Dec 15 2028,2.6,955.0,1.291,24.93,33.0564,37.0547,0.151,8.1264,12.1247
Fri Dec 15 2028,2.6,960.0,1.2977,23.52,31.7101,35.7806,0.1503,8.1901,12.2606
Fri Dec 15 2028,2.6,965.0,1.3045,24.88,30.3998,34.5428,0.1496,5.5198,9.6628
Fri Dec 15 2028,2.6,970.0,1.3113,21.7,29.1253,33.3412,0.1489,7.4253,11.6412
Fri Dec 15 2028,2.6,975.0,1.318,22.6,27.9267,32.2085,0.1483,5.3267,9.6085
Fri Dec 15 2028,2.6,980.0,1.3248,18.87,26.7222,31.0777,0.1476,7.8522,12.2077
Fri Dec 15 2028,2.6,985.0,1.3315,16.53,25.6311,30.0458,0.1471,9.1011,13.5158
Fri Dec 15 2028,2.6,990.0,1.3383,19.7,24.5334,29.0151,0.1465,4.8334,9.3151
Fri Dec 15 2028,2.6,995.0,1.345,11.45,23.5066,28.0481,0.146,12.0566,16.5981
Fri Dec 15 2028,2.6,1000.0,1.3518,18.65,22.4735,27.0827,0.1454,3.8235,8.4327
Fri Dec 15 2028,2.6,1005.0,1.3586,15.19,21.546,26.2082,0.145,6.356,11.0182
Fri Dec 15 2028,2.6,1010.0,1.3653,12.06,20.6113,25.3343,0.1445,8.5513,13.2743
Fri Dec 15 2028,2.6,1015.0,1.3721,9.55,19.7063,24.4903,0.144,10.1563,14.9403
Fri Dec 15 2028,2.6,1020.0,1.3788,15.7,18.8655,23.7033,0.1436,3.1655,8.0033
Fri Dec 15 2028,2.6,1025.0,1.3856,14.17,18.052,22.9438,0.1432,3.882,8.7738
Fri Dec 15 2028,2.6,1030.0,1.3924,11.92,17.2654,22.2116,0.1428,5.3454,10.2916
Fri Dec 15 2028,2.6,1035.0,1.3991,10.93,16.5381,21.5311,0.1425,5.6081,10.6011
Fri Dec 15 2028,2.6,1040.0,1.4059,12.26,15.8352,20.8752,0.1422,3.5752,8.6152
Fri Dec 15 2028,2.6,1050.0,1.4194,11.73,14.5006,19.6354,0.1416,2.7706,7.9054
Fri Dec 15 2028,2.6,1055.0,1.4262,10.1,13.8678,19.0503,0.1413,3.7678,8.9503
Fri Dec 15 2028,2.6,1060.0,1.4329,5.9,13.2573,18.4876,0.141,7.3573,12.5876
Fri Dec 15 2028,2.6,1065.0,1.4397,9.65,12.6974,17.968,0.1408,3.0474,8.318
Fri Dec 15 2028,2.6,1070.0,1.4464,8.96,12.1574,17.4683,0.1406,3.1974,8.5083
Fri Dec 15 2028,2.6,1075.0,1.4532,8.97,11.6367,16.9882,0.1404,2.6667,8.0182
Fri Dec 15 2028,2.6,1080.0,1.46,7.5,11.1349,16.527,0.1402,3.6349,9.027
Fri Dec 15 2028,2.6,1090.0,1.4735,4.55,10.237,15.6949,0.14,5.687,11.1449
Fri Dec 15 2028,2.6,1100.0,1.487,7.1,9.4034,14.9274,0.1398,2.3034,7.8274
Fri Dec 15 2028,2.6,1110.0,1.5005,4.41,8.6303,14.2206,0.1396,4.2203,9.8106
Fri Dec 15 2028,2.6,1120.0,1.514,6.25,7.9361,13.5849,0.1395,1.6861,7.3349
Fri Dec 15 2028,2.6,1130.0,1.5275,5.41,7.3141,13.0133,0.1395,1.9041,7.6033
Fri Dec 15 2028,2.6,1140.0,1.5411,2.84,6.7578,12.4993,0.1396,3.9178,9.6593
Fri Dec 15 2028,2.6,1150.0,1.5546,4.68,6.2422,12.0256,0.1397,1.5622,7.3456
Fri Dec 15 2028,2.6,1160.0,1.5681,2.96,5.7827,11.5995,0.1399,2.8227,8.6395
Fri Dec 15 2028,2.6,1170.0,1.5816,3.52,5.3567,11.2066,0.1401,1.8367,7.6866
Fri Dec 15 2028,2.6,1180.0,1.5951,3.56,4.9783,10.8524,0.1404,1.4183,7.2924
Fri Dec 15 2028,2.6,1190.0,1.6087,3.6,4.6272,10.525,0.1407,1.0272,6.925
Fri Dec 15 2028,2.6,1200.0,1.6222,3.29,4.3164,10.2287,0.1411,1.0264,6.9387
Fri Dec 15 2028,2.6,1210.0,1.6357,2.95,4.0564,9.9648,0.1417,1.1064,7.0148
Fri Dec 15 2028,2.6,1220.0,1.6492,2.04,3.7869,9.7083,0.1421,1.7469,7.6683
Fri Dec 15 2028,2.6,1230.0,1.6627,1.75,3.5495,9.4741,0.1426,1.7995,7.7241
Fri Dec 15 2028,2.6,1240.0,1.6762,2.22,3.3411,9.259,0.1432,1.1211,7.039
Fri Dec 15 2028,2.6,1250.0,1.6898,1.95,3.1468,9.057,0.1438,1.1968,7.107
Fri Dec 15 2028,2.6,1260.0,1.7033,2.05,2.9656,8.867,0.1444,0.9156,6.817
Fri Dec 15 2028,2.6,1270.0,1.7168,2.13,2.8075,8.6896,0.1451,0.6775,6.5596
Fri Dec 15 2028,2.6,1280.0,1.7303,2.05,2.6598,8.5214,0.1458,0.6098,6.4714
Fri Dec 15 2028,2.6,1290.0,1.7438,1.92,2.4717,8.3598,0.146,0.5517,6.4398
Fri Dec 15 2028,2.6,1300.0,1.7574,1.77,2.4119,8.2092,0.1474,0.6419,6.4392
Fri Dec 15 2028,2.6,1310.0,1.7709,1.57,2.2903,8.0631,0.1481,0.7203,6.4931
Fri Dec 15 2028,2.6,1320.0,1.7844,1.53,2.1853,7.9224,0.1489,0.6553,6.3924
Fri Dec 15 2028,2.6,1330.0,1.7979,1.53,2.0868,7.7867,0.1497,0.5568,6.2567
Fri Dec 15 2028,2.6,1340.0,1.8114,1.48,1.9944,7.6556,0.1505,0.5144,6.1756
Fri Dec 15 2028,2.6,1350.0,1.8249,1.45,1.9318,7.5219,0.1516,0.4818,6.0719
